configuration_id,strategy,K,selected_ex,median_reconstruction_error,p10_reconstruction_error,p90_reconstruction_error,worst_reconstruction_error,median_spectral_cosine,p10_spectral_cosine,worst_spectral_cosine,median_supported_fraction,median_unsupported_fraction,median_rho,minimum_rho,rho_ge_090_count,rho_ge_095_count,random_seed,minimum_spacing_nm
Random-K6-001,Random-fixed,6,325;455;535;580;640;695,0.2280578174077451,0.1792446723935008,0.44994773441494756,0.6038273582769398,0.9739962322451913,0.9082111251225464,0.7971248536636788,0.9910821884791516,0.008917811520848397,0.9770114942528736,0.9047619047619048,29,25,42,45
Random-K6-002,Random-fixed,6,465;540;565;600;655;690,0.27212078394260547,0.19455682252583134,0.5315165655359266,0.8389005461632751,0.9674113319554359,0.8737693572110926,0.788755486274883,0.8503253796095445,0.14967462039045554,0.645320197044335,0.24192665571975916,0,0,42,25
Random-K6-003,Random-fixed,6,355;445;535;590;630;660,0.2602145650056402,0.19544001964437513,0.5001360408707725,0.6010972002901218,0.9723903601422693,0.9120807072204622,0.8145630181931286,0.9746926970354303,0.025307302964569775,0.9709906951286261,0.906951286261631,29,25,42,30
Random-K6-004,Random-fixed,6,320;405;495;610;630;650,0.2227715265265892,0.17118836742438862,0.39143640579441086,0.5506116664473627,0.9756126348021866,0.9204892741485735,0.8361091257421918,0.9927693420101229,0.0072306579898770785,0.9819376026272578,0.926655719759168,29,27,42,20
Random-K6-005,Random-fixed,6,320;455;550;600;645;675,0.22836766768422456,0.17534539464298618,0.4253698271496321,0.6056880455435455,0.9740046632046152,0.9079658735821403,0.7958053590894213,0.9927693420101229,0.0072306579898770785,0.9742747673782157,0.9217296113847838,29,26,42,30
Random-K6-006,Random-fixed,6,310;360;495;565;595;675,0.26115296587301634,0.19335392799713821,0.4529943645938851,0.6038726744542169,0.9703371797933098,0.8995340469232833,0.7972194569727967,0.9966256929380574,0.003374307061942637,0.9523809523809524,0.8483853311439519,24,15,42,30
Random-K6-007,Random-fixed,6,320;375;440;495;615;650,0.19362252397791194,0.165337602940419,0.3628979205515145,0.5190792440592084,0.9811476764321533,0.9324470855568797,0.8549314783605588,0.9927693420101229,0.0072306579898770785,0.983032293377121,0.9529282977558841,29,29,42,35
Random-K6-008,Random-fixed,6,350;380;470;515;570;675,0.24201653839015247,0.19438244667997592,0.5098991232837665,0.6627323753787873,0.9749375790512413,0.904424474577124,0.7870206200421156,0.9852976620872499,0.01470233791275006,0.9786535303776682,0.9140667761357416,29,27,42,30
Random-K6-009,Random-fixed,6,425;450;560;600;630;690,0.31550987814432585,0.2072045659285658,0.5666075479372843,0.7521317219290152,0.9527985669603213,0.8652150948202519,0.7919647515123923,0.9419137141479874,0.05808628585201253,0.7312534209085934,0.29994526546250677,1,0,42,25
Random-K6-010,Random-fixed,6,300;355;390;600;620;690,0.24248054252136725,0.17686847960014768,0.4261738510126035,0.5482155220075697,0.9709005000650984,0.9098676113584018,0.8413184787600788,0.9983128464690287,0.0016871535309713184,0.9534756431308156,0.8330596606458676,23,16,42,20
Random-K6-011,Random-fixed,6,380;460;490;520;545;615,0.2188063645253258,0.18106647486078103,0.46848822924304945,0.6407817030851328,0.9757693618291147,0.887355143838953,0.8078911821565791,0.9549288985297663,0.04507110147023379,0.9474548440065682,0.7372742200328407,26,12,42,25
Random-K6-012,Random-fixed,6,325;460;510;545;630;680,0.22733320630108778,0.1803730611887793,0.4493131122875742,0.6108588795679623,0.9741513478382517,0.9087417163295278,0.7919696319133326,0.9910821884791516,0.008917811520848397,0.9759168035030105,0.909688013136289,29,25,42,35
Random-K6-013,Random-fixed,6,310;340;425;515;555;625,0.22019859017260657,0.17701456371511903,0.43572825885704,0.5517754789877622,0.9757624520007353,0.9191979909389717,0.8341530312864358,0.9966256929380574,0.003374307061942637,0.9666119321291735,0.9107827038861521,29,23,42,30
Random-K6-014,Random-fixed,6,310;390;450;610;630;680,0.21594071646512786,0.17026644234269347,0.4035119030342679,0.5535792367746372,0.97728816520823,0.9162449771579532,0.8339366799562054,0.9966256929380574,0.003374307061942637,0.9644225506294472,0.8894362342638205,28,23,42,20
Random-K6-015,Random-fixed,6,335;445;490;520;565;630,0.23855989288496435,0.18447288325547415,0.4873840751553211,0.5677778370724813,0.973150684237637,0.9082945772664452,0.8240179290359412,0.9891540130151844,0.010845986984815618,0.9792008757525997,0.9168035030103995,29,26,42,30
Random-K6-016,Random-fixed,6,305;350;380;440;465;620,0.1942782039499953,0.17084972925952585,0.3704854142656821,0.4860786196673114,0.9811033299963744,0.9336333122646799,0.8744131779117179,0.997589780670041,0.002410219329959026,0.9770114942528736,0.9354132457580733,29,27,42,25
Random-K6-017,Random-fixed,6,345;365;490;560;640;675,0.2639818124662023,0.19569072388040024,0.5401900297331572,0.6639287538715342,0.970763345618568,0.8965700248181444,0.7728436432028232,0.9930103639431188,0.0069896360568811764,0.960591133004926,0.8691844553913519,24,19,42,20
Random-K6-018,Random-fixed,6,370;405;445;545;575;700,0.21318719596014502,0.17471485120680375,0.466277280589611,0.6935810069630809,0.9771732350130281,0.8936690567121685,0.7931668325149505,0.9773439382983852,0.022656061701614848,0.9556650246305418,0.7580733442802408,27,18,42,30
Random-K6-019,Random-fixed,6,400;430;490;575;650;670,0.2833561059440933,0.1953197056364156,0.5736247859143404,0.7279471707255817,0.9626564357737137,0.8636985677747839,0.7903232062169753,0.96529284164859,0.03470715835140998,0.8686371100164203,0.5960591133004925,11,1,42,20
Random-K6-020,Random-fixed,6,380;460;555;580;600;625,0.2241891343107067,0.18423587239594666,0.4766861445588729,0.6539354304904536,0.9750915290054512,0.8825037216561964,0.7938230997970627,0.9549288985297663,0.04507110147023379,0.9469074986316366,0.7739463601532567,24,14,42,20
Random-K6-021,Random-fixed,6,335;375;430;485;580;605,0.20573921731010059,0.17477276020726784,0.41323682739784434,0.49992032836846195,0.9805046237326265,0.9342858068628519,0.866153887471173,0.9891540130151844,0.010845986984815618,0.9835796387520527,0.9365079365079365,29,27,42,25
Random-K6-022,Random-fixed,6,305;470;545;575;595;635,0.2287338817755464,0.18100766991116873,0.43328736014386543,0.6285498079638122,0.975246363641344,0.905937792757682,0.7792442859174943,0.997589780670041,0.002410219329959026,0.960591133004926,0.8544061302681991,26,18,42,20
Random-K6-023,Random-fixed,6,325;450;525;545;605;690,0.22736801369447343,0.1794785894834767,0.447160991938404,0.6032304885876941,0.974173120433043,0.9092083161422345,0.7980851251288331,0.9910821884791516,0.008917811520848397,0.9720853858784892,0.9173508483853311,29,25,42,20
Random-K6-024,Random-fixed,6,330;360;385;445;560;590,0.20500204538951616,0.16203693027810903,0.3741684080149093,0.5203454332551727,0.9805556225080555,0.9395558619780308,0.8544021642340421,0.9915642323451435,0.008435767654856591,0.975369458128079,0.9239189928845101,29,25,42,25
Random-K6-025,Random-fixed,6,410;455;510;540;660;700,0.27836154993362555,0.20813849785651184,0.6113590258064716,0.9010136945410073,0.9630359009424179,0.8480515602245992,0.7539192173134238,0.9438418896119547,0.056158110388045315,0.8357963875205253,0.49480021893814996,4,0,42,30
Random-K6-026,Random-fixed,6,320;340;420;485;505;620,0.22079780513354344,0.17893766131298677,0.4389454928399355,0.5616912607031282,0.9759902446672762,0.9201657352203096,0.828619761912591,0.9973487587370451,0.002651241262954929,0.9688013136288999,0.9178981937602627,29,24,42,20
Random-K6-027,Random-fixed,6,345;400;480;515;535;635,0.22682962514388885,0.17485018596811142,0.45517358423412074,0.5374421663520909,0.9771332678479752,0.9319399813788969,0.8439702360410685,0.9816823330923115,0.0183176669076886,0.9846743295019157,0.9261083743842365,29,27,42,20
Random-K6-028,Random-fixed,6,300;320;415;460;490;640,0.20671037064957787,0.16562654153261072,0.3758637953288098,0.5774745181407738,0.9784074371342,0.925021649660754,0.8165288342124989,0.9992769342010123,0.0007230657989877079,0.9835796387520527,0.9447181171319102,29,28,42,20
Random-K6-029,Random-fixed,6,330;350;420;440;565;590,0.20599329192577334,0.17214079648984748,0.4509209915876869,0.5513288915828762,0.9807866964164902,0.9262716282493694,0.8375267378757418,0.9951795613400819,0.004820438659918052,0.9775588396278051,0.9304871373836892,29,27,42,20
Random-K6-030,Random-fixed,6,330;410;525;575;655;695,0.22569466208869587,0.17613446124862195,0.44069760965861365,0.561924990447437,0.9762659884600903,0.920074486846479,0.8276650419202661,0.9893950349481803,0.010604965051819716,0.9819376026272578,0.9250136836343732,29,27,42,40
Random-K6-031,Random-fixed,6,395;425;475;510;625;700,0.2811988756535926,0.19826508069387858,0.5955197835979459,0.840768813043651,0.9609295280312238,0.8475823073250285,0.7606448766800306,0.9691491925765244,0.030850807423475537,0.8883415435139572,0.6261631089217295,14,3,42,30
Random-K6-032,Random-fixed,6,380;400;490;535;645;700,0.25802684571912565,0.19305679370492046,0.5374189086363687,0.6788637023443719,0.9664177355877996,0.85824137382182,0.7813926878641676,0.9795131356953483,0.020486864304651724,0.9480021893814996,0.7312534209085934,24,14,42,20
Random-K6-033,Random-fixed,6,345;405;460;635;665;690,0.22778159186861074,0.1775541867555205,0.4641336603052893,0.5444388414702046,0.9779888371395848,0.9295107755012861,0.8402838256742229,0.9816823330923115,0.0183176669076886,0.9852216748768472,0.9381499726327313,29,27,42,25
Random-K6-034,Random-fixed,6,305;350;430;495;520;645,0.2182980263355486,0.1856286939872559,0.44469715551212596,0.5672817205058216,0.9763102502838971,0.9113041831908685,0.8238736757881372,0.997589780670041,0.002410219329959026,0.9786535303776682,0.9529282977558841,29,29,42,25
Random-K6-035,Random-fixed,6,325;400;450;575;595;645,0.2053060227402501,0.16996883992098355,0.3850060581913934,0.5530690291782081,0.9787105542064285,0.926701094953551,0.8336058520691397,0.9910821884791516,0.008917811520848397,0.9737274220032841,0.8992884510125888,28,25,42,20
Random-K6-036,Random-fixed,6,320;350;375;590;620;660,0.24584088813142582,0.1739379286652818,0.4323060479214157,0.5508252374352268,0.976205920236631,0.9236986451996569,0.8372563356343193,0.9944564955410943,0.00554350445890576,0.9146141215106732,0.756431308155446,20,11,42,25
Random-K6-037,Random-fixed,6,310;375;415;440;615;695,0.19010313719535485,0.15981067971855856,0.3641433119325552,0.5034185486666415,0.9822198230722528,0.934372138857902,0.8641977181894356,0.9966256929380574,0.003374307061942637,0.9797482211275315,0.906951286261631,29,28,42,25
Random-K6-038,Random-fixed,6,300;355;385;415;450;660,0.17163541175241842,0.14319192937979539,0.4227657317089305,0.48911006922285777,0.9852563286967978,0.9294245537351081,0.872226286604923,0.9983128464690287,0.0016871535309713184,0.9764641488779421,0.9458128078817735,29,28,42,30
Random-K6-039,Random-fixed,6,390;470;520;565;605;665,0.23921273087268222,0.18852922930593685,0.5358548591060759,0.662811807561474,0.9714421885205007,0.8655478080687276,0.8006364636032576,0.9448059773439383,0.0551940226560617,0.9195402298850575,0.6288998357963875,18,5,42,40
Random-K6-040,Random-fixed,6,325;355;470;560;590;635,0.24791044554312164,0.19264189073233196,0.4898584988618938,0.5877831343870218,0.9749526522400205,0.907057699600633,0.8093245310204018,0.9930103639431188,0.0069896360568811764,0.9704433497536945,0.9157088122605364,29,26,42,30
Random-K6-041,Random-fixed,6,340;405;485;510;575;670,0.2265771600380079,0.17336934290292771,0.45464575937149715,0.5439086163928858,0.9770472823363583,0.9269461357582768,0.8393373932754974,0.9840925524222705,0.015907447577729574,0.9841269841269842,0.9370552818828681,29,27,42,25
Random-K6-042,Random-fixed,6,305;360;480;525;550;655,0.25022785454311647,0.1863824525715912,0.4476816081217407,0.5827437061056335,0.9714278935095632,0.8994930980929746,0.8136939055011098,0.997589780670041,0.002410219329959026,0.9584017515051997,0.8910782703886152,26,18,42,25
Random-K6-043,Random-fixed,6,300;365;455;540;585;680,0.22308816940307744,0.1800648804405382,0.42163855732259636,0.579358839754683,0.9754878523858784,0.9073955718024598,0.815563119859322,0.9983128464690287,0.0016871535309713184,0.9698960043787629,0.9206349206349206,29,26,42,45
Random-K6-044,Random-fixed,6,305;455;525;560;605;645,0.2300217405291716,0.18464599165305376,0.4363149797176326,0.6334667503633135,0.975226283816314,0.9063311144724515,0.7750975933646959,0.997589780670041,0.002410219329959026,0.9616858237547894,0.8839627805145046,28,18,42,35
Random-K6-045,Random-fixed,6,370;420;470;510;555;620,0.20198629768506704,0.16999748233934026,0.3837716695601167,0.597313853231033,0.9794448018360675,0.9262204484869127,0.8296041288953133,0.9681851048445409,0.03181489515545915,0.9540229885057472,0.7203065134099617,28,19,42,40
Random-K6-046,Random-fixed,6,335;430;455;480;655;700,0.23229457777910836,0.18133249438672167,0.46788336944923653,0.5343267252977324,0.9736328535399515,0.9139424771680947,0.8457889660557824,0.9891540130151844,0.010845986984815618,0.9835796387520527,0.9042145593869731,29,27,42,25
Random-K6-047,Random-fixed,6,375;395;490;590;675;695,0.2630677300836697,0.1923208176356601,0.5328342754390888,0.6727243813682201,0.9647783117409771,0.8533118717149647,0.7794224597327092,0.9824053988912991,0.017594601108700893,0.9573070607553366,0.7597153804050356,27,16,42,20
Random-K6-048,Random-fixed,6,320;360;390;455;505;560,0.2037076267437268,0.16823461096213072,0.35284261943493694,0.49364228703572616,0.9803475270786749,0.9374731526454066,0.8697926363979946,0.9927693420101229,0.0072306579898770785,0.9808429118773946,0.939792008757526,29,27,42,30
Random-K6-049,Random-fixed,6,350;405;515;620;645;695,0.24974686581357597,0.18940540873803613,0.4816047471180172,0.5721376735626311,0.9761440619853308,0.9264752727721478,0.8211331810711332,0.9787900698963605,0.021209930103639432,0.9786535303776682,0.9217296113847838,29,26,42,25
Random-K6-050,Random-fixed,6,305;330;385;405;575;645,0.20178524997786546,0.16199550438558305,0.3101031461098738,0.5155804722125407,0.9795284646995297,0.9501007266110212,0.8619691643864859,0.9983128464690287,0.0016871535309713184,0.9666119321291735,0.8675424192665572,28,21,42,20
Random-K6-051,Random-fixed,6,400;435;495;585;620;690,0.28334203781946143,0.19988465043578094,0.5967646065576684,0.8672251756728879,0.9601536015287186,0.8412878298850113,0.7531422066486845,0.96529284164859,0.03470715835140998,0.9080459770114943,0.5358511220580187,17,3,42,35
Random-K6-052,Random-fixed,6,310;370;405;495;640;700,0.21405400331821908,0.1666547105430116,0.37841172492417047,0.5274784387765341,0.9776758655850558,0.9262833183827153,0.8510528705214584,0.9966256929380574,0.003374307061942637,0.9737274220032841,0.9118773946360154,29,25,42,35
Random-K6-053,Random-fixed,6,300;330;415;460;530;675,0.2079821833367163,0.16393231566310873,0.3885494278377231,0.5749821470041978,0.9782619303398359,0.9256757713559514,0.8185346211951174,0.9983128464690287,0.0016871535309713184,0.9863163656267103,0.9490968801313627,29,28,42,30
Random-K6-054,Random-fixed,6,315;345;455;565;635;665,0.23380125170992258,0.1787172720688608,0.4730287819294975,0.5654838440341767,0.9759039167878057,0.9033323805691761,0.8259099152323021,0.9959026271390696,0.0040973728609303445,0.9792008757525997,0.9261083743842365,29,27,42,30
Random-K6-055,Random-fixed,6,395;495;530;555;605;690,0.26367491156793443,0.1914857247781849,0.5507102629692638,0.7030955535254475,0.9646719524974712,0.8610211114242418,0.7800377197729649,0.9397445167510243,0.06025548324897566,0.909688013136289,0.6436781609195401,17,6,42,25
Random-K6-056,Random-fixed,6,400;475;605;650;670;700,0.2670359442883215,0.18460646737499234,0.5518862248707039,0.6991493912127337,0.9659211262042714,0.8631679210703269,0.7845982600480493,0.9402265606170161,0.05977343938298385,0.8719211822660098,0.6382047071702245,10,2,42,20
Random-K6-057,Random-fixed,6,315;355;405;425;500;530,0.18473893305082603,0.1510279292513501,0.2969653066831176,0.48657388086724285,0.9849907750735464,0.9543962315050624,0.8752583410049248,0.9959026271390696,0.0040973728609303445,0.9781061850027366,0.9217296113847838,29,27,42,20
Random-K6-058,Random-fixed,6,405;425;445;485;515;610,0.28503695865535383,0.18667050469167631,0.5271599867940517,0.6071249052944226,0.9634920670186338,0.8855312995997432,0.8420848881315378,0.9611954687876597,0.03880453121234032,0.8221127531472359,0.5440613026819923,5,0,42,20
Random-K6-059,Random-fixed,6,455;525;570;620;650;690,0.2767791290477067,0.2010421449908761,0.5689502307120059,0.8728498758380495,0.9649474682610152,0.8662838379049681,0.7568917404481899,0.8765967703060978,0.12340322969390215,0.6611932129173508,0.3634373289545703,0,0,42,30
Random-K6-060,Random-fixed,6,360;465;510;550;615;635,0.25544304162084663,0.1973970183987068,0.46377710056553334,0.636124998256959,0.9721731163032259,0.9092933230964249,0.7962459217644164,0.9715594119064835,0.02844058809351651,0.9770114942528736,0.8981937602627257,28,23,42,20
Random-K6-061,Random-fixed,6,310;365;390;535;585;700,0.23428555046809457,0.17034171718563831,0.4033328608622989,0.5390825116574596,0.9739797042306714,0.9152658425065817,0.8440266949471731,0.9966256929380574,0.003374307061942637,0.9545703338806788,0.8226600985221675,26,16,42,25
Random-K6-062,Random-fixed,6,325;500;520;540;595;690,0.23885880187309116,0.1848989143113223,0.45684838255867444,0.5965255415134944,0.9731595584677132,0.9100992742389559,0.8043507341549354,0.9910821884791516,0.008917811520848397,0.9534756431308156,0.8505747126436781,25,16,42,20
Random-K6-063,Random-fixed,6,350;445;525;600;650;670,0.272774184510419,0.1981498705370174,0.5116376201428665,0.590088501233034,0.9716930117354315,0.9069839217724447,0.8161234918309164,0.9787900698963605,0.021209930103639432,0.9781061850027366,0.9173508483853311,29,27,42,20
Random-K6-064,Random-fixed,6,315;340;405;535;590;660,0.218953013583599,0.16801662185679103,0.3979552104206776,0.5531414279278578,0.9778781223575281,0.9306314866596066,0.8357193919941871,0.9971077368040492,0.0028922631959508315,0.9638752052545155,0.886152162014231,28,20,42,25
Random-K6-065,Random-fixed,6,300;350;480;520;540;700,0.26280003252313927,0.19394498063467572,0.5055976631786698,0.5994237053390891,0.97104699695421,0.886966019207823,0.8011719296795287,0.9983128464690287,0.0016871535309713184,0.9518336070060207,0.89272030651341,27,16,42,20
Random-K6-066,Random-fixed,6,345;390;485;505;550;615,0.24029629880959177,0.18380454683958414,0.4563398683272034,0.5328811279143496,0.9764681102782393,0.9309942569681224,0.8464459973866346,0.9816823330923115,0.0183176669076886,0.9781061850027366,0.8883415435139572,28,25,42,20
Random-K6-067,Random-fixed,6,325;450;480;555;575;610,0.22730392618845122,0.17818474550158303,0.4446662900082775,0.592558017326968,0.9745204014590085,0.9091184212297392,0.8065744647420677,0.9910821884791516,0.008917811520848397,0.9781061850027366,0.9151614668856047,29,26,42,20
Random-K6-068,Random-fixed,6,400;520;555;590;620;655,0.2826478782801951,0.18920225789151318,0.5601850630671991,0.7107273629730687,0.9600832721413165,0.855521073739545,0.7697779957969192,0.9402265606170161,0.05977343938298385,0.8850574712643678,0.6190476190476191,12,3,42,30
Random-K6-069,Random-fixed,6,325;360;425;645;665;690,0.22739967804717426,0.17177378617379965,0.4023202906034247,0.5301959695012435,0.9778136456737092,0.930718622695602,0.8490420564537031,0.9910821884791516,0.008917811520848397,0.9666119321291735,0.9058565955117679,29,24,42,20
Random-K6-070,Random-fixed,6,350;430;500;565;660;695,0.26958911590872575,0.1974908854030478,0.5176897065789946,0.5996653872756237,0.9688878094655851,0.9140255651833957,0.819034666767634,0.9787900698963605,0.021209930103639432,0.9824849480021893,0.9326765188834154,29,25,42,35
Random-K6-071,Random-fixed,6,300;510;555;620;665;685,0.2559730975674417,0.1859364378334016,0.46233266687591323,0.6406136238651005,0.9714188962746371,0.9042425479832676,0.7923012532842838,0.9983128464690287,0.0016871535309713184,0.9074986316365626,0.7728516694033934,15,1,42,20
Random-K6-072,Random-fixed,6,310;350;480;535;670;695,0.2631828568674573,0.19045260724043514,0.4974107115142406,0.5975751681291649,0.9715242261394534,0.8948411578156337,0.8022776880328388,0.9966256929380574,0.003374307061942637,0.9485495347564312,0.8576902025177887,25,13,42,25
Random-K6-073,Random-fixed,6,390;450;480;565;615;685,0.2294954233383014,0.18163603985426507,0.522466648662254,0.6378684530958283,0.9739697985346366,0.8751978549045174,0.8226115357759923,0.9448059773439383,0.0551940226560617,0.9168035030103995,0.6026272577996716,20,2,42,30
Random-K6-074,Random-fixed,6,335;440;500;570;605;655,0.23793161950477018,0.18402930600835335,0.49326004422425307,0.5811635910566246,0.9739022333155252,0.9097375247490634,0.8146147338105162,0.9891540130151844,0.010845986984815618,0.9808429118773946,0.9419813902572524,29,26,42,35
Random-K6-075,Random-fixed,6,310;345;545;580;615;700,0.2663227839423247,0.19216237304771402,0.5019858375759594,0.5796462923444534,0.9707255745223393,0.8979537429938955,0.8216167189912861,0.9966256929380574,0.003374307061942637,0.8960043787629994,0.5446086480569239,14,3,42,35
Random-K6-076,Random-fixed,6,305;340;410;555;635;655,0.21522511669376082,0.16382474692898358,0.40392109042049595,0.5510079902962658,0.9782005902149956,0.9266610808750304,0.8378898890704043,0.997589780670041,0.002410219329959026,0.967159277504105,0.8921729611384784,28,24,42,20
Random-K6-077,Random-fixed,6,300;375;420;560;605;665,0.21842364608101997,0.17533362224159638,0.4234915791094241,0.5613055997654604,0.9758675090049448,0.9127475024392625,0.8288697885167778,0.9983128464690287,0.0016871535309713184,0.9594964422550629,0.8899835796387521,27,20,42,45
Random-K6-078,Random-fixed,6,315;505;580;605;670;690,0.23495813323470013,0.17886770425002033,0.41585859749645887,0.6107686872042617,0.9720240303618451,0.9095885029728855,0.7988913957101584,0.9959026271390696,0.0040973728609303445,0.9080459770114943,0.7952928297755884,19,4,42,20
Random-K6-079,Random-fixed,6,335;515;575;595;655;675,0.25820635074642656,0.20212379055358198,0.5211767252132194,0.6002071819238821,0.9710057226601018,0.9051599712894755,0.8034629709979626,0.9891540130151844,0.010845986984815618,0.9321291735084838,0.8177339901477831,21,8,42,20
Random-K6-080,Random-fixed,6,310;350;370;405;500;605,0.19872636823660916,0.15544688132045822,0.3274070220315611,0.49567514448950156,0.9817381206440218,0.9467442541998878,0.8706185762695574,0.9966256929380574,0.003374307061942637,0.9633278598795839,0.9003831417624522,29,22,42,20
Random-K6-081,Random-fixed,6,325;360;470;585;620;695,0.2456826458679982,0.1915082802275364,0.45365676800036026,0.5724647808414337,0.9754110617343349,0.916509255670045,0.819947511672967,0.9910821884791516,0.008917811520848397,0.9764641488779421,0.9321291735084838,29,26,42,35
Random-K6-082,Random-fixed,6,460;480;525;560;595;680,0.26733259880642224,0.18494654097096877,0.5127119627463372,0.7762091159848298,0.9685414378015919,0.8769546525300553,0.8006596184619285,0.8987707881417208,0.1012292118582791,0.6042692939244664,0.3305966064586754,0,0,42,20
Random-K6-083,Random-fixed,6,355;380;460;485;585;645,0.24510872843025863,0.18622722997781113,0.5097773261652646,0.6740266082683922,0.9733555063266233,0.8852993492890392,0.7912814750605106,0.9889129910821884,0.01108700891781152,0.9792008757525997,0.8949096880131362,28,27,42,25
Random-K6-084,Random-fixed,6,380;455;500;525;610;670,0.21028702356566434,0.1843679061346457,0.4647816767761374,0.6459093268995247,0.9776398234151971,0.8905441705581416,0.8052704210728697,0.9549288985297663,0.04507110147023379,0.9490968801313627,0.7405582922824301,28,13,42,25
Random-K6-085,Random-fixed,6,375;410;465;515;550;665,0.23891778124871815,0.1828347273664078,0.5250182894236907,0.7678628457426323,0.9710469598213955,0.8652323512022498,0.7628507751088465,0.9739696312364425,0.026030368763557483,0.9419813902572524,0.5944170771756979,26,10,42,35
Random-K6-086,Random-fixed,6,345;460;495;570;645;685,0.2525968264674882,0.19136385969369157,0.4996929372835045,0.6192226735437353,0.9734392349259815,0.9029582264123266,0.8163059354589174,0.9816823330923115,0.0183176669076886,0.9786535303776682,0.9195402298850575,29,26,42,35
Random-K6-087,Random-fixed,6,330;355;415;445;655;685,0.20561384781402228,0.16176885777989508,0.4183707185096096,0.5380742136884336,0.981175343743803,0.9336213320897463,0.845387187012526,0.9934924078091106,0.006507592190889371,0.9759168035030105,0.939792008757526,29,28,42,25
Random-K6-088,Random-fixed,6,345;440;460;535;635;675,0.24895909837875563,0.18851176793801402,0.4827131060965406,0.578870129152575,0.972106859057249,0.9094026290745949,0.8397477982817133,0.9816823330923115,0.0183176669076886,0.9863163656267103,0.9370552818828681,29,26,42,20
Random-K6-089,Random-fixed,6,310;405;460;500;640;700,0.2136343583347693,0.1706218832857697,0.4028183299455216,0.5705797388406815,0.9789040559510379,0.9183095461636015,0.8213428533192052,0.9966256929380574,0.003374307061942637,0.9742747673782157,0.8806787082649151,28,24,42,40
Random-K6-090,Random-fixed,6,470;490;510;535;570;595,0.26587302395204676,0.1836059723764922,0.5760363823682172,0.827609653824021,0.9656966653115182,0.8768921358519419,0.8160999638560582,0.8845504940949627,0.11544950590503736,0.5840175150519978,0.2851669403393541,0,0,42,20
Random-K6-091,Random-fixed,6,360;415;465;515;565;695,0.21611197770702745,0.17644565380827293,0.355651342580878,0.5989216346429338,0.9795042661929978,0.9394563559222499,0.8257656626489046,0.9715594119064835,0.02844058809351651,0.9786535303776682,0.9014778325123153,29,27,42,50
Random-K6-092,Random-fixed,6,340;485;550;620;640;670,0.2791750762630894,0.1941993972333116,0.5195313516619019,0.6072442654164105,0.9700051330769022,0.9019522801271396,0.7970670739422401,0.9840925524222705,0.015907447577729574,0.9474548440065682,0.8516694033935412,23,13,42,20
Random-K6-093,Random-fixed,6,375;410;450;505;625;700,0.22567185483781238,0.18088855258983552,0.5148019003329355,0.7692149716936666,0.9744517937051803,0.8748648747066193,0.7746713318704532,0.9739696312364425,0.026030368763557483,0.9392446633825944,0.5670498084291188,25,10,42,35
Random-K6-094,Random-fixed,6,315;335;420;530;610;630,0.22197955814746442,0.17971458616130462,0.42581692942243043,0.5628087570502319,0.9755024951881789,0.9214557998166281,0.8266168350984475,0.9980718245360328,0.001928175463967221,0.9633278598795839,0.9064039408866994,29,20,42,20
Random-K6-095,Random-fixed,6,300;335;470;575;630;655,0.22349996487282386,0.17952560923223326,0.4865630898960263,0.6041632284059237,0.9761263429825476,0.9040564050678606,0.7975801576096746,0.9983128464690287,0.0016871535309713184,0.9649698960043787,0.9036672140120415,29,21,42,25
Random-K6-096,Random-fixed,6,335;360;400;510;545;585,0.23462677612756339,0.174698890382653,0.4353294286696462,0.5673894839870407,0.9775716583819318,0.928726629192424,0.8252859335163928,0.9937334297421065,0.006266570257893469,0.9748221127531472,0.9064039408866994,29,23,42,25
Random-K6-097,Random-fixed,6,395;445;465;570;595;625,0.2458724106506161,0.18717855375857653,0.5628894833797438,0.801935195441767,0.9703895156724464,0.8543282073096786,0.7767467027459541,0.9460110870089178,0.05398891299108219,0.9036672140120415,0.5730706075533661,17,4,42,20
Random-K6-098,Random-fixed,6,300;380;430;540;575;620,0.21481309264671675,0.1727560864863802,0.42305478426129556,0.5576877787373381,0.9770835833376893,0.9153356365017413,0.8340329748415196,0.9983128464690287,0.0016871535309713184,0.9693486590038315,0.9184455391351943,29,25,42,35
Random-K6-099,Random-fixed,6,425;495;585;630;670;690,0.29666986504636617,0.19657373569255113,0.5727841105323755,0.8016430449188768,0.9596238980662859,0.8677255639532941,0.7751233113997132,0.9028681610026512,0.09713183899734876,0.7389162561576355,0.11767925561029009,1,0,42,20
Random-K6-100,Random-fixed,6,340;420;455;485;515;640,0.21842352422822162,0.17646548180753566,0.4530263817632473,0.5363594019917975,0.9770966154862946,0.9208456106106373,0.8483584787762615,0.9840925524222705,0.015907447577729574,0.9835796387520527,0.9146141215106732,29,27,42,30
Random-K6-101,Random-fixed,6,345;370;425;490;645;680,0.22510368309689083,0.18013646262238792,0.4908329258871606,0.6023129600991416,0.9758180232911192,0.9096923782201332,0.8183969048554519,0.9906001446131598,0.009399855386840203,0.9720853858784892,0.9058565955117679,29,25,42,25
Random-K6-102,Random-fixed,6,355;375;400;435;515;700,0.22536593184798745,0.17772592186234187,0.41679960952834627,0.6411797899058173,0.9759639026938468,0.9170675935849758,0.8197512445640408,0.9918052542781393,0.008194745721860689,0.9792008757525997,0.9255610290093048,29,28,42,20
Random-K6-103,Random-fixed,6,375;395;540;605;625;650,0.2663651628923771,0.19632631922638363,0.5419864836997,0.6790464911844385,0.964286609026721,0.8461622232964887,0.7702937738306797,0.9824053988912991,0.017594601108700893,0.9359605911330049,0.7936507936507936,24,10,42,20
Random-K6-104,Random-fixed,6,315;430;520;575;605;690,0.2170505570535159,0.17678192988367286,0.4032864109698585,0.5881442031430044,0.9762926387814783,0.9144676077585437,0.8106642861607368,0.9959026271390696,0.0040973728609303445,0.9709906951286261,0.9244663382594416,29,23,42,30
Random-K6-105,Random-fixed,6,400;460;495;565;605;655,0.2582878808881583,0.17927168343600347,0.5394945974655365,0.6759776777008748,0.9693377208282117,0.8715553730013038,0.8080840972074002,0.9402265606170161,0.05977343938298385,0.8795840175150519,0.5451559934318555,10,1,42,35
Random-K6-106,Random-fixed,6,335;425;450;520;550;640,0.22683147366293097,0.18117176919908062,0.4595701142661064,0.5361764841919937,0.9749499040250255,0.9176113363005877,0.8449818245612161,0.9891540130151844,0.010845986984815618,0.9731800766283524,0.9354132457580733,29,27,42,25
Random-K6-107,Random-fixed,6,305;435;530;550;650;685,0.2268848662110426,0.1809751522731065,0.43531564444762944,0.6237717072900877,0.9750489570988696,0.9062736897851456,0.7833972826164132,0.997589780670041,0.002410219329959026,0.9726327312534209,0.9195402298850575,29,23,42,20
Random-K6-108,Random-fixed,6,305;370;410;535;585;675,0.21333528657032488,0.16890984039966847,0.3923175466875944,0.5430916754933803,0.9777102523561714,0.9216338687429618,0.8411573916158185,0.997589780670041,0.002410219329959026,0.9666119321291735,0.9233716475095786,29,24,42,40
Random-K6-109,Random-fixed,6,300;370;415;475;530;605,0.20667657440888587,0.16592257083038314,0.3932126882758551,0.5297698298618765,0.9791286486076881,0.9267102901550947,0.8512054904156048,0.9983128464690287,0.0016871535309713184,0.980295566502463,0.9507389162561576,29,29,42,45
Random-K6-110,Random-fixed,6,450;500;540;590;630;690,0.302487130597647,0.21295887660810744,0.5953433060084028,0.9906469048366776,0.9587221583738378,0.8624686613088893,0.7578549111733575,0.9125090383224873,0.08749096167751265,0.6978653530377669,0.26655719759168034,0,0,42,40
Random-K6-111,Random-fixed,6,320;350;475;535;600;650,0.23847442133418834,0.19442413843142645,0.5036177286801028,0.6002734223972748,0.9731119651753374,0.898338265543738,0.8000276759066938,0.9944564955410943,0.00554350445890576,0.967159277504105,0.909688013136289,29,23,42,30
Random-K6-112,Random-fixed,6,335;445;495;550;655;690,0.24373417303482225,0.18413211893194215,0.4953937047166635,0.5835075412981188,0.9717692127412277,0.9073834382329483,0.8133707408198024,0.9891540130151844,0.010845986984815618,0.9737274220032841,0.909688013136289,29,26,42,35
Random-K6-113,Random-fixed,6,300;355;440;545;590;670,0.24672875535226774,0.18521610309689096,0.4525288186411298,0.5885170682742082,0.9708132166626298,0.8997397512294667,0.8088034159589103,0.9983128464690287,0.0016871535309713184,0.9797482211275315,0.9299397920087575,29,28,42,45
Random-K6-114,Random-fixed,6,405;460;480;615;635;685,0.26868812843378925,0.20303775821201367,0.5884072911390832,0.7967842250475987,0.9657439634896728,0.8540791546143364,0.776038202200501,0.9351651000241022,0.06483489997589781,0.8368910782703886,0.5024630541871921,3,0,42,20
Random-K6-115,Random-fixed,6,325;380;505;540;620;695,0.22904584912388837,0.175387485395672,0.4081112611548986,0.5516195541398805,0.9751815049582414,0.9240527984849163,0.838391860746089,0.9910821884791516,0.008917811520848397,0.9655172413793103,0.8451012588943623,26,19,42,35
Random-K6-116,Random-fixed,6,310;330;445;465;665;695,0.22572271972584756,0.1724760658174489,0.4627447627164296,0.5682029023680807,0.9742331173225413,0.9078871752130337,0.8230741456998751,0.9983128464690287,0.0016871535309713184,0.9693486590038315,0.9282977558839628,29,24,42,20
Random-K6-117,Random-fixed,6,300;515;565;585;635;700,0.2522275136315252,0.1833150849534993,0.46202592464249453,0.6402041794783113,0.971285736282254,0.9046658244443824,0.7930031624166392,0.9983128464690287,0.0016871535309713184,0.9025725232621784,0.7224958949096879,16,1,42,20
Random-K6-118,Random-fixed,6,330;385;475;540;635;690,0.2184641603384748,0.17075287797939798,0.40264290313778067,0.5454689180872222,0.9783411988215478,0.9300982964495412,0.8389503186648503,0.9893950349481803,0.010604965051819716,0.9792008757525997,0.8932676518883416,28,26,42,55
Random-K6-119,Random-fixed,6,305;440;490;570;595;670,0.22703836427697388,0.17832004400255938,0.43618960913167076,0.6364723744183864,0.9753767841785603,0.9066751715167864,0.7712995292101055,0.997589780670041,0.002410219329959026,0.9759168035030105,0.9003831417624522,29,23,42,25
Random-K6-120,Random-fixed,6,405;475;575;605;635;670,0.27598011433811526,0.1877627261260869,0.5666428691222907,0.6823760693182527,0.9638455200601432,0.8645097923647354,0.7994744118871491,0.9281754639672211,0.07182453603277898,0.8429118773946359,0.6157635467980295,6,0,42,30
Random-K6-121,Random-fixed,6,330;375;415;515;640;695,0.20876399624510888,0.16545264115503025,0.3830014371296712,0.5166684843178959,0.9787674495688076,0.9363533984874092,0.8564041627781452,0.9893950349481803,0.010604965051819716,0.9874110563765736,0.9370552818828681,29,27,42,40
Random-K6-122,Random-fixed,6,430;485;540;560;610;695,0.30621896305809704,0.19561735258019955,0.5800185039866039,0.8898508487381925,0.9577342546352801,0.8670303181042048,0.7679284430596478,0.920703784044348,0.07929621595565196,0.6951286261631088,0.174055829228243,0,0,42,20
Random-K6-123,Random-fixed,6,335;370;505;575;635;690,0.2514796396178955,0.18559366533434982,0.45291907491953726,0.5493236708828404,0.9725758011689251,0.9246579731307754,0.8387153947266623,0.9891540130151844,0.010845986984815618,0.9414340448823207,0.8434592227695675,22,13,42,35
Random-K6-124,Random-fixed,6,330;355;395;455;515;650,0.2130820258201426,0.17498067385529906,0.4187218624210198,0.5401935192819386,0.9776558857187576,0.9328232489962353,0.844467841571736,0.9934924078091106,0.006507592190889371,0.9792008757525997,0.9337712096332785,29,28,42,25
Random-K6-125,Random-fixed,6,305;410;475;510;565;685,0.2191695743202619,0.18046939911218027,0.427342919494354,0.5753262010209617,0.977144964706812,0.9117650807836782,0.8191536901217807,0.997589780670041,0.002410219329959026,0.9748221127531472,0.886152162014231,27,23,42,35
Random-K6-126,Random-fixed,6,460;490;565;635;655;695,0.27458616980326056,0.18230013063414438,0.5222132272991071,0.7877501971894736,0.9660534010072388,0.8704424648983053,0.7896523378427602,0.8987707881417208,0.1012292118582791,0.6338259441707716,0.2846195949644226,0,0,42,20
Random-K6-127,Random-fixed,6,395;415;500;625;650;700,0.27740826678165126,0.19228336100596652,0.5453853404358369,0.6924279218006782,0.9617807933450081,0.8681954647729865,0.7890052303893073,0.9691491925765244,0.030850807423475537,0.9053092501368363,0.6743295019157088,16,6,42,20
Random-K6-128,Random-fixed,6,305;390;420;440;555;645,0.21236445906971652,0.1773415812439066,0.4216311355109589,0.5376700723100254,0.9779824443590754,0.9171822982505599,0.8431569162395429,0.997589780670041,0.002410219329959026,0.9611384783798578,0.8910782703886152,28,24,42,20
Random-K6-129,Random-fixed,6,300;330;410;430;535;635,0.20195704532585274,0.16546320263513858,0.367976308285253,0.5343922828118232,0.979653071643889,0.9326441112422619,0.8465959203704201,0.9983128464690287,0.0016871535309713184,0.9835796387520527,0.9343185550082101,29,27,42,20
Random-K6-130,Random-fixed,6,380;460;515;560;650;685,0.22071136641410238,0.1847754792776356,0.4708626472089966,0.6557868031729595,0.9753551364185523,0.8862135851129808,0.7964837710374287,0.9549288985297663,0.04507110147023379,0.9490968801313627,0.7794198139025725,25,14,42,35
Random-K6-131,Random-fixed,6,330;365;385;445;500;550,0.19809277762708055,0.16107442761812396,0.328196748385018,0.48139396759824793,0.9816466896904189,0.9497881710504162,0.8765944069310901,0.9893950349481803,0.010604965051819716,0.9759168035030105,0.9184455391351943,29,24,42,20
Random-K6-132,Random-fixed,6,310;355;465;500;645;680,0.23260172790375813,0.18410031656618744,0.4620913761877454,0.5676264882688655,0.9737567591719272,0.9035810206033656,0.8250195928643518,0.9966256929380574,0.003374307061942637,0.9677066228790366,0.916256157635468,29,26,42,35
Random-K6-133,Random-fixed,6,315;335;405;495;540;690,0.2116104788964731,0.17301792816976452,0.39675158034756675,0.5493242437812196,0.977922337813334,0.929479434711893,0.8377564537377848,0.9980718245360328,0.001928175463967221,0.9704433497536945,0.8976464148877942,28,22,42,20
Random-K6-134,Random-fixed,6,315;350;450;545;615;635,0.23986012271245583,0.1868537272103605,0.47126724238239676,0.5661327823420476,0.975252777682588,0.9055172653856197,0.8244011874181394,0.9959026271390696,0.0040973728609303445,0.9715380405035577,0.90311986863711,29,22,42,20
Random-K6-135,Random-fixed,6,370;405;455;480;510;670,0.22237835910982223,0.17939625666613335,0.46832486606671136,0.6862248232923972,0.9752391144879661,0.8924898267318325,0.8008245409137179,0.9773439382983852,0.022656061701614848,0.9584017515051997,0.7033388067870826,28,21,42,25
Random-K6-136,Random-fixed,6,300;350;380;435;525;635,0.20010982950608294,0.17032177865571965,0.384131113288289,0.5091209150216045,0.9806477101076507,0.9285177463169071,0.8614530525529723,0.9983128464690287,0.0016871535309713184,0.9770114942528736,0.9403393541324575,29,26,42,30
Random-K6-137,Random-fixed,6,385;460;495;515;600;640,0.23463296339718914,0.18592205431192027,0.5079174508528953,0.6420616328075126,0.9723011857554664,0.8687510211555064,0.802602318959992,0.9551699204627621,0.04483007953723789,0.9376026272577997,0.6896551724137931,22,12,42,20
Random-K6-138,Random-fixed,6,370;420;475;560;605;640,0.2061373946575542,0.16832431126823913,0.39124030735645415,0.5993467945635348,0.9792066173110995,0.9223639345501988,0.8249556116789767,0.9681851048445409,0.03181489515545915,0.9600437876299945,0.8866995073891626,27,20,42,35
Random-K6-139,Random-fixed,6,345;375;470;495;585;645,0.23634522725181784,0.1858282373760664,0.5174641464433767,0.6408980610215091,0.9750809583241814,0.9059385692481121,0.7921043962124563,0.987707881417209,0.012292118582791034,0.9786535303776682,0.9315818281335522,29,27,42,25
Random-K6-140,Random-fixed,6,300;340;390;610;640;670,0.23587920905495746,0.16725402888626142,0.3893177762180856,0.5385359212477516,0.9760369814507721,0.931327520682631,0.8509963545237297,0.9983128464690287,0.0016871535309713184,0.9386973180076628,0.8281335522714832,23,13,42,30
Random-K6-141,Random-fixed,6,325;385;475;525;550;695,0.21865803704138884,0.16772730001960157,0.3804630312863984,0.5397744538829047,0.9780185319340299,0.9298070999425783,0.8429504077361724,0.9910821884791516,0.008917811520848397,0.9786535303776682,0.9211822660098522,29,25,42,25
Random-K6-142,Random-fixed,6,350;460;495;540;620;670,0.2737232922599234,0.20653978180963353,0.5188508943196999,0.6021910427747296,0.9711711689825385,0.9033034568554724,0.8100211344633198,0.9787900698963605,0.021209930103639432,0.975369458128079,0.9239189928845101,29,23,42,35
Random-K6-143,Random-fixed,6,375;460;505;540;640;685,0.21705542072682,0.17325231563303783,0.4496008987935497,0.6482918946256976,0.9761592951664447,0.8950779877236067,0.7974597035698564,0.9590262713906965,0.04097372860930345,0.9540229885057472,0.6683087027914614,25,17,42,35
Random-K6-144,Random-fixed,6,335;360;430;520;605;630,0.23526175147091385,0.19087494183012615,0.4706786990028178,0.6155405167680322,0.9740942601323985,0.91801269422555,0.8041142456596513,0.9937334297421065,0.006266570257893469,0.980295566502463,0.9458128078817735,29,27,42,25
Random-K6-145,Random-fixed,6,305;335;425;535;615;655,0.2230012813062234,0.17542577034096463,0.43027281641148946,0.5521269930859121,0.9754567346728192,0.9195377505583123,0.8342946475204842,0.997589780670041,0.002410219329959026,0.9644225506294472,0.9074986316365626,29,24,42,30
Random-K6-146,Random-fixed,6,350;410;530;570;590;645,0.24888449181018563,0.18890915014648338,0.48620105616341336,0.5766784770553516,0.976519592812312,0.9248940468211349,0.8191448500405535,0.9787900698963605,0.021209930103639432,0.9742747673782157,0.9250136836343732,29,24,42,20
Random-K6-147,Random-fixed,6,340;360;400;525;610;700,0.24098128929491078,0.1791183551720818,0.45710528878601653,0.5910212487370975,0.9752657123006606,0.922434694937221,0.8131794600291855,0.9944564955410943,0.00554350445890576,0.9693486590038315,0.8872468527640941,28,20,42,20
Random-K6-148,Random-fixed,6,300;350;410;495;660;685,0.2154693204676128,0.16734833099692378,0.40569719209242877,0.5562850912026709,0.9775816466363569,0.9217966338468633,0.8326232636377467,0.9983128464690287,0.0016871535309713184,0.9682539682539683,0.9047619047619048,29,25,42,25
Random-K6-149,Random-fixed,6,325;350;445;525;645;665,0.236758988117666,0.18608581966324028,0.48075364123066894,0.5770880747594241,0.975270808361638,0.908166229732073,0.8178608838329539,0.9946975174740902,0.005302482525909858,0.9698960043787629,0.9211822660098522,29,25,42,20
Random-K6-150,Random-fixed,6,315;355;410;485;550;595,0.2034481386794275,0.16638556739222524,0.3662992990175473,0.5254769290277891,0.980396542306014,0.9353917763447607,0.8525379345136999,0.9959026271390696,0.0040973728609303445,0.9792008757525997,0.9025725232621784,29,26,42,40
Random-K6-151,Random-fixed,6,305;330;380;400;435;565,0.1762513550920916,0.15115678502183175,0.3330712282259305,0.4752754797487156,0.9843452021357516,0.9460821402742255,0.8804094808350584,0.9983128464690287,0.0016871535309713184,0.9792008757525997,0.9365079365079365,29,26,42,20
Random-K6-152,Random-fixed,6,355;440;495;515;545;620,0.26056170890740066,0.19773710357219407,0.4977595870035755,0.6325740530201658,0.9711380828827113,0.9149659850602962,0.8100934644252895,0.9746926970354303,0.025307302964569775,0.9852216748768472,0.9129720853858784,29,28,42,20
Random-K6-153,Random-fixed,6,345;395;465;570;595;685,0.23213264287596122,0.18527863369381103,0.45838736867024904,0.5312541985189921,0.9770055115950226,0.9308788701931127,0.8489074855718853,0.9816823330923115,0.0183176669076886,0.9857690202517788,0.9014778325123153,29,27,42,25
Random-K6-154,Random-fixed,6,410;445;465;505;600;685,0.28879731373305584,0.2069255352902081,0.6221796049339569,0.9029283115407061,0.9627047087979423,0.8471444912892017,0.7634514139997924,0.9568570739937334,0.04314292600626657,0.8248494800218937,0.4915161466885605,4,0,42,20
Random-K6-155,Random-fixed,6,345;430;475;555;675;700,0.25165084764986456,0.18967839830750782,0.5293211857524852,0.5863064089249596,0.9728725556770368,0.904712850390527,0.8222781486591663,0.9816823330923115,0.0183176669076886,0.9792008757525997,0.9469074986316366,29,28,42,25
Random-K6-156,Random-fixed,6,365;390;440;605;645;675,0.23874970920729752,0.1848990129595965,0.4998962445662882,0.7180060522661906,0.9727821962364065,0.8733713821789335,0.7812946496971034,0.9843335743552664,0.01566642564473367,0.9666119321291735,0.909688013136289,29,24,42,25
Random-K6-157,Random-fixed,6,325;430;460;510;555;615,0.21580578587308177,0.1747722512525194,0.4242763859913914,0.5441703623564534,0.9771807368222851,0.9150130972821326,0.8390865899098081,0.9910821884791516,0.008917811520848397,0.9824849480021893,0.9529282977558841,29,29,42,30
Random-K6-158,Random-fixed,6,330;450;500;575;605;665,0.23773061321635142,0.1790932893050717,0.49275400252106694,0.6016501871991499,0.9739096585834611,0.906018946761996,0.8022298740108502,0.9893950349481803,0.010604965051819716,0.9781061850027366,0.918992884510126,29,26,42,30
Random-K6-159,Random-fixed,6,300;320;390;480;505;610,0.20867298697221767,0.16966811854446526,0.3684406660227527,0.5532804585320452,0.9788826577689617,0.9290763347658583,0.8374999793463677,0.9992769342010123,0.0007230657989877079,0.9584017515051997,0.8916256157635468,28,20,42,20
Random-K6-160,Random-fixed,6,425;515;535;560;635;660,0.28734892620218916,0.1972117132496227,0.5735182629997724,0.8036630710687039,0.9593334714928915,0.8649217315050328,0.7671158479808792,0.9028681610026512,0.09713183899734876,0.7515051997810619,0.18500273672687464,2,0,42,20
Random-K6-161,Random-fixed,6,300;430;455;530;550;680,0.24320470640289757,0.18749979028339173,0.4611809676102031,0.6067500679962262,0.9733756094351913,0.907578623985201,0.7969759894498875,0.9983128464690287,0.0016871535309713184,0.9485495347564312,0.8511220580186097,28,13,42,20
Random-K6-162,Random-fixed,6,340;420;440;460;480;620,0.22815409230215417,0.18013469730442483,0.44392132325220945,0.506316483296514,0.9772708004034962,0.9220470681517345,0.8647654467534837,0.9840925524222705,0.015907447577729574,0.9797482211275315,0.8910782703886152,27,26,42,20
Random-K6-163,Random-fixed,6,305;345;390;420;585;670,0.1852504756744291,0.15264466395426174,0.2862444530163386,0.5099057735445963,0.9841194750157339,0.9556429760357167,0.8613447530662168,0.997589780670041,0.002410219329959026,0.9709906951286261,0.9129720853858784,29,26,42,30
Random-K6-164,Random-fixed,6,360;395;475;500;670;695,0.2527769500056073,0.18543754446761207,0.4666991002371006,0.6984311168510909,0.9704412809018526,0.895363337415625,0.7738249434811987,0.9795131356953483,0.020486864304651724,0.9846743295019157,0.8905309250136835,28,27,42,25
Random-K6-165,Random-fixed,6,300;325;355;380;510;690,0.23016506969040618,0.1726085827152137,0.3895348448734067,0.5287170096141074,0.9763766687136045,0.9315116612976724,0.8544852924496171,0.9987948903350204,0.001205109664979513,0.9430760810071154,0.8056923918992885,22,13,42,25
Random-K6-166,Random-fixed,6,330;355;400;420;455;475,0.18069731859751753,0.15713261914404875,0.45968366687645185,0.49612051708316984,0.9845172899517699,0.9177778636611921,0.8714862193201148,0.9934924078091106,0.006507592190889371,0.9819376026272578,0.9042145593869731,29,28,42,20
Random-K6-167,Random-fixed,6,330;430;520;650;670;700,0.23157258158977911,0.17326683844854435,0.46210369620952124,0.5648643294354163,0.9737789020424336,0.9135083526037753,0.8251891285076565,0.9893950349481803,0.010604965051819716,0.9786535303776682,0.9348659003831418,29,26,42,20
Random-K6-168,Random-fixed,6,330;380;420;480;530;640,0.19874846488351555,0.1656005315478988,0.375663139510829,0.5038275854006107,0.9809733076081154,0.9380358067475261,0.8644457330672883,0.9893950349481803,0.010604965051819716,0.9742747673782157,0.909688013136289,29,24,42,40
Random-K6-169,Random-fixed,6,325;365;410;490;515;700,0.2104442809407011,0.17010224347632186,0.37479136329477564,0.5101122811511996,0.9795707573252247,0.935178479345282,0.8610699193639937,0.9910821884791516,0.008917811520848397,0.9819376026272578,0.9414340448823207,29,27,42,25
Random-K6-170,Random-fixed,6,390;435;550;570;630;650,0.26296137293899474,0.19048548883779667,0.5784478710419134,0.8228090586831303,0.9653196767021045,0.8374016668850363,0.7491988355803676,0.9568570739937334,0.04314292600626657,0.9359605911330049,0.6305418719211823,19,7,42,20
Random-K6-171,Random-fixed,6,310;350;390;475;550;675,0.22131627952576624,0.17351116419250537,0.4319996869264727,0.5283530445362937,0.9773162380031422,0.9206379555027102,0.851185827888095,0.9966256929380574,0.003374307061942637,0.9737274220032841,0.9272030651340997,29,25,42,40
Random-K6-172,Random-fixed,6,355;395;525;555;625;695,0.26479798564787593,0.19004276305566167,0.4819961380662591,0.6591189971379328,0.9715431462856826,0.9091628534118325,0.7781447231406776,0.9785490479633646,0.021450952036635332,0.9737274220032841,0.920087575259989,29,22,42,30
Random-K6-173,Random-fixed,6,340;500;550;610;630;660,0.2768855751241042,0.19472815855218567,0.5213917269152306,0.6013433833677013,0.9688274749698751,0.9020932484770549,0.7995951074011246,0.9840925524222705,0.015907447577729574,0.9321291735084838,0.8292282430213463,20,10,42,20
Random-K6-174,Random-fixed,6,310;365;405;435;460;685,0.17394604992605522,0.15558588695474262,0.45561983762066094,0.5426584812027135,0.9847553814076322,0.8992931496611438,0.8723849696338913,0.9966256929380574,0.003374307061942637,0.9792008757525997,0.8883415435139572,28,28,42,25
Random-K6-175,Random-fixed,6,385;415;475;500;520;545,0.26777451967181587,0.19464247536950727,0.5806520499863017,0.7909213694208619,0.9636248119763052,0.8411328505595165,0.7605166247583873,0.9763798505664015,0.023620149433598456,0.9310344827586207,0.7093596059113301,21,6,42,20
Random-K6-176,Random-fixed,6,325;350;370;400;470;680,0.20865213597915905,0.1657724318799868,0.4769926883063958,0.6271207678141197,0.9805608563547645,0.8902762222053305,0.8640956210717246,0.9946975174740902,0.005302482525909858,0.9633278598795839,0.91351943076081,29,23,42,20
Random-K6-177,Random-fixed,6,350;380;410;455;530;675,0.21794920064141746,0.1802521276048574,0.41979686797649896,0.6387405770427717,0.9793072745259856,0.928473775248845,0.819102117670648,0.9852976620872499,0.01470233791275006,0.9748221127531472,0.9113300492610837,29,26,42,30
Random-K6-178,Random-fixed,6,300;335;430;540;635;665,0.22047154293529433,0.1740873209557908,0.437609387007704,0.5613003434774686,0.9759847352481414,0.9163127286453446,0.8290221492723033,0.9983128464690287,0.0016871535309713184,0.9720853858784892,0.9233716475095786,29,25,42,30
Random-K6-179,Random-fixed,6,345;370;530;605;630;690,0.26869609954572976,0.19832916454613722,0.5329671528930198,0.636929173210016,0.9713456032626551,0.8979808299139078,0.780376650125138,0.9906001446131598,0.009399855386840203,0.9490968801313627,0.7755883962780514,20,13,42,25
Random-K6-180,Random-fixed,6,345;425;510;560;615;665,0.2616015599891013,0.19165294056474746,0.5006145578206741,0.5641021319411026,0.9725219180124409,0.916934679182336,0.8324910337287293,0.9816823330923115,0.0183176669076886,0.9666119321291735,0.9014778325123153,29,25,42,50
Random-K6-181,Random-fixed,6,315;505;530;550;600;635,0.23439161048014498,0.1780754953544694,0.41433143267920336,0.6024168312882445,0.9731327630816595,0.9113252855549087,0.8066973726540957,0.9959026271390696,0.0040973728609303445,0.9233716475095786,0.7909140667761357,19,6,42,20
Random-K6-182,Random-fixed,6,300;400;460;525;560;615,0.22150906508076268,0.1770896832698837,0.44623270715658553,0.5762824493860316,0.9758875401981245,0.9076340999625685,0.8193895275908973,0.9983128464690287,0.0016871535309713184,0.9627805145046523,0.866447728516694,28,20,42,35
Random-K6-183,Random-fixed,6,340;365;450;485;610;695,0.23605789689327347,0.1840711290007194,0.4860074418450732,0.6307782259901011,0.9756116936957754,0.9096726648054682,0.8012894114440263,0.9922872981441311,0.007712701855868884,0.9792008757525997,0.9157088122605364,29,26,42,25
Random-K6-184,Random-fixed,6,400;445;530;580;640;700,0.27344152047175047,0.19074707309780664,0.5894543116639375,0.8687540712644084,0.9649137663650521,0.8373547630882254,0.7463616898406531,0.9532417449987949,0.04675825500120511,0.8801313628899835,0.6081007115489874,13,1,42,45
Random-K6-185,Random-fixed,6,320;425;475;515;550;675,0.22535013386276162,0.17872522010709865,0.3999467950962661,0.5686618039126445,0.974294086912944,0.9168131531097059,0.823207208231726,0.9927693420101229,0.0072306579898770785,0.9737274220032841,0.8992884510125888,28,25,42,35
Random-K6-186,Random-fixed,6,310;410;475;525;615;690,0.21101780280814927,0.17530447180316802,0.4037981705335989,0.5673064180925284,0.9775992406422108,0.9175034032593036,0.8242348579048601,0.9966256929380574,0.003374307061942637,0.9797482211275315,0.9288451012588943,29,28,42,50
Random-K6-187,Random-fixed,6,355;410;465;505;570;610,0.22329095974721894,0.17961206004694746,0.41234014873827296,0.567630891801078,0.9792343041458931,0.9362613997410155,0.8388524379196577,0.9746926970354303,0.025307302964569775,0.9863163656267103,0.8866995073891626,28,27,42,40
Random-K6-188,Random-fixed,6,345;435;455;525;585;660,0.25037664462995807,0.18533833388744564,0.4726272033932842,0.5638523350871631,0.9719653829594136,0.9118790161502505,0.8415426824695277,0.9816823330923115,0.0183176669076886,0.9835796387520527,0.9430760810071154,29,28,42,20
Random-K6-189,Random-fixed,6,355;415;440;470;490;580,0.21248085739484215,0.1697351368598103,0.3871979169505336,0.5234151427227643,0.9814528978075995,0.9420232028752867,0.8653132169536835,0.9746926970354303,0.025307302964569775,0.9797482211275315,0.8894362342638205,28,27,42,20
Random-K6-190,Random-fixed,6,325;350;370;445;575;630,0.2114083372747511,0.1731378273937972,0.39692120955952537,0.5265261355617079,0.9800126907637045,0.9335291758358745,0.8501980565318324,0.9946975174740902,0.005302482525909858,0.9682539682539683,0.9146141215106732,29,23,42,20
Random-K6-191,Random-fixed,6,350;375;430;595;615;645,0.24431535077271546,0.18494235171017237,0.5032857940205621,0.6542351893092025,0.9758194915701209,0.903927414592755,0.7948246240829432,0.9881899252832008,0.011810074716799228,0.9759168035030105,0.9365079365079365,29,26,42,20
Random-K6-192,Random-fixed,6,340;365;415;545;610;650,0.22983339285010262,0.174433368781456,0.4740902982323772,0.6099625076147401,0.9774752994822113,0.9144114249808185,0.8068651925607702,0.9922872981441311,0.007712701855868884,0.980295566502463,0.912424740010947,29,25,42,25
Random-K6-193,Random-fixed,6,360;490;560;620;640;685,0.2848283452022624,0.20170186751291103,0.49228541114500807,0.669437987861068,0.9688329388916206,0.9001346397430517,0.7703857911293019,0.9715594119064835,0.02844058809351651,0.9556650246305418,0.8669950738916257,24,16,42,20
Random-K6-194,Random-fixed,6,320;395;425;530;560;605,0.2097339089033195,0.17092080381320648,0.3659888729605751,0.5378294865233781,0.9778030105341373,0.929755915099869,0.8433548544963955,0.9927693420101229,0.0072306579898770785,0.9737274220032841,0.8998357963875205,28,25,42,30
Random-K6-195,Random-fixed,6,305;445;500;520;570;700,0.230055718186974,0.17973004958990416,0.4391271381678097,0.639147699456391,0.9750935609783195,0.9054453288582471,0.7691399110080563,0.997589780670041,0.002410219329959026,0.9627805145046523,0.8960043787629994,27,18,42,20
Random-K6-196,Random-fixed,6,350;420;465;615;635;665,0.24263842771375155,0.18814798006635847,0.4869286164930386,0.5786652461782354,0.9766208058247576,0.9241626426872499,0.8305163287638266,0.9787900698963605,0.021209930103639432,0.9764641488779421,0.9047619047619048,29,24,42,20
Random-K6-197,Random-fixed,6,380;420;465;540;615;635,0.22706348500445253,0.1829508238121094,0.50935945709396,0.7781559932457092,0.9742718252509436,0.8766057703695872,0.7715396309558586,0.96529284164859,0.03470715835140998,0.9217296113847838,0.7197591680350302,21,8,42,20
Random-K6-198,Random-fixed,6,305;555;585;635;665;700,0.23543032492403912,0.18615140358634186,0.47314919334440897,0.6303995054542627,0.9731979770633156,0.8879291663141939,0.7970270255403867,0.997589780670041,0.002410219329959026,0.8571428571428572,0.5790914066776136,5,0,42,30
Random-K6-199,Random-fixed,6,375;455;520;540;570;595,0.22048490532147857,0.17751555966824517,0.44676351170746814,0.6509381985934232,0.9761351124332452,0.8969588302893879,0.7980707379952771,0.9590262713906965,0.04097372860930345,0.9523809523809524,0.6814449917898193,28,16,42,20
Random-K6-200,Random-fixed,6,370;405;440;470;535;590,0.20477611730754605,0.1773166096568061,0.45299646498978746,0.6739626901440937,0.9792156493609728,0.9029175995314337,0.8139906619146553,0.9773439382983852,0.022656061701614848,0.9567597153804049,0.7186644772851669,27,21,42,30
Random-K6-201,Random-fixed,6,300;325;435;455;505;635,0.20744541834156063,0.16761055015207005,0.40541489307310863,0.5598906791609193,0.9783484461777282,0.9173009939801939,0.82969294759527,0.9987948903350204,0.001205109664979513,0.9797482211275315,0.9425287356321838,29,28,42,20
Random-K6-202,Random-fixed,6,335;440;475;530;595;690,0.23791854336864363,0.18084053789113574,0.4826976156879283,0.5573937914208149,0.9729035148711079,0.9105827151823066,0.8306840253974861,0.9891540130151844,0.010845986984815618,0.9841269841269842,0.9239189928845101,29,27,42,35
Random-K6-203,Random-fixed,6,305;440;460;540;645;680,0.23079478765880937,0.17961982064573168,0.4336857400427232,0.6163759301621352,0.9760682922864121,0.9084295145732865,0.7881411020661481,0.997589780670041,0.002410219329959026,0.9633278598795839,0.9107827038861521,29,24,42,20
Random-K6-204,Random-fixed,6,340;390;415;500;540;620,0.19992946933675187,0.16950056221199775,0.36285916574464955,0.5077201248386629,0.982154472729077,0.9472222197367344,0.8625360752964493,0.9840925524222705,0.015907447577729574,0.9890530925013684,0.9469074986316366,29,28,42,25
Random-K6-205,Random-fixed,6,350;370;465;525;575;630,0.2438803543020157,0.19470171140737458,0.5121017884215585,0.6562394548539168,0.9743392409791118,0.8974573407326442,0.7867817525375321,0.9910821884791516,0.008917811520848397,0.9704433497536945,0.9261083743842365,29,26,42,20
Random-K6-206,Random-fixed,6,300;320;535;590;670;695,0.23500643838026758,0.17939604158386785,0.4161268971240858,0.5973894038179868,0.9728067453915308,0.9134671138398098,0.8131123954805382,0.9992769342010123,0.0007230657989877079,0.9129720853858784,0.6940339354132458,17,2,42,20
Random-K6-207,Random-fixed,6,335;415;435;550;585;685,0.22258055695433843,0.17633304371406125,0.4447926789888958,0.5259797610211553,0.9763574784804808,0.9240153367906755,0.8506279646564563,0.9891540130151844,0.010845986984815618,0.9885057471264367,0.9463601532567051,29,28,42,20
Random-K6-208,Random-fixed,6,315;420;440;555;600;695,0.21638361798048833,0.1767697141881787,0.3943321913488844,0.5578572375540846,0.976615909086835,0.9187903453509099,0.8308706011390795,0.9959026271390696,0.0040973728609303445,0.9742747673782157,0.9064039408866994,29,27,42,20
Random-K6-209,Random-fixed,6,375;415;450;470;605;660,0.20642133820813713,0.16810378700382228,0.48545265001662474,0.7357221157380088,0.9785222778960724,0.890588668612078,0.7934350743052392,0.9691491925765244,0.030850807423475537,0.9293924466338259,0.6217843459222769,23,7,42,20
Random-K6-210,Random-fixed,6,345;395;510;615;645;675,0.25409896035561,0.1841981434074866,0.46566283022736926,0.5499892653123504,0.9751890902892044,0.9282563629152027,0.835206585018691,0.9816823330923115,0.0183176669076886,0.9748221127531472,0.9042145593869731,29,23,42,30
Random-K6-211,Random-fixed,6,300;330;350;415;445;535,0.19103799116017234,0.1549421619407727,0.3743157461831917,0.49958123633742463,0.9821324917115254,0.9390607424916005,0.8667077176666923,0.9983128464690287,0.0016871535309713184,0.9786535303776682,0.950191570881226,29,29,42,20
Random-K6-212,Random-fixed,6,310;415;440;550;595;640,0.21792797689531926,0.17576846591247977,0.4058053340085237,0.560014702285391,0.976734048374055,0.9175541977727629,0.8301502008100402,0.9966256929380574,0.003374307061942637,0.975369458128079,0.9376026272577997,29,28,42,25
Random-K6-213,Random-fixed,6,380;460;500;600;630;690,0.22039641744215147,0.18252602677880453,0.46989122772531755,0.6500458464550994,0.975459986153798,0.8866399259818235,0.8010680546482128,0.9549288985297663,0.04507110147023379,0.9545703338806788,0.7427476737821566,25,16,42,30
Random-K6-214,Random-fixed,6,365;395;430;525;585;615,0.23193438508579042,0.18223573065171753,0.46827185110166436,0.7169749779315517,0.9742040186854003,0.8904400512943387,0.7820090358423987,0.9804772234273319,0.019522776572668113,0.9709906951286261,0.9085933223864259,29,24,42,30
Random-K6-215,Random-fixed,6,365;385;420;455;485;575,0.21456053158262178,0.18040132946435075,0.4669451988682238,0.6822389854220453,0.976977745400513,0.8935251239574572,0.8112778375575739,0.987707881417209,0.012292118582791034,0.9633278598795839,0.8609742747673782,28,21,42,20
Random-K6-216,Random-fixed,6,310;340;380;400;460;695,0.17427070555976865,0.1544055490574691,0.44376003598598296,0.5456725084800972,0.9850049345778901,0.9022188557086765,0.8744639013773894,0.9966256929380574,0.003374307061942637,0.9698960043787629,0.8992884510125888,28,23,42,20
Random-K6-217,Random-fixed,6,340;370;475;550;620;685,0.24308588484242252,0.18474695208549313,0.49219906656145623,0.6186424809351107,0.9748738998775712,0.9071774966711206,0.797127896768195,0.9898770788141721,0.01012292118582791,0.9693486590038315,0.9381499726327313,29,25,42,30
Random-K6-218,Random-fixed,6,360;460;530;615;655;680,0.2578718040131659,0.19262084667173024,0.464403726175097,0.642169843282909,0.9730429210190498,0.9089732249907896,0.7902200058734267,0.9715594119064835,0.02844058809351651,0.9781061850027366,0.9168035030103995,29,24,42,25
Random-K6-219,Random-fixed,6,300;390;510;570;600;700,0.2454101894690452,0.18015234727115095,0.46367391922024365,0.5895516894038342,0.9706035126745407,0.8934832487954054,0.8139882360003025,0.9983128464690287,0.0016871535309713184,0.9490968801313627,0.789272030651341,25,14,42,30
Random-K6-220,Random-fixed,6,305;330;450;505;555;670,0.2251315117246493,0.16998614290568445,0.4521503600799033,0.5959323413894051,0.9743592320477228,0.9086586345174774,0.803271406081302,0.9983128464690287,0.0016871535309713184,0.9715380405035577,0.91351943076081,29,25,42,25
Random-K6-221,Random-fixed,6,330;390;440;530;590;635,0.20204204677148474,0.1679744985267739,0.3970874113290685,0.5346126202698349,0.9803751845542187,0.931891357898508,0.8451538081334322,0.9893950349481803,0.010604965051819716,0.9874110563765736,0.9545703338806788,29,29,42,45
Random-K6-222,Random-fixed,6,350;410;470;500;540;585,0.23681732915616957,0.18959276766874125,0.47592806740937293,0.5506413881866103,0.9781629838932626,0.9276054566997437,0.8415798450244323,0.9787900698963605,0.021209930103639432,0.9874110563765736,0.8516694033935412,28,27,42,30
Random-K6-223,Random-fixed,6,300;380;515;555;610;660,0.24294727724293186,0.17940131696149555,0.4558294889825716,0.5808720962552254,0.970052761084537,0.8943765651166568,0.8223243822337899,0.9983128464690287,0.0016871535309713184,0.9485495347564312,0.7969348659003832,25,14,42,40
Random-K6-224,Random-fixed,6,440;460;485;600;625;675,0.29718341248816876,0.1984690148815271,0.5567145270935495,0.8131384657799985,0.9600835001859338,0.8650250175502209,0.793906504293796,0.9248011569052784,0.07519884309472162,0.6639299397920088,0.2889983579638752,0,0,42,20
Random-K6-225,Random-fixed,6,305;375;400;435;500;590,0.19602441705013926,0.16780444401477349,0.3932868813672472,0.5030798164282342,0.9805990416997804,0.9273591245339338,0.8642723335688957,0.997589780670041,0.002410219329959026,0.9759168035030105,0.876847290640394,28,27,42,25
Random-K6-226,Random-fixed,6,320;355;385;470;520;590,0.2075588541732805,0.16850911374685393,0.36515254157902893,0.5112778220455968,0.9791327599414981,0.9378479366357774,0.8596629008944501,0.9927693420101229,0.0072306579898770785,0.9764641488779421,0.8856048166392994,28,27,42,30
Random-K6-227,Random-fixed,6,315;385;415;455;525;695,0.19718175374628716,0.16576990765653046,0.36101879169914675,0.5201588932762597,0.9807420418896354,0.9348709181088526,0.8542352290914836,0.9959026271390696,0.0040973728609303445,0.9759168035030105,0.9239189928845101,29,28,42,30
Random-K6-228,Random-fixed,6,310;345;550;590;630;665,0.26748896489225854,0.1930524151216866,0.4995154449115283,0.5775602480379565,0.9703517378400246,0.892211266703688,0.823849709310823,0.9966256929380574,0.003374307061942637,0.8992884510125888,0.6376573617952929,14,4,42,35
Random-K6-229,Random-fixed,6,335;375;450;590;630;685,0.22173722401072954,0.17641268584494668,0.4353056238769666,0.5248887437374613,0.978027416998637,0.929545112562759,0.8514521304143691,0.9891540130151844,0.010845986984815618,0.9748221127531472,0.912424740010947,29,26,42,40
Random-K6-230,Random-fixed,6,310;335;395;475;495;675,0.2083120109929515,0.16219800255005287,0.37579644248137745,0.536408274654785,0.9787570338684051,0.9339180320320201,0.845837655298267,0.997589780670041,0.002410219329959026,0.9775588396278051,0.9332238642583469,29,27,42,20
Random-K6-231,Random-fixed,6,350;560;590;620;650;695,0.30763234284858354,0.21550914486726835,0.5666848806992276,0.6431556182758389,0.966997278953797,0.8729661310703891,0.785734673030865,0.9787900698963605,0.021209930103639432,0.8976464148877942,0.6288998357963875,14,3,42,30
Random-K6-232,Random-fixed,6,415;440;585;605;655;680,0.2998100160499148,0.2021884922661659,0.5704536270072497,0.7374066339979715,0.9576903353628216,0.863401637215207,0.7876775712543671,0.9520366353338153,0.04796336466618462,0.7755883962780514,0.41707717569786534,2,0,42,20
Random-K6-233,Random-fixed,6,330;370;395;600;645;680,0.2320448170020121,0.17233866233742337,0.36538465571484596,0.5073674652660514,0.9774548060844962,0.940902666337134,0.8633662909184447,0.9893950349481803,0.010604965051819716,0.9633278598795839,0.8960043787629994,27,19,42,25
Random-K6-234,Random-fixed,6,420;440;465;550;615;685,0.29235612749275597,0.19916395904115333,0.5565630182825284,0.7062422595351061,0.9598887580414213,0.8677021086381584,0.8127128308390842,0.9469751747409014,0.05302482525909858,0.7471264367816092,0.27203065134099613,1,0,42,20
Random-K6-235,Random-fixed,6,385;415;470;530;595;690,0.26636072090408547,0.1949627441901302,0.5805366308700601,0.801706578330965,0.9643023684975197,0.8421994386297431,0.7613277821607088,0.9763798505664015,0.023620149433598456,0.9239189928845101,0.6885604816639298,20,7,42,30
Random-K6-236,Random-fixed,6,320;415;440;510;670;695,0.21844864507222303,0.16856861710869306,0.386088049087894,0.533616456650734,0.9763081631786295,0.922112409355135,0.8461988561281498,0.9927693420101229,0.0072306579898770785,0.9841269841269842,0.9649698960043787,29,29,42,25
Random-K6-237,Random-fixed,6,370;435;480;565;640;680,0.20186734057673714,0.1776627287299801,0.3995568317405204,0.6098397869629975,0.9797641249204917,0.9186213413564827,0.8201131631242626,0.9681851048445409,0.03181489515545915,0.9704433497536945,0.8571428571428572,28,22,42,40
Random-K6-238,Random-fixed,6,355;390;490;605;660;685,0.26029560957870274,0.19476946384089744,0.5061782787516736,0.680805384350936,0.9701908864819261,0.8929947199097031,0.7802449537938417,0.9824053988912991,0.017594601108700893,0.9737274220032841,0.8429118773946359,28,25,42,25
Random-K6-239,Random-fixed,6,330;440;530;610;650;675,0.23264871501737655,0.17469411938495197,0.4760336288067111,0.5810279668365946,0.9750653327452027,0.9101968596886185,0.8139178966420244,0.9893950349481803,0.010604965051819716,0.9852216748768472,0.9584017515051997,29,29,42,25
Random-K6-240,Random-fixed,6,310;340;510;555;650;690,0.26172773957767725,0.18501191962821995,0.49448003762730647,0.5851826722369865,0.9714219483548331,0.9029693344387376,0.8141602613623073,0.9966256929380574,0.003374307061942637,0.9233716475095786,0.679255610290093,19,6,42,30
Random-K6-241,Random-fixed,6,300;375;400;490;510;695,0.2327021863241689,0.17522456009041928,0.43958022701969257,0.5396170996223975,0.973385004763797,0.9049179861388776,0.8421659768065891,0.9983128464690287,0.0016871535309713184,0.967159277504105,0.8319649698960043,28,20,42,20
Random-K6-242,Random-fixed,6,315;430;510;610;630;680,0.2166468830216315,0.1760168081947294,0.4032338265220144,0.5879281006730664,0.9765036347498299,0.9143899310877989,0.8108463407562075,0.9959026271390696,0.0040973728609303445,0.9737274220032841,0.9025725232621784,29,25,42,20
Random-K6-243,Random-fixed,6,345;380;405;495;530;690,0.22314264030002615,0.1734359322179231,0.3948694036048803,0.5907311207044386,0.9772610502302884,0.9398375704445157,0.8218555686938611,0.9848156182212582,0.015184381778741865,0.9797482211275315,0.8877941981390256,28,25,42,25
Random-K6-244,Random-fixed,6,355;500;520;630;665;695,0.2936953708438018,0.21137121266441083,0.5483085562126137,0.6406750111276689,0.9651707727202331,0.8994581143194332,0.7894819085054632,0.9746926970354303,0.025307302964569775,0.9540229885057472,0.8762999452654625,27,17,42,20
Random-K6-245,Random-fixed,6,375;460;480;525;565;695,0.21689616696998576,0.17389734282567523,0.4484613318753269,0.641024260295962,0.9762269110237443,0.8957618888127882,0.8039743177363983,0.9590262713906965,0.04097372860930345,0.9490968801313627,0.6584564860426929,26,14,42,20
Random-K6-246,Random-fixed,6,335;355;440;475;650;695,0.2274550044808317,0.18060320486084963,0.4970853633484585,0.5858852214749785,0.9757741636317949,0.9140442712383305,0.8192290068999379,0.9956616052060737,0.004338394793926247,0.9819376026272578,0.9403393541324575,29,27,42,20
Random-K6-247,Random-fixed,6,305;335;420;560;590;650,0.2180032771456752,0.17322597624854738,0.4193891176949966,0.5532002777185253,0.9764367217490204,0.9224189863224032,0.8334679201815413,0.997589780670041,0.002410219329959026,0.9660645867542419,0.9107827038861521,29,23,42,30
Random-K6-248,Random-fixed,6,335;365;505;545;570;590,0.26502049229011393,0.19095959852795852,0.49902599904774414,0.623008796164999,0.9712659273581118,0.9098510302505151,0.790620041966625,0.9915642323451435,0.008435767654856591,0.9408866995073891,0.8264915161466886,23,12,42,20
Random-K6-249,Random-fixed,6,370;455;495;520;660;695,0.22267551989046738,0.1848100035417552,0.42593585549639795,0.6150421249249107,0.975095843391134,0.90553063862535,0.8112289199553417,0.9681851048445409,0.03181489515545915,0.962233169129721,0.7679255610290093,28,22,42,25
Random-K6-250,Random-fixed,6,330;370;395;445;520;680,0.20114430957351417,0.1634476327825148,0.3292849875617626,0.4715701266064479,0.9802002344621172,0.9490596924869626,0.8818325015939439,0.9893950349481803,0.010604965051819716,0.9720853858784892,0.9168035030103995,29,25,42,25
Random-K6-251,Random-fixed,6,325;385;510;550;645;695,0.23285347781522994,0.17190531018962152,0.3986557645988902,0.5528501766279981,0.974277256215166,0.9251624635605648,0.8365629861459536,0.9910821884791516,0.008917811520848397,0.9589490968801313,0.8587848932676518,25,17,42,40
Random-K6-252,Random-fixed,6,310;380;440;465;490;545,0.19637296742255833,0.16613859265047037,0.3725275589802477,0.5127355133797784,0.9805819347905916,0.9303094027043965,0.860067131233727,0.9966256929380574,0.003374307061942637,0.9813902572523261,0.8872468527640941,28,27,42,25
Random-K6-253,Random-fixed,6,360;410;495;515;575;670,0.22978247778284827,0.18129255787250056,0.3741676788410332,0.597759453203869,0.9769327843915344,0.9346901134274733,0.8208219083629117,0.9715594119064835,0.02844058809351651,0.983032293377121,0.8697318007662834,28,25,42,20
Random-K6-254,Random-fixed,6,300;330;365;435;615;655,0.2184381811970055,0.1744408891317134,0.3817072842579812,0.5554879478411547,0.9781845769666085,0.9315619267499727,0.8316678527990294,0.9983128464690287,0.0016871535309713184,0.9786535303776682,0.9102353585112206,29,24,42,30
Random-K6-255,Random-fixed,6,320;445;510;575;630;655,0.22213274627237303,0.17301498588710346,0.4192094176718101,0.5971959253705671,0.9750641983794391,0.909754291239815,0.8022125658240309,0.9927693420101229,0.0072306579898770785,0.9704433497536945,0.906951286261631,29,25,42,25
Random-K6-256,Random-fixed,6,360;400;425;510;610;670,0.21898496612554014,0.1675220451693669,0.37331052211752747,0.658312036746445,0.9792639692962162,0.9301534608099625,0.8053006391592623,0.9756567847674138,0.024343215232586167,0.9693486590038315,0.8987411056376573,28,24,42,25
Random-K6-257,Random-fixed,6,340;490;535;570;625;645,0.27836899292338746,0.1932000304730872,0.5153372616536145,0.5970823926656706,0.969196540662814,0.9023105462899049,0.8031397506298683,0.9840925524222705,0.015907447577729574,0.9425287356321838,0.8587848932676518,24,14,42,20
Random-K6-258,Random-fixed,6,335;410;520;600;645;670,0.23127464024619163,0.1802920192915319,0.4640055547606227,0.5607204378447321,0.9756074340246262,0.9214276426442103,0.8286938177458124,0.9891540130151844,0.010845986984815618,0.9786535303776682,0.9250136836343732,29,26,42,25
Random-K6-259,Random-fixed,6,365;450;485;570;605;675,0.2296991495318869,0.1814137246736476,0.40891263032272207,0.6606664334172997,0.9754751472086178,0.9151817568243932,0.7966825326551519,0.9681851048445409,0.03181489515545915,0.9638752052545155,0.8932676518883416,27,21,42,35
Random-K6-260,Random-fixed,6,325;350;390;455;480;610,0.21677331620282547,0.17070290528292612,0.3975188536153973,0.530183396055851,0.9796504090878495,0.9359618122034116,0.8484936895055806,0.9946975174740902,0.005302482525909858,0.9792008757525997,0.9447181171319102,29,27,42,25
Random-K6-261,Random-fixed,6,310;340;385;540;620;660,0.2313207278514103,0.1711958978446565,0.3815372948768255,0.5429083776057905,0.9769682544852862,0.9355593920484848,0.8472533143445309,0.9966256929380574,0.003374307061942637,0.9518336070060207,0.8423645320197045,25,15,42,30
Random-K6-262,Random-fixed,6,365;435;495;560;610;670,0.21728542153228275,0.18445376722875964,0.4048959669798113,0.6716648109747562,0.9779260345700833,0.9174023974009198,0.7924669433984407,0.9681851048445409,0.03181489515545915,0.9726327312534209,0.9091406677613574,29,23,42,50
Random-K6-263,Random-fixed,6,315;335;375;455;530;675,0.21109255136668,0.16719609256600382,0.3793719724507726,0.5266149971645135,0.9784600313446207,0.9350197841290819,0.851670827656716,0.9980718245360328,0.001928175463967221,0.975369458128079,0.9343185550082101,29,26,42,20
Random-K6-264,Random-fixed,6,380;480;530;555;620;650,0.24100609546372848,0.18747286972372632,0.48649966272414835,0.6596487658302388,0.9706411083274047,0.8763369432906395,0.7886312815721753,0.9549288985297663,0.04507110147023379,0.9463601532567051,0.7744937055281882,24,12,42,25
Random-K6-265,Random-fixed,6,340;425;525;610;660;685,0.26797985103361693,0.18970858617478317,0.5019153947622779,0.5713762367454958,0.9717384033823899,0.914314127352808,0.8245857439824945,0.9840925524222705,0.015907447577729574,0.9726327312534209,0.9020251778872468,29,24,42,25
Random-K6-266,Random-fixed,6,405;435;460;535;630;670,0.2872396754865156,0.189703665971102,0.5817303116193069,0.7158988284701867,0.9602548247211102,0.8684220812407818,0.8062218223062726,0.9611954687876597,0.03880453121234032,0.8429118773946359,0.5194307608100711,6,1,42,25
Random-K6-267,Random-fixed,6,355;410;515;550;580;695,0.23538814282513534,0.17971005450217367,0.4314901446646245,0.5754754788989901,0.9762978363074126,0.9321743014467242,0.8281664630136644,0.9746926970354303,0.025307302964569775,0.983032293377121,0.9173508483853311,29,27,42,30
Random-K6-268,Random-fixed,6,350;535;555;595;635;675,0.3067390779962713,0.21517912517197282,0.5637918165625111,0.6410515411884332,0.9674754582328298,0.8960010207084033,0.787904573048019,0.9787900698963605,0.021209930103639432,0.9064039408866994,0.7334428024083197,17,8,42,20
Random-K6-269,Random-fixed,6,305;455;490;645;665;690,0.2317017813574754,0.18148655654179455,0.43665539444270346,0.6255736030196009,0.9742803940960979,0.906573896204817,0.7818230263985557,0.997589780670041,0.002410219329959026,0.9693486590038315,0.9074986316365626,29,22,42,20
Random-K6-270,Random-fixed,6,320;445;475;585;645;685,0.2235974282883166,0.17218064627341534,0.41852338840918857,0.5794825299496762,0.9754279034011002,0.9099670271339418,0.8149849009119913,0.9927693420101229,0.0072306579898770785,0.9764641488779421,0.9211822660098522,29,26,42,30
Random-K6-271,Random-fixed,6,305;330;480;530;670;690,0.23303916662097376,0.17847098537341888,0.4633610528118108,0.5885282041426363,0.9739153350447795,0.9090509292035902,0.8088454961459509,0.9983128464690287,0.0016871535309713184,0.9436234263820471,0.8669950738916257,24,10,42,20
Random-K6-272,Random-fixed,6,315;525;560;590;615;700,0.23410131806674572,0.17872981183183695,0.41664721550502326,0.6086441617523529,0.9730884162059151,0.9106682433926983,0.804027581208148,0.9959026271390696,0.0040973728609303445,0.912424740010947,0.7170224411603723,17,3,42,25
Random-K6-273,Random-fixed,6,355;410;440;545;600;640,0.21583196726208584,0.16833336509311592,0.37348272975873387,0.5541397831903894,0.9816771798838565,0.9454052055637338,0.8471217266380995,0.9746926970354303,0.025307302964569775,0.986863711001642,0.9348659003831418,29,28,42,30
Random-K6-274,Random-fixed,6,415;450;520;550;575;665,0.3078240772386545,0.20220372421054592,0.5879742104732284,0.8139620811205867,0.9564930555380726,0.8650867264451271,0.7780327854624882,0.9520366353338153,0.04796336466618462,0.8045977011494253,0.441160372194855,3,0,42,25
Random-K6-275,Random-fixed,6,365;455;475;510;550;620,0.2280452524672356,0.18339742236378892,0.41431357783240214,0.6488840646681385,0.9743682936778508,0.9129760143431082,0.7993177730724508,0.9681851048445409,0.03181489515545915,0.9633278598795839,0.8899835796387521,27,22,42,20
Random-K6-276,Random-fixed,6,335;385;520;580;600;665,0.2379735289195754,0.1784889057009232,0.44159847236416727,0.5501447771634407,0.9741753781129913,0.9279912146439043,0.8380494536247219,0.9891540130151844,0.010845986984815618,0.9556650246305418,0.8434592227695675,27,18,42,20
Random-K6-277,Random-fixed,6,345;375;415;440;485;615,0.2062739546822608,0.16948142071449632,0.44727474361969405,0.5950291771626277,0.9808840506562331,0.9247062264798867,0.8340702833333501,0.987707881417209,0.012292118582791034,0.9781061850027366,0.9244663382594416,29,28,42,25
Random-K6-278,Random-fixed,6,350;370;550;575;605;640,0.2745650169497756,0.20050796826117606,0.5333074863116453,0.6593259824244486,0.9707710236435865,0.8916819273592367,0.7694623604155464,0.9910821884791516,0.008917811520848397,0.9157088122605364,0.7411056376573617,16,8,42,20
Random-K6-279,Random-fixed,6,340;390;410;440;475;495,0.19400457986045977,0.16086519312334827,0.3498069229957408,0.45287695766761465,0.9837728187986433,0.947607438408778,0.893595020848992,0.9840925524222705,0.015907447577729574,0.9835796387520527,0.8998357963875205,28,27,42,20
Random-K6-280,Random-fixed,6,320;390;460;495;550;625,0.20147157584703743,0.16373134335579326,0.3702383079624648,0.5312685807866601,0.9798311875840265,0.9285285996537853,0.8482074974528605,0.9927693420101229,0.0072306579898770785,0.9770114942528736,0.9102353585112206,29,27,42,35
Random-K6-281,Random-fixed,6,375;400;440;460;490;625,0.23062812831293272,0.18337820062973859,0.5221275760709067,0.7112771281097044,0.9731531833822863,0.8713616983863091,0.8011632289991739,0.9824053988912991,0.017594601108700893,0.9376026272577997,0.6343732895457033,26,11,42,20
Random-K6-282,Random-fixed,6,355;390;445;565;600;665,0.24475724534998852,0.18718798629617103,0.49230924071673443,0.6625196635046265,0.9720694604899578,0.8982924980308564,0.7974620951929265,0.9824053988912991,0.017594601108700893,0.9770114942528736,0.912424740010947,29,27,42,35
Random-K6-283,Random-fixed,6,300;410;450;480;580;650,0.23379470537195485,0.17980372406273834,0.46126085648168447,0.6150101826572522,0.9747919638486297,0.9072951604435795,0.7908660602494124,0.9983128464690287,0.0016871535309713184,0.9529282977558841,0.8582375478927203,26,16,42,30
Random-K6-284,Random-fixed,6,305;425;485;545;565;655,0.22286560511652143,0.17847452722090582,0.43271632214973377,0.6073560992089514,0.9761938200295958,0.9091150408398077,0.7954915645525843,0.997589780670041,0.002410219329959026,0.9584017515051997,0.8894362342638205,27,18,42,20
Random-K6-285,Random-fixed,6,430;475;590;620;650;700,0.3169425652483196,0.19021987364233545,0.5904773962919624,0.8779317313381396,0.9574262207354372,0.8599660429937035,0.7640124830428833,0.9366112316220776,0.06338876837792239,0.6891078270388615,0.2370005473453749,1,0,42,30
Random-K6-286,Random-fixed,6,300;460;480;505;540;700,0.24893202070261866,0.17808533555123582,0.45815435880792055,0.625959415821807,0.972733740718684,0.9064191000956185,0.7833984321998285,0.9983128464690287,0.0016871535309713184,0.9578544061302682,0.8680897646414888,27,17,42,20
Random-K6-287,Random-fixed,6,330;385;525;575;615;685,0.2343877470148514,0.16913326188805858,0.42328494359910546,0.5537685733643896,0.9751744241500832,0.9262368085208224,0.8360218494291844,0.9893950349481803,0.010604965051819716,0.9578544061302682,0.8472906403940886,27,16,42,40
Random-K6-288,Random-fixed,6,335;365;535;615;645;675,0.27136484884603557,0.19451450510075521,0.5041867893707499,0.624525650084887,0.9711377632778428,0.9094821301633087,0.7870846687305871,0.9915642323451435,0.008435767654856591,0.9282977558839628,0.779967159277504,22,11,42,30
Random-K6-289,Random-fixed,6,410;455;515;540;610;675,0.28151613639983913,0.2089064490132401,0.61161215046644,0.9014745696479736,0.9641084615915394,0.8481385616162225,0.7520156500622195,0.9438418896119547,0.056158110388045315,0.8336070060207991,0.4865900383141762,4,0,42,25
Random-K6-290,Random-fixed,6,315;365;390;410;565;610,0.19811891805508766,0.16083606430033823,0.3388416301388209,0.4873037130565519,0.980264192061888,0.9406838426487512,0.874572008449056,0.9959026271390696,0.0040973728609303445,0.9666119321291735,0.896551724137931,28,21,42,20
Random-K6-291,Random-fixed,6,300;370;390;555;600;685,0.24340232316050864,0.17738555218422064,0.4407217234821117,0.5258708545160761,0.9703477846943921,0.9016581313941077,0.8555486066102368,0.9983128464690287,0.0016871535309713184,0.9419813902572524,0.8489326765188835,20,11,42,20
Random-K6-292,Random-fixed,6,340;410;550;580;635;700,0.2416577801258558,0.179696669356645,0.4708245257890755,0.5634720141241829,0.9759254723418973,0.9218198466873915,0.8262110297506958,0.9840925524222705,0.015907447577729574,0.9748221127531472,0.920087575259989,29,26,42,30
Random-K6-293,Random-fixed,6,300;395;430;485;535;670,0.22846507688034406,0.1776076099490216,0.45044006513296797,0.5847199814812194,0.9751173537251315,0.9093713803075999,0.8114069463861087,0.9983128464690287,0.0016871535309713184,0.9698960043787629,0.8724685276409413,28,25,42,35
Random-K6-294,Random-fixed,6,420;500;565;585;675;700,0.2927157175990095,0.19617230050746592,0.5766985311134332,0.7888642857535278,0.959364066189875,0.8648649499977632,0.7720099218259752,0.9091347312605447,0.09086526873945529,0.7985769020251778,0.3404488232074439,3,0,42,20
Random-K6-295,Random-fixed,6,310;425;500;520;645;690,0.2236241617073035,0.17716909937976535,0.409014307743337,0.5943133422780479,0.9750783790114468,0.9145299175409018,0.8048644752634867,0.9966256929380574,0.003374307061942637,0.9633278598795839,0.8998357963875205,28,18,42,20
Random-K6-296,Random-fixed,6,325;355;440;470;595;620,0.2190812192795805,0.17855990029019272,0.45613259596690836,0.5523779130122786,0.9781329644097606,0.9181184274798587,0.8354705033292088,0.9930103639431188,0.0069896360568811764,0.9797482211275315,0.9359605911330049,29,28,42,25
Random-K6-297,Random-fixed,6,350;375;460;485;515;550,0.2460275039720207,0.18182882617098306,0.5128651896205841,0.6574007789867061,0.973709338936912,0.899838296685266,0.7930395434070775,0.9881899252832008,0.011810074716799228,0.9786535303776682,0.9113300492610837,29,25,42,25
Random-K6-298,Random-fixed,6,340;365;460;555;575;680,0.24285311220762498,0.1823319992420481,0.4985189710895269,0.6363942657748182,0.9749808202594932,0.9068646494611213,0.7915213485254958,0.9922872981441311,0.007712701855868884,0.9742747673782157,0.8866995073891626,28,24,42,20
Random-K6-299,Random-fixed,6,325;345;555;585;660;690,0.27563002834758854,0.19808995763684195,0.5146452288365422,0.5904208583724311,0.9712291087274083,0.8921317690417951,0.8078240038490273,0.9963846710050615,0.0036153289949385392,0.8932676518883416,0.6113847837985769,13,5,42,20
Random-K6-300,Random-fixed,6,355;375;405;435;485;520,0.2204391597408998,0.17943236082943068,0.4208467714026902,0.6329854350031483,0.9768558189338086,0.9156335494035373,0.8258522789332773,0.9918052542781393,0.008194745721860689,0.9863163656267103,0.9146141215106732,29,28,42,20
Random-K6-301,Random-fixed,6,335;395;415;530;550;700,0.2079594166060859,0.16993448606661185,0.38495337523988704,0.5175908952237349,0.9791010641758776,0.9393313499514133,0.8556313939357687,0.9891540130151844,0.010845986984815618,0.9874110563765736,0.9272030651340997,29,28,42,20
Random-K6-302,Random-fixed,6,370;435;455;550;635;660,0.20135747910308435,0.17795466867827525,0.3985952736828827,0.5898557021793936,0.9795183431521753,0.9189962983504261,0.8288591536062153,0.9681851048445409,0.03181489515545915,0.9655172413793103,0.7170224411603723,28,24,42,20
Random-K6-303,Random-fixed,6,350;380;465;540;595;625,0.24699563940719496,0.19422577007992792,0.510777178363122,0.6627677565921829,0.9753665201410043,0.9043986316866077,0.7844316520565331,0.9852976620872499,0.01470233791275006,0.9759168035030105,0.866447728516694,28,25,42,30
Random-K6-304,Random-fixed,6,315;335;400;510;615;655,0.2131906945726327,0.167419208046867,0.3917345311711944,0.5531582682046523,0.9776277826179983,0.9315389339260334,0.8357122402473087,0.9980718245360328,0.001928175463967221,0.9584017515051997,0.8675424192665572,28,18,42,20
Random-K6-305,Random-fixed,6,335;355;490;530;595;630,0.2790658675547513,0.1966634405608893,0.5308359962520254,0.6192268996789138,0.971371558001444,0.9023562784638801,0.7935783594658435,0.9956616052060737,0.004338394793926247,0.9534756431308156,0.8483853311439519,25,15,42,20
Random-K6-306,Random-fixed,6,315;370;460;515;635;695,0.20827895795331547,0.17223321112540455,0.3804517188681848,0.546106371203493,0.9782254673897133,0.925009845810717,0.8393333391314398,0.9959026271390696,0.0040973728609303445,0.9682539682539683,0.8970990695128626,28,23,42,55
Random-K6-307,Random-fixed,6,335;390;415;475;545;695,0.2026414775188771,0.16907942974728227,0.37743692482004504,0.5037715397580163,0.980432934705273,0.9351684427512776,0.8643492900349231,0.9891540130151844,0.010845986984815618,0.9846743295019157,0.9463601532567051,29,28,42,25
Random-K6-308,Random-fixed,6,420;490;585;610;675;700,0.29306478500203165,0.19810330779814025,0.5748978664612581,0.7823095754836602,0.9594942100037909,0.8663704186188539,0.7752296870908918,0.9091347312605447,0.09086526873945529,0.7668308702791461,0.33388067870826493,2,0,42,25
Random-K6-309,Random-fixed,6,360;390;415;510;570;630,0.2256093688305448,0.1785226505524924,0.43811154826208837,0.6847152073589484,0.977292862982799,0.9035365371644524,0.7927600210550833,0.9833694866232827,0.016630513376717282,0.9781061850027366,0.8932676518883416,28,24,42,25
Random-K6-310,Random-fixed,6,350;440;550;595;645;690,0.26952302456148325,0.19935667303316254,0.5256777393942778,0.6044350529056672,0.969776404659693,0.9088039241763717,0.8133805272903519,0.9787900698963605,0.021209930103639432,0.9813902572523261,0.9584017515051997,29,29,42,45
Random-K6-311,Random-fixed,6,320;345;395;480;550;680,0.22689071866849403,0.1707373160422491,0.4045158779322434,0.5411409752437526,0.977069568735742,0.9316870166037585,0.8409842752982127,0.9961436490720655,0.003856350927934442,0.9709906951286261,0.9184455391351943,29,22,42,25
Random-K6-312,Random-fixed,6,420;470;515;540;600;690,0.29873037386702395,0.19970529520765562,0.6005041018597974,0.9309623379016884,0.960491409609038,0.8586744255465761,0.761300797306287,0.9327548806941431,0.06724511930585683,0.7755883962780514,0.33114395183360695,2,0,42,25
Random-K6-313,Random-fixed,6,360;385;425;445;550;590,0.22524269480003623,0.1843414484348618,0.4494249926682703,0.6686381537905941,0.9755702333613651,0.898575809655138,0.8065819109259869,0.9867437936852254,0.013256206314774645,0.9709906951286261,0.8960043787629994,28,24,42,20
Random-K6-314,Random-fixed,6,365;415;510;540;580;655,0.215347638759826,0.17650020496969468,0.38528239098364403,0.6293305564212298,0.9779438476219153,0.9239420375351325,0.8056635597361772,0.9681851048445409,0.03181489515545915,0.9660645867542419,0.8752052545155994,27,20,42,30
Random-K6-315,Random-fixed,6,305;445;565;590;625;645,0.23070737672465444,0.17868214676174066,0.43931711590799266,0.6390776915585903,0.9746584107804828,0.9046268799152256,0.7708805975454848,0.997589780670041,0.002410219329959026,0.962233169129721,0.8648056923918993,27,19,42,20
Random-K6-316,Random-fixed,6,370;395;495;570;640;690,0.25818259126701354,0.19470662588748786,0.5251835835682033,0.7306544284109111,0.9679951694272728,0.8585276006387075,0.7565542987183009,0.9852976620872499,0.01470233791275006,0.9594964422550629,0.8204707170224411,27,16,42,25
Random-K6-317,Random-fixed,6,380;440;490;510;605;630,0.21011271976727702,0.1799059595347576,0.4533524401399038,0.6403209237379748,0.977926743497071,0.8978237913224555,0.8136195356298591,0.9549288985297663,0.04507110147023379,0.9545703338806788,0.8144499178981938,25,15,42,20
Random-K6-318,Random-fixed,6,330;435;465;550;580;665,0.2292798134566488,0.17311347323259005,0.46470644601299116,0.5562163612496722,0.9747906109298691,0.9119008365099839,0.8315738359368153,0.9893950349481803,0.010604965051819716,0.9863163656267103,0.90311986863711,29,26,42,30
Random-K6-319,Random-fixed,6,315;350;395;445;495;575,0.19539575110798132,0.1717083715040703,0.35660412516324946,0.5066427291790095,0.9822554681200154,0.9410254760919449,0.8622363337853786,0.9959026271390696,0.0040973728609303445,0.9737274220032841,0.9118773946360154,29,26,42,35
Random-K6-320,Random-fixed,6,340;360;415;450;540;675,0.21989763851452082,0.16804002238723517,0.4413383321295278,0.5770647576666176,0.9781302108885896,0.9254548068407165,0.8313074976947671,0.9944564955410943,0.00554350445890576,0.9808429118773946,0.9441707717569787,29,28,42,20
Random-K6-321,Random-fixed,6,350;380;420;445;610;635,0.2189498048818512,0.18299429189837282,0.45452506934978903,0.6272033076064278,0.9800807571886385,0.9196836447358121,0.8197665837959721,0.9852976620872499,0.01470233791275006,0.9797482211275315,0.9430760810071154,29,28,42,25
Random-K6-322,Random-fixed,6,305;330;350;370;670;695,0.2399611302390792,0.17483399505051841,0.40061973455600913,0.5285367393990512,0.9742847903017987,0.929825304879679,0.8560101063775567,0.9983128464690287,0.0016871535309713184,0.9042145593869731,0.655719759168035,15,8,42,20
Random-K6-323,Random-fixed,6,310;340;460;545;600;665,0.2280571047124744,0.17279861420142179,0.4724291687729402,0.5832866294831452,0.9751952026906654,0.9070822663982594,0.8131042951505684,0.9966256929380574,0.003374307061942637,0.9649698960043787,0.8522167487684729,27,24,42,30
Random-K6-324,Random-fixed,6,355;425;455;485;575;600,0.2283600004885806,0.17753819742202262,0.4324560893581396,0.5538529560464559,0.9791935739482918,0.9302069774298013,0.8475480644356438,0.9746926970354303,0.025307302964569775,0.975369458128079,0.9047619047619048,29,28,42,25
Random-K6-325,Random-fixed,6,345;395;460;580;605;700,0.23227714920232426,0.183177080577943,0.45824914209015205,0.5311988064118055,0.9766165863463511,0.9310176710276558,0.8479117378644853,0.9816823330923115,0.0183176669076886,0.9835796387520527,0.9277504105090312,29,26,42,25
Random-K6-326,Random-fixed,6,325;515;535;610;640;665,0.24433561879158536,0.18560451998647717,0.4593367545867314,0.5982585006118522,0.9719476799506649,0.9103766639654448,0.8052413275091884,0.9910821884791516,0.008917811520848397,0.9474548440065682,0.7898193760262726,25,13,42,20
Random-K6-327,Random-fixed,6,335;410;465;545;570;665,0.2211295563388637,0.18033525625578203,0.4550089714140247,0.5536036535538239,0.9762740585290789,0.9228662092763507,0.8340702298632999,0.9891540130151844,0.010845986984815618,0.9852216748768472,0.920087575259989,29,26,42,25
Random-K6-328,Random-fixed,6,350;400;470;510;555;695,0.237680334571783,0.18604908737148543,0.4585992748214646,0.5514976032915296,0.9763264093491837,0.9328820496520907,0.8417756777848805,0.9787900698963605,0.021209930103639432,0.9824849480021893,0.9217296113847838,29,26,42,40
Random-K6-329,Random-fixed,6,320;490;515;540;565;590,0.23286680887706132,0.17775575555091372,0.42618550387224374,0.5859242368014319,0.9727790302732093,0.9109681010817782,0.8140891722409864,0.9927693420101229,0.0072306579898770785,0.9534756431308156,0.8976464148877942,28,16,42,25
Random-K6-330,Random-fixed,6,325;385;435;485;630;680,0.19926669420514087,0.1640353794664651,0.35896785980697704,0.5081237946692969,0.981018569071769,0.9359442829864121,0.8613506756415277,0.9910821884791516,0.008917811520848397,0.9813902572523261,0.9447181171319102,29,27,42,50
Random-K6-331,Random-fixed,6,310;455;485;510;600;685,0.2226606771989581,0.17581709903703954,0.41729811478388273,0.6072863859498759,0.9756574555376166,0.9097052441084537,0.7953320705932593,0.9966256929380574,0.003374307061942637,0.9720853858784892,0.909688013136289,29,23,42,25
Random-K6-332,Random-fixed,6,450;485;540;625;645;680,0.2975685024806672,0.20619790395230275,0.5793963933743395,0.892860443267274,0.9605162939468282,0.8609356575411304,0.7738873355087964,0.9125090383224873,0.08749096167751265,0.6464148877941982,0.2769567597153804,0,0,42,20
Random-K6-333,Random-fixed,6,425;465;485;510;570;675,0.3074344412517434,0.19985454031042546,0.5887365216364624,0.9045577480251659,0.959492841637502,0.865002926172689,0.7724848066007399,0.9419137141479874,0.05808628585201253,0.7235905856595511,0.27586206896551724,1,0,42,20
Random-K6-334,Random-fixed,6,355;455;485;530;650;700,0.26634048406041644,0.19439135449080414,0.5008416856722911,0.5985498677360728,0.9703162101232355,0.9093052527572774,0.8180074831224285,0.9746926970354303,0.025307302964569775,0.9824849480021893,0.9414340448823207,29,27,42,30
Random-K6-335,Random-fixed,6,415;445;505;540;600;620,0.30171090721697613,0.18897123871415158,0.5784361562132653,0.7582106426757259,0.9575512881942111,0.8715091144111052,0.7904995705556184,0.9520366353338153,0.04796336466618462,0.7936507936507936,0.42090859332238645,2,0,42,20
Random-K6-336,Random-fixed,6,330;360;380;475;655;680,0.21994343391333382,0.17043113461650952,0.39740511762210984,0.5427952719131612,0.9767361605918612,0.9330779265034965,0.8399908689123748,0.9915642323451435,0.008435767654856591,0.9720853858784892,0.9244663382594416,29,23,42,20
Random-K6-337,Random-fixed,6,345;390;420;470;600;685,0.20171455412891376,0.16643021672349645,0.36107391236973957,0.513575661380803,0.9828212428898341,0.953479866206069,0.8660049413021154,0.9816823330923115,0.0183176669076886,0.9770114942528736,0.8992884510125888,28,23,42,30
Random-K6-338,Random-fixed,6,415;465;560;610;680;700,0.29654258386005644,0.20076466756140215,0.5886169221905303,0.8922971583337316,0.9588125508347015,0.8560130783205471,0.7499425962029856,0.9380573632200531,0.06194263677994698,0.7646414887794198,0.2917350848385331,4,0,42,20
Random-K6-339,Random-fixed,6,380;500;530;550;600;700,0.24604646752007,0.18439526184622457,0.4986989678356106,0.6601810734962098,0.9698625744298819,0.8690357496561479,0.7788349812776609,0.9549288985297663,0.04507110147023379,0.9458128078817735,0.7405582922824301,21,14,42,20
Random-K6-340,Random-fixed,6,405;440;520;565;630;675,0.2937080972553674,0.2064335426077673,0.6178970723427972,0.8885465563906616,0.9607229434613609,0.8440190438300073,0.7433902767159598,0.9611954687876597,0.03880453121234032,0.8505747126436781,0.5292829775588396,7,2,42,35
Random-K6-341,Random-fixed,6,365;390;420;485;655;700,0.23164038584813437,0.18215551879253916,0.4775546376509377,0.7056666099475086,0.9731440445710297,0.8865998105582156,0.7956839972804668,0.9843335743552664,0.01566642564473367,0.962233169129721,0.8226600985221675,26,19,42,25
Random-K6-342,Random-fixed,6,310;395;430;555;600;670,0.2163334419872245,0.17035069007499368,0.4049251494256668,0.5687890970920084,0.976779151375984,0.917562228029673,0.8226410676174327,0.9966256929380574,0.003374307061942637,0.9824849480021893,0.9512862616310892,29,29,42,35
Random-K6-343,Random-fixed,6,425;445;505;540;580;620,0.30779699796265453,0.2050304306233117,0.560878887328682,0.7348057845673571,0.9584445454701145,0.8749163105415891,0.7985766508689528,0.9419137141479874,0.05808628585201253,0.7279693486590039,0.32074438970990693,1,0,42,20
Random-K6-344,Random-fixed,6,335;370;460;515;635;700,0.21712413823154353,0.18439499176382104,0.4318238246246989,0.5366284799889948,0.9775510650081428,0.9294323349342325,0.8440351332433309,0.9891540130151844,0.010845986984815618,0.9770114942528736,0.8762999452654625,28,27,42,35
Random-K6-345,Random-fixed,6,305;370;430;515;660;690,0.20352609753947995,0.17154748573817624,0.38262406906824464,0.52700615594075,0.9791587866091737,0.9267652727869808,0.8539239692143985,0.997589780670041,0.002410219329959026,0.9737274220032841,0.9282977558839628,29,26,42,30
Random-K6-346,Random-fixed,6,300;330;350;425;570;675,0.22925656042662973,0.174457263013694,0.44775383465005036,0.5504957609491162,0.9756506821511105,0.9202710195731676,0.8349889337560883,0.9983128464690287,0.0016871535309713184,0.960591133004926,0.8877941981390256,28,18,42,20
Random-K6-347,Random-fixed,6,330;360;400;490;520;565,0.21508181777473176,0.16875680885389116,0.4055163584649891,0.5440300704294363,0.9789656642064297,0.9336409153330927,0.8395664819609195,0.9915642323451435,0.008435767654856591,0.975369458128079,0.9206349206349206,29,26,42,30
Random-K6-348,Random-fixed,6,300;355;510;535;600;655,0.2686205653979997,0.19473619813303514,0.5102385790830168,0.5968205302118111,0.9649089539238747,0.8821213962001143,0.8027076599437182,0.9983128464690287,0.0016871535309713184,0.9403393541324575,0.8106185002736727,20,11,42,25
Random-K6-349,Random-fixed,6,345;375;535;560;620;655,0.2660791961803521,0.190757674768072,0.5373001056019098,0.6506613593686426,0.9721420866960362,0.9010723519816548,0.770698147032193,0.987707881417209,0.012292118582791034,0.9507389162561576,0.8210180623973727,24,15,42,25
Random-K6-350,Random-fixed,6,395;470;505;615;650;675,0.24992609842320765,0.1869090581011399,0.5419941209208506,0.6891941154489033,0.9687056980444817,0.8686891465246505,0.7980437305389662,0.9397445167510243,0.06025548324897566,0.9042145593869731,0.6332785987958401,15,5,42,25
Random-K6-351,Random-fixed,6,310;345;440;500;580;605,0.218375462441183,0.17654266625782006,0.4560623379101104,0.5585156860429423,0.9775059378817375,0.9094811366736311,0.8295014958612796,0.9966256929380574,0.003374307061942637,0.9835796387520527,0.9463601532567051,29,28,42,25
Random-K6-352,Random-fixed,6,375;485;520;540;560;625,0.23876195614108545,0.1783079695638131,0.47054180758291964,0.655154237269146,0.9722140071021352,0.8836237865714468,0.7813928761961569,0.9590262713906965,0.04097372860930345,0.9463601532567051,0.8013136288998358,24,14,42,20
Random-K6-353,Random-fixed,6,380;460;520;540;585;635,0.21893194772405064,0.18559119467672916,0.47192755775223766,0.6559505434137127,0.9757555026726763,0.8854778793928991,0.7976595727414709,0.9549288985297663,0.04507110147023379,0.9545703338806788,0.7301587301587301,23,16,42,20
Random-K6-354,Random-fixed,6,325;360;380;400;490;510,0.19150294711597624,0.16403565188945204,0.29523961428138323,0.46848611391576345,0.9821147602698438,0.9567417569376596,0.8838941928112376,0.9910821884791516,0.008917811520848397,0.9688013136288999,0.9058565955117679,29,24,42,20
Random-K6-355,Random-fixed,6,305;410;495;530;645;680,0.2266358851910281,0.18108446713216128,0.43170543596574956,0.5814493131733746,0.9746463857378069,0.9084862641158021,0.8154860277028839,0.997589780670041,0.002410219329959026,0.975369458128079,0.8555008210180624,28,23,42,35
Random-K6-356,Random-fixed,6,360;390;550;575;650;680,0.2718313053671618,0.19660580943958514,0.511869462421626,0.7079573954560481,0.9665853202342993,0.8741213810932477,0.7578277806729796,0.9833694866232827,0.016630513376717282,0.9523809523809524,0.8456486042692939,25,15,42,25
Random-K6-357,Random-fixed,6,315;335;525;545;620;675,0.24350751958561517,0.191286753821116,0.5046567482316695,0.5943811849990154,0.9733496951661305,0.9053965986145612,0.8102729181619334,0.9980718245360328,0.001928175463967221,0.9206349206349206,0.7635467980295566,21,5,42,20
Random-K6-358,Random-fixed,6,320;360;535;570;590;700,0.2750448289649817,0.19599156134923376,0.4676083521413702,0.587111643000878,0.9670228511394406,0.9057055780616037,0.8100917155441056,0.9927693420101229,0.0072306579898770785,0.9326765188834154,0.6863711001642036,21,12,42,20
Random-K6-359,Random-fixed,6,395;470;500;565;660;690,0.24862126903919204,0.18834578062703394,0.5416425736030004,0.6867368780930604,0.9691537724854827,0.8698011807026724,0.8018821190938746,0.9397445167510243,0.06025548324897566,0.8970990695128626,0.60207991242474,14,7,42,30
Random-K6-360,Random-fixed,6,350;380;445;495;555;605,0.2309463747615729,0.19128919468516647,0.49626008286822465,0.6545656393433128,0.977097901564862,0.9073718252445068,0.8012472438993172,0.9852976620872499,0.01470233791275006,0.9775588396278051,0.9233716475095786,29,27,42,30
Random-K6-361,Random-fixed,6,360;435;535;610;640;660,0.24778230990513195,0.19787934237318236,0.43080933088744966,0.6562574188704238,0.972577531995728,0.9186549889045723,0.7971284301000543,0.9715594119064835,0.02844058809351651,0.9813902572523261,0.9447181171319102,29,28,42,20
Random-K6-362,Random-fixed,6,330;350;410;555;585;655,0.2286556382520416,0.1768665661094922,0.46417902435253944,0.5727424568534567,0.9775175352505088,0.9245874931812798,0.8197874226656672,0.9951795613400819,0.004820438659918052,0.9638752052545155,0.8741105637657363,28,20,42,20
Random-K6-363,Random-fixed,6,320;415;435;545;565;645,0.21355454736216967,0.1692860426843087,0.3861626757059929,0.5344704128267336,0.9771976682478776,0.9223320601834729,0.8455383768043346,0.9927693420101229,0.0072306579898770785,0.9841269841269842,0.9469074986316366,29,28,42,20
Random-K6-364,Random-fixed,6,305;400;435;500;600;645,0.21739841461926065,0.17830454434484733,0.43128467042678154,0.579223966037832,0.9768620473726896,0.9096884887439823,0.8154840637064943,0.997589780670041,0.002410219329959026,0.9726327312534209,0.9064039408866994,29,25,42,35
Random-K6-365,Random-fixed,6,335;375;405;550;600;670,0.21968722748119449,0.1690241242734161,0.3797258297943849,0.5163018989196193,0.9784224422582002,0.9418434014480992,0.8572615403410121,0.9891540130151844,0.010845986984815618,0.9704433497536945,0.8987411056376573,28,24,42,30
Random-K6-366,Random-fixed,6,340;360;385;425;580;700,0.22218643889023085,0.1724577886222849,0.38911411407755053,0.5611133185965819,0.9788744281741614,0.9382751031702463,0.83618245574753,0.9944564955410943,0.00554350445890576,0.9611384783798578,0.9173508483853311,29,20,42,20
Random-K6-367,Random-fixed,6,360;445;465;515;535;590,0.23687881062772068,0.18596515299440322,0.4308978131483186,0.6054822886911955,0.9755540238275328,0.9178723786460412,0.8205418368391304,0.9715594119064835,0.02844058809351651,0.9770114942528736,0.896551724137931,28,24,42,20
Random-K6-368,Random-fixed,6,390;420;445;530;570;625,0.2614859223370075,0.19444772737073704,0.5898836714603213,0.7907858624860501,0.9678187210669573,0.851779110515909,0.7765271622412424,0.9730055435044589,0.026994456495541094,0.9009304871373838,0.6135741652983032,15,1,42,25
Random-K6-369,Random-fixed,6,400;440;470;590;625;685,0.2652956463350219,0.19086152316097071,0.5809927801570026,0.8766613260732521,0.9666267590023769,0.8517782530590398,0.7622459351178382,0.9592672933236924,0.040732706676307545,0.8659003831417624,0.5358511220580187,11,1,42,30
Random-K6-370,Random-fixed,6,305;355;495;525;560;620,0.27122524017113714,0.19197405748846855,0.4960723406775072,0.5918660561888222,0.9655413833817775,0.8905313913015596,0.8060467875118814,0.997589780670041,0.002410219329959026,0.9545703338806788,0.8571428571428572,26,16,42,30
Random-K6-371,Random-fixed,6,305;340;435;585;620;675,0.22512529773386405,0.17715301204884826,0.4551602644201232,0.5552487704327296,0.9769420213126782,0.9122930523404822,0.8327677495975995,0.997589780670041,0.002410219329959026,0.9775588396278051,0.9282977558839628,29,26,42,35
Random-K6-372,Random-fixed,6,385;475;535;580;605;700,0.24567151858337305,0.18969562575246285,0.5213136988500138,0.6656406316688781,0.9693620988363172,0.8590902171277208,0.7835641347475927,0.9551699204627621,0.04483007953723789,0.9458128078817735,0.7334428024083197,23,12,42,25
Random-K6-373,Random-fixed,6,345;425;465;515;535;675,0.24238158789197273,0.18210996023933707,0.487468439862085,0.5611030254195568,0.9740086401441751,0.9170991118319963,0.8377921701193747,0.9816823330923115,0.0183176669076886,0.9715380405035577,0.9085933223864259,29,22,42,20
Random-K6-374,Random-fixed,6,300;335;360;485;525;645,0.2543562862898651,0.18765620201797892,0.4529208033825472,0.5739907162174349,0.972887398915641,0.9153668458119208,0.819833925303825,0.9983128464690287,0.0016871535309713184,0.9578544061302682,0.8637110016420361,26,16,42,25
Random-K6-375,Random-fixed,6,305;330;370;410;445;520,0.17566046909853616,0.14950498468040174,0.30013558671903867,0.4887717118714761,0.9846096802760389,0.9532197192627642,0.8724864206507479,0.9983128464690287,0.0016871535309713184,0.9737274220032841,0.9304871373836892,29,25,42,25
Random-K6-376,Random-fixed,6,300;325;355;480;510;550,0.24793781240026644,0.18430793844220633,0.46876874715217676,0.5656353451627916,0.9726345697883056,0.9076281105805568,0.8270333004412216,0.9987948903350204,0.001205109664979513,0.9485495347564312,0.819376026272578,23,14,42,25
Random-K6-377,Random-fixed,6,380;475;565;620;640;670,0.24132020351430525,0.18654845245098695,0.4865930830584729,0.6591227735170553,0.9705422747226201,0.8768001204336371,0.7873540911217491,0.9549288985297663,0.04507110147023379,0.9507389162561576,0.7821565407772304,23,15,42,20
Random-K6-378,Random-fixed,6,405;435;500;605;625;675,0.2993128683147892,0.1962537161811837,0.5884275622232427,0.7319433945805275,0.9566991487507926,0.8628378773060102,0.7914274311723238,0.9611954687876597,0.03880453121234032,0.8719211822660098,0.5402298850574713,9,1,42,20
Random-K6-379,Random-fixed,6,305;375;395;470;540;690,0.21505594149129142,0.17690478874054222,0.413723332940661,0.5196806012658961,0.9766173649842675,0.9147897435594489,0.8547000550554867,0.997589780670041,0.002410219329959026,0.9677066228790366,0.8806787082649151,27,24,42,20
Random-K6-380,Random-fixed,6,380;430;460;505;565;695,0.20355030286743478,0.17212505394542188,0.438439084737329,0.6057449887619786,0.9794157843126979,0.9078609229666604,0.8342944961304275,0.9549288985297663,0.04507110147023379,0.9430760810071154,0.6841817186644772,26,9,42,30
Random-K6-381,Random-fixed,6,315;345;440;530;555;645,0.22398353713536337,0.1760737525268756,0.4520387999536708,0.5475216643522541,0.9771306528733374,0.9115464303943219,0.8371799053202835,0.9959026271390696,0.0040973728609303445,0.9781061850027366,0.906951286261631,29,27,42,25
Random-K6-382,Random-fixed,6,310;415;490;525;585;700,0.21966257603181125,0.17382057192689682,0.40609782829836377,0.5800245657867077,0.9758956428204878,0.9164622341870406,0.8150844380106173,0.9966256929380574,0.003374307061942637,0.9764641488779421,0.9217296113847838,29,27,42,35
Random-K6-383,Random-fixed,6,340;405;430;600;650;680,0.22182495656896242,0.1748302956552188,0.41895950791884623,0.5193788996191812,0.9787569865038492,0.93464172143441,0.8550161335546527,0.9840925524222705,0.015907447577729574,0.9841269841269842,0.9551176792556102,29,29,42,25
Random-K6-384,Random-fixed,6,410;470;500;555;575;685,0.2696667424759126,0.19639854960515946,0.5745449305940117,0.7411456944222168,0.9648282550883202,0.8713304103554554,0.7983030618198327,0.9226319595083152,0.07736804049168475,0.8188286808976464,0.4367816091954023,3,0,42,20
Random-K6-385,Random-fixed,6,300;370;440;485;555;610,0.20377755007781992,0.17332342054853586,0.4076827455961164,0.5504501762294036,0.9798532567278668,0.9186987368183266,0.8357096081835165,0.9983128464690287,0.0016871535309713184,0.9775588396278051,0.9184455391351943,29,25,42,45
Random-K6-386,Random-fixed,6,310;345;405;455;600;665,0.19235788684325458,0.1620070185076684,0.3717223825849247,0.5349901544544686,0.9825973509367583,0.9372882301497673,0.8455255968829282,0.9966256929380574,0.003374307061942637,0.9819376026272578,0.9337712096332785,29,28,42,35
Random-K6-387,Random-fixed,6,355;395;450;470;495;660,0.24432516114937627,0.17990349832481278,0.45311693707099976,0.6227043117258602,0.973391765710306,0.9178307990962737,0.8248228834698624,0.9785490479633646,0.021450952036635332,0.9775588396278051,0.8620689655172413,27,26,42,20
Random-K6-388,Random-fixed,6,305;340;395;415;455;560,0.17011279550658143,0.14818775594059913,0.4806375001979919,0.493131739563337,0.9859434847799327,0.9117435982179106,0.8733845618542416,0.997589780670041,0.002410219329959026,0.9835796387520527,0.9578544061302682,29,29,42,20
Random-K6-389,Random-fixed,6,310;415;485;515;610;675,0.22158954843079917,0.17466539137223772,0.40513426570986044,0.5790266207078042,0.9761814015786954,0.9169033665396774,0.81570257926337,0.9966256929380574,0.003374307061942637,0.9770114942528736,0.9337712096332785,29,28,42,30
Random-K6-390,Random-fixed,6,340;365;470;490;615;655,0.24497830950781344,0.18451003967579918,0.5052128572827006,0.6402213312812826,0.9753343430110027,0.9051821970566821,0.7900442458125188,0.9922872981441311,0.007712701855868884,0.9792008757525997,0.9310344827586207,29,26,42,20
Random-K6-391,Random-fixed,6,320;345;485;630;660;700,0.2569865267901312,0.19027148240450473,0.5083674637776842,0.5911001239885298,0.9725590124732478,0.8978914112009682,0.8066032701708855,0.9961436490720655,0.003856350927934442,0.950191570881226,0.8336070060207991,26,16,42,25
Random-K6-392,Random-fixed,6,310;355;530;555;600;625,0.2764703191339211,0.19520538616770242,0.501264021973962,0.584933634767876,0.9648579174091665,0.8936279505248136,0.8113194157113305,0.9966256929380574,0.003374307061942637,0.9173508483853311,0.6376573617952929,17,9,42,25
Random-K6-393,Random-fixed,6,330;400;435;480;595;690,0.19741715667680979,0.16279474313479989,0.3789191378837703,0.5325636821961482,0.9803854318329388,0.9344596636653565,0.8491311262830088,0.9893950349481803,0.010604965051819716,0.9863163656267103,0.9239189928845101,29,28,42,35
Random-K6-394,Random-fixed,6,315;395;450;480;630;675,0.19853728591969372,0.1689545278968468,0.37774850566362234,0.5362414605728197,0.9803526994340179,0.9253559759965421,0.8450595420013854,0.9959026271390696,0.0040973728609303445,0.9731800766283524,0.9009304871373838,29,26,42,30
Random-K6-395,Random-fixed,6,400;445;495;580;600;650,0.26036576500397723,0.19219549577943074,0.5805895909339043,0.8674990221144601,0.968391446683536,0.8474726576928713,0.7558639438297826,0.9532417449987949,0.04675825500120511,0.8856048166392994,0.5648604269293924,12,0,42,20
Random-K6-396,Random-fixed,6,315;360;440;495;560;620,0.21850984429110015,0.18161578985305024,0.39747366127744516,0.5737217501210397,0.9771234199616681,0.9202976530675383,0.8206815968004184,0.9959026271390696,0.0040973728609303445,0.9775588396278051,0.9233716475095786,29,28,42,45
Random-K6-397,Random-fixed,6,300;390;540;600;650;685,0.25246831780867696,0.18203636674333207,0.47028438767780734,0.5912311034202133,0.9678549874372716,0.888254022415689,0.8127687086792905,0.9983128464690287,0.0016871535309713184,0.9458128078817735,0.8007662835249042,24,13,42,35
Random-K6-398,Random-fixed,6,340;370;400;510;535;660,0.2379141307506844,0.17450226389153906,0.41844203212638675,0.586806450743267,0.9757653811773932,0.9275457988399778,0.8220001820187635,0.9898770788141721,0.01012292118582791,0.9698960043787629,0.8949096880131362,27,22,42,25
Random-K6-399,Random-fixed,6,335;365;440;530;645;670,0.22588221404569633,0.1853918256873,0.45850562971245834,0.6083810820770019,0.9769955077004223,0.9206392167106228,0.8091167443969612,0.9915642323451435,0.008435767654856591,0.9841269841269842,0.9458128078817735,29,27,42,25
Random-K6-400,Random-fixed,6,300;335;385;510;540;630,0.2216083533512194,0.16577956881686434,0.37296461231898914,0.5425586716356597,0.9769562532004762,0.935862377875732,0.8488936334686225,0.9983128464690287,0.0016871535309713184,0.9534756431308156,0.8429118773946359,26,17,42,30
Random-K6-401,Random-fixed,6,335;395;445;470;655;700,0.21261741332803213,0.1734800435860278,0.4220683784679214,0.5200121799210582,0.9781165528433299,0.9308591052456672,0.85526979496416,0.9891540130151844,0.010845986984815618,0.9764641488779421,0.870279146141215,28,27,42,25
Random-K6-402,Random-fixed,6,400;455;485;520;585;700,0.24379441572290006,0.17981540270397925,0.5357212608900102,0.6596714907876459,0.9706948793191642,0.8759339480551209,0.8190084039579575,0.9402265606170161,0.05977343938298385,0.8998357963875205,0.5582922824302136,14,2,42,30
Random-K6-403,Random-fixed,6,380;410;470;500;590;650,0.2513705121202062,0.1947685786297017,0.5556136244676865,0.7698798677846941,0.968309320140296,0.8495631685130521,0.7645309720408284,0.975174740901422,0.02482525909857797,0.9430760810071154,0.6507936507936508,23,10,42,30
Random-K6-404,Random-fixed,6,330;425;510;550;650;680,0.2348538221500974,0.17638089011173907,0.4592498159389712,0.565392245322369,0.9736459684278779,0.9156706058242501,0.8258132098262151,0.9893950349481803,0.010604965051819716,0.9655172413793103,0.9047619047619048,29,21,42,30
Random-K6-405,Random-fixed,6,360;410;455;520;580;670,0.20743290864767178,0.17277240762094867,0.3432605836992307,0.5988997056419845,0.9805807952159625,0.9426368723164437,0.8294771431560337,0.9715594119064835,0.02844058809351651,0.9775588396278051,0.7438423645320197,28,28,42,45
Random-K6-406,Random-fixed,6,310;335;360;380;540;585,0.2261017389962586,0.16655560625539742,0.35494317736266245,0.5248555487971281,0.978100017350191,0.9386015717689148,0.8563240910112055,0.997589780670041,0.002410219329959026,0.9414340448823207,0.7651888341543513,23,11,42,20
Random-K6-407,Random-fixed,6,430;550;570;620;645;665,0.30225877434530246,0.1898660722171286,0.5654552225186538,0.7901873624755353,0.9613319196894089,0.8637697246137678,0.7678688052332276,0.8951554591467824,0.10484454085321765,0.705528188286809,0.18609742747673783,0,0,42,20
Random-K6-408,Random-fixed,6,395;425;475;510;625;650,0.2817179066415029,0.19868663026801558,0.5954968732534309,0.8406040268740115,0.9613030563125056,0.847490572551469,0.7602308734269967,0.9691491925765244,0.030850807423475537,0.8921729611384784,0.6163108921729611,14,3,42,25
Random-K6-409,Random-fixed,6,355;375;415;460;560;600,0.22222856529383844,0.17924389982689762,0.4627504440607567,0.6602789638545515,0.977490617401618,0.9011975687039409,0.8060100242399788,0.9918052542781393,0.008194745721860689,0.9841269841269842,0.9014778325123153,29,27,42,20
Random-K6-410,Random-fixed,6,305;420;495;555;610;690,0.2226463464798767,0.17950825843505408,0.4335961193052908,0.600882333598931,0.9756859238252718,0.9085889727931145,0.8015927950061028,0.997589780670041,0.002410219329959026,0.9594964422550629,0.8790366721401204,27,19,42,55
Random-K6-411,Random-fixed,6,335;405;490;605;650;670,0.21999001439443586,0.1782260656809812,0.45224156277263095,0.5493022142910405,0.976756111827672,0.9241639185920468,0.8365129837734798,0.9891540130151844,0.010845986984815618,0.9841269841269842,0.9392446633825944,29,28,42,20
Random-K6-412,Random-fixed,6,305;460;495;555;615;685,0.2271416560385984,0.1781897350026426,0.43299753473503616,0.6207186227989411,0.9758064135295367,0.9079469664948626,0.7863302812171045,0.997589780670041,0.002410219329959026,0.9594964422550629,0.8916256157635468,26,20,42,35
Random-K6-413,Random-fixed,6,305;340;490;555;590;610,0.2548015194179478,0.1831359782619122,0.4938384539491909,0.5845388071247934,0.9715832222781786,0.9009976577682199,0.8124943508361808,0.997589780670041,0.002410219329959026,0.9337712096332785,0.7920087575259989,21,9,42,20
Random-K6-414,Random-fixed,6,435;485;515;580;630;690,0.3041000719516621,0.19858230325625315,0.5749066671286028,0.9351165509371859,0.9570130005202967,0.8562262624885002,0.7664557118950734,0.9228729814413111,0.07712701855868884,0.7153804050355775,0.3185550082101806,1,0,42,30
Random-K6-415,Random-fixed,6,345;380;540;560;600;650,0.261941759172562,0.19368270284518257,0.5244718465329979,0.6274989690220992,0.9720475379292449,0.9096435955983155,0.7843557008614019,0.9848156182212582,0.015184381778741865,0.9512862616310892,0.8013136288998358,22,15,42,20
Random-K6-416,Random-fixed,6,365;410;430;560;580;600,0.20198596017610287,0.17059196579717437,0.3386181934673772,0.60438243018231,0.9795219589904905,0.940896012624986,0.8258764640693829,0.9681851048445409,0.03181489515545915,0.9660645867542419,0.8314176245210728,27,18,42,20
Random-K6-417,Random-fixed,6,325;375;415;435;680;700,0.194271032887823,0.16182793544175733,0.4426936357549602,0.48315403513953803,0.9810890637408163,0.9141760541383601,0.8755409993412107,0.9910821884791516,0.008917811520848397,0.9792008757525997,0.9376026272577997,29,28,42,20
Random-K6-418,Random-fixed,6,310;335;420;530;580;685,0.21912058442271604,0.1784840045200638,0.4216720982630895,0.5605959674592639,0.9757469439971027,0.9217288655902649,0.8280925315935611,0.997589780670041,0.002410219329959026,0.9655172413793103,0.9178981937602627,29,22,42,25
Random-K6-419,Random-fixed,6,400;540;575;635;660;685,0.2860660899149328,0.190367579250995,0.5629300180429292,0.7142336461311343,0.9585644838196509,0.8545405011743692,0.7654560152977471,0.9402265606170161,0.05977343938298385,0.8752052545155994,0.5960591133004925,12,1,42,25
Random-K6-420,Random-fixed,6,325;415;460;510;540;625,0.20299295366917325,0.1699233033017243,0.4044036317351772,0.5795597298926987,0.9792477364036912,0.9196437756391227,0.8186054720223427,0.9910821884791516,0.008917811520848397,0.9874110563765736,0.9704433497536945,29,29,42,30
Random-K6-421,Random-fixed,6,325;440;515;605;665;700,0.22256518460488908,0.17624975655321531,0.43931854508731977,0.5872817618261366,0.9760229161247441,0.9117934583704679,0.8094420842406951,0.9910821884791516,0.008917811520848397,0.983032293377121,0.918992884510126,29,27,42,35
Random-K6-422,Random-fixed,6,330;365;415;590;630;680,0.21566206832661966,0.16486839122346397,0.4116866447559186,0.5152556234284267,0.9801453123711632,0.9326747896125914,0.8586439141295851,0.9893950349481803,0.010604965051819716,0.9797482211275315,0.9102353585112206,29,23,42,35
Random-K6-423,Random-fixed,6,305;335;355;470;600;665,0.2375240739243798,0.18779863081298534,0.4570943551187633,0.5609611545239049,0.975689921411008,0.9114395452720331,0.8285179725780034,0.997589780670041,0.002410219329959026,0.9649698960043787,0.9091406677613574,29,26,42,20
Random-K6-424,Random-fixed,6,335;355;390;480;545;685,0.24675859204429293,0.17899831057370344,0.44637481114056216,0.564267817327512,0.9740154714661693,0.927388611465442,0.8301981302373055,0.9956616052060737,0.004338394793926247,0.9589490968801313,0.8899835796387521,28,20,42,20
Random-K6-425,Random-fixed,6,340;410;470;580;615;685,0.2367533456402365,0.17842588748373786,0.4692875110542514,0.5472783853203593,0.976462948711017,0.9235129201783611,0.8390061193908767,0.9840925524222705,0.015907447577729574,0.9874110563765736,0.9304871373836892,29,27,42,35
Random-K6-426,Random-fixed,6,320;420;440;515;535;580,0.21331527432185976,0.17100395090488546,0.39254499539033344,0.5358367310901716,0.9770890615363341,0.9200235018188411,0.844834015295779,0.9927693420101229,0.0072306579898770785,0.9819376026272578,0.9529282977558841,29,29,42,20
Random-K6-427,Random-fixed,6,300;335;415;575;645;695,0.22072510107725465,0.16839862787357515,0.40852290143855885,0.5526409875379924,0.9768668855174266,0.9244555587572146,0.8359736887846962,0.9983128464690287,0.0016871535309713184,0.9781061850027366,0.9020251778872468,29,25,42,35
Random-K6-428,Random-fixed,6,305;330;355;435;535;655,0.23832665361048527,0.17732169780393411,0.4393441846519226,0.552312118502934,0.9738350192709915,0.921202159983874,0.8342568062730894,0.9983128464690287,0.0016871535309713184,0.9748221127531472,0.90311986863711,29,26,42,25
Random-K6-429,Random-fixed,6,385;445;490;575;610;660,0.22358262768250242,0.1861181665413007,0.49885043207794016,0.6318953552397156,0.9754298524662529,0.8775982224277339,0.8146230025379441,0.9551699204627621,0.04483007953723789,0.9480021893814996,0.7022441160372195,23,13,42,35
Random-K6-430,Random-fixed,6,315;360;425;520;620;675,0.20923780246065682,0.16993459060608154,0.37428802609660333,0.5334854396281229,0.979084294679581,0.9295900044770056,0.8474021500823494,0.9959026271390696,0.0040973728609303445,0.967159277504105,0.9080459770114943,29,24,42,45
Random-K6-431,Random-fixed,6,380;450;540;585;625;655,0.2250784449306663,0.1848181838362932,0.4691902448759577,0.649852440777718,0.9743436038829967,0.8876821292931153,0.8048578869007674,0.9549288985297663,0.04507110147023379,0.9469074986316366,0.7925561029009304,23,13,42,30
Random-K6-432,Random-fixed,6,395;415;460;485;580;625,0.27260722717468494,0.19152532446053155,0.5362046382575705,0.6650430261561875,0.9629924174579675,0.8773503929608535,0.8165850014282907,0.9691491925765244,0.030850807423475537,0.896551724137931,0.6070060207991241,13,2,42,20
Random-K6-433,Random-fixed,6,340;380;515;535;605;645,0.25073371457424376,0.17925195133231847,0.4596064042689,0.5560638891565288,0.973078831067042,0.9247271931084365,0.8315993599620274,0.9840925524222705,0.015907447577729574,0.9611384783798578,0.8735632183908046,26,18,42,20
Random-K6-434,Random-fixed,6,300;350;375;415;495;555,0.19351655384371616,0.1615875742406159,0.3503286470617825,0.5093448319106414,0.9815472817487676,0.9376501316815108,0.8606954388638419,0.9983128464690287,0.0016871535309713184,0.9786535303776682,0.9293924466338259,29,25,42,25
Random-K6-435,Random-fixed,6,310;335;360;425;465;610,0.19648348124159795,0.1623299988078178,0.36919596719450887,0.5198515510588698,0.9819836330124231,0.9380268020771924,0.8542566162418661,0.997589780670041,0.002410219329959026,0.9688013136288999,0.9178981937602627,29,25,42,25
Random-K6-436,Random-fixed,6,300;380;425;450;530;565,0.21220149384492917,0.16880880974478515,0.4131218813963725,0.5405977842566706,0.9803409806859902,0.9234646616598092,0.8417506801623232,0.9983128464690287,0.0016871535309713184,0.9600437876299945,0.90311986863711,29,21,42,25
Random-K6-437,Random-fixed,6,335;435;480;520;555;700,0.23620376602584206,0.18249983360107075,0.4812222217946484,0.5713243388560721,0.9729466045756083,0.9119738638006347,0.8240128914420715,0.9891540130151844,0.010845986984815618,0.9824849480021893,0.9381499726327313,29,25,42,35
Random-K6-438,Random-fixed,6,365;395;450;515;610;645,0.24190818112596504,0.18679180002946422,0.48340544779419437,0.721554669962992,0.9714639312484833,0.882325689911283,0.7773759021607671,0.9804772234273319,0.019522776572668113,0.9584017515051997,0.8905309250136835,28,19,42,30
Random-K6-439,Random-fixed,6,460;480;545;630;655;695,0.26958485334912097,0.18633677214657035,0.5148503582101044,0.7844865822889289,0.967243132690633,0.8726467170193042,0.7937851871020397,0.8987707881417208,0.1012292118582791,0.6250684181718663,0.2818828680897646,0,0,42,20
Random-K6-440,Random-fixed,6,330;390;435;465;505;695,0.19750779074810307,0.16233170014992407,0.37773710126302834,0.5128727401816757,0.9809013159068348,0.9357596054776763,0.859695935153724,0.9893950349481803,0.010604965051819716,0.9808429118773946,0.8565955117679256,28,27,42,30
Random-K6-441,Random-fixed,6,330;350;390;575;600;625,0.24991709493231065,0.18098793100747637,0.45583019236211675,0.5607324021944472,0.9751059361927567,0.9272139645001419,0.8286751672129512,0.9951795613400819,0.004820438659918052,0.9419813902572524,0.7848932676518883,21,12,42,20
Random-K6-442,Random-fixed,6,315;335;360;565;635;695,0.27468123216941015,0.19766448504507012,0.47753913226393463,0.5804092596211592,0.969491412294335,0.9073001562451991,0.8152211769183191,0.9980718245360328,0.001928175463967221,0.9146141215106732,0.615216201423098,17,7,42,20
Random-K6-443,Random-fixed,6,405;465;515;565;630;650,0.274341463154957,0.18916295402228273,0.5598374176223243,0.6732839409189763,0.9675805024527887,0.8696348231693377,0.8088953430310113,0.9281754639672211,0.07182453603277898,0.8357963875205253,0.48987411056376573,6,0,42,20
Random-K6-444,Random-fixed,6,355;445;470;520;565;595,0.250985975579498,0.19071046908547626,0.4907393692452711,0.5822003941072642,0.9736474609387602,0.9141501111884293,0.8296895775747352,0.9746926970354303,0.025307302964569775,0.9759168035030105,0.8910782703886152,28,26,42,25
Random-K6-445,Random-fixed,6,300;375;435;500;530;590,0.20478974543032544,0.17218881148184567,0.41628700735074237,0.5521115717366731,0.9791871513074457,0.9173072281028302,0.8357554099809077,0.9983128464690287,0.0016871535309713184,0.9781061850027366,0.9321291735084838,29,26,42,30
Random-K6-446,Random-fixed,6,410;435;510;535;600;635,0.3069157829508891,0.19688750354709306,0.5820972015984444,0.7306755745285332,0.9582427975536562,0.8686967536678645,0.7924569111779162,0.9568570739937334,0.04314292600626657,0.8363437328954569,0.48713738368910786,5,0,42,25
Random-K6-447,Random-fixed,6,385;490;525;585;610;680,0.25604467846328904,0.19308033305580827,0.5290017058092041,0.6658425772115053,0.9667081340171035,0.8548117942542589,0.7781013283705935,0.9551699204627621,0.04483007953723789,0.9512862616310892,0.7137383689107826,21,16,42,25
Random-K6-448,Random-fixed,6,380;480;510;605;640;685,0.24142858406383708,0.18659450325788174,0.48634783723935093,0.6599034285277615,0.9704825209131928,0.8763342698234523,0.7880169702308857,0.9549288985297663,0.04507110147023379,0.9490968801313627,0.7624521072796935,22,12,42,30
Random-K6-449,Random-fixed,6,300;370;395;575;630;665,0.24601512756632563,0.18330428804474824,0.4404355229423999,0.5349603356661353,0.9703563297226991,0.8996068304536102,0.8466188060966107,0.9983128464690287,0.0016871535309713184,0.9485495347564312,0.8708264915161467,27,14,42,25
Random-K6-450,Random-fixed,6,310;415;470;570;625;655,0.22312942146253864,0.1741886932733156,0.40765616553336675,0.5919221949807082,0.9765782311506463,0.9154562006208832,0.8065742011137497,0.9966256929380574,0.003374307061942637,0.9737274220032841,0.9206349206349206,29,25,42,30
Random-K6-451,Random-fixed,6,315;360;390;445;480;620,0.19662108995364824,0.16783868579341898,0.35383836697029236,0.4836202949802771,0.9812950534809294,0.9352715534715585,0.8754276895919232,0.9959026271390696,0.0040973728609303445,0.9715380405035577,0.916256157635468,29,27,42,30
Random-K6-452,Random-fixed,6,330;385;480;645;665;700,0.2284599771142502,0.1742841901844641,0.40577256894821695,0.5448536308215184,0.9764345058002032,0.9297379037047998,0.8400052379026703,0.9893950349481803,0.010604965051819716,0.9682539682539683,0.8691844553913519,27,19,42,20
Random-K6-453,Random-fixed,6,335;500;565;595;615;690,0.25541439877113115,0.19958429383738044,0.5175154304705412,0.5986955631579374,0.971523400704578,0.904865556931556,0.8024342058875965,0.9891540130151844,0.010845986984815618,0.9239189928845101,0.8204707170224411,20,10,42,20
Random-K6-454,Random-fixed,6,315;370;450;645;665;700,0.214740374752217,0.17307392944431185,0.3793119354533813,0.5352650468091623,0.9767998278257228,0.9249638286637198,0.8462211367944552,0.9959026271390696,0.0040973728609303445,0.9627805145046523,0.9058565955117679,29,23,42,20
Random-K6-455,Random-fixed,6,365;475;525;565;595;635,0.24880257432914574,0.1869386576597346,0.4465134635190049,0.6729368232478411,0.9717788592746652,0.9013916869290903,0.7776794657688734,0.9681851048445409,0.03181489515545915,0.9638752052545155,0.8582375478927203,27,21,42,30
Random-K6-456,Random-fixed,6,390;465;555;605;635;660,0.24950245232786492,0.18910201023195225,0.539795976773949,0.6587870254890845,0.9684792288154447,0.8630535590822296,0.8000969990893989,0.9448059773439383,0.0551940226560617,0.920087575259989,0.6447728516694033,17,4,42,25
Random-K6-457,Random-fixed,6,315;465;495;550;605;660,0.21932418966996878,0.17678510782492757,0.4092895709479735,0.5943874717498765,0.975953527445602,0.9118201673450782,0.804565773711816,0.9959026271390696,0.0040973728609303445,0.9512862616310892,0.8960043787629994,28,15,42,30
Random-K6-458,Random-fixed,6,325;385;430;460;575;645,0.1868469427142763,0.1643384743787002,0.3483317436308315,0.5014578216068266,0.9824851480487728,0.9389464410959204,0.8652553717003225,0.9910821884791516,0.008917811520848397,0.9813902572523261,0.9562123700054733,29,29,42,30
Random-K6-459,Random-fixed,6,350;380;440;470;545;675,0.24438165175150614,0.18654336017121922,0.49497471346074323,0.6369823469250188,0.9748757802977429,0.9090231091102804,0.8137282832550308,0.9852976620872499,0.01470233791275006,0.983032293377121,0.9447181171319102,29,27,42,30
Random-K6-460,Random-fixed,6,315;360;460;620;655;680,0.23344210422496584,0.18349892954539243,0.42405104255870363,0.5676341650777206,0.9758073653977919,0.9137707827408744,0.8242756075669618,0.9959026271390696,0.0040973728609303445,0.975369458128079,0.896551724137931,28,25,42,25
Random-K6-461,Random-fixed,6,460;480;520;545;585;685,0.26727350565535013,0.18243798388394938,0.5125318596229845,0.7752211082422726,0.9686317807390179,0.8771385879975583,0.8026413228755811,0.8987707881417208,0.1012292118582791,0.6535303776683087,0.33278598795840175,0,0,42,20
Random-K6-462,Random-fixed,6,345;365;435;465;535;620,0.2231380439503694,0.1817162584680593,0.49310601119154024,0.6189381059615777,0.9789652926002718,0.9094676392153762,0.8142896866088055,0.9930103639431188,0.0069896360568811764,0.9890530925013684,0.9469074986316366,29,27,42,20
Random-K6-463,Random-fixed,6,300;395;435;480;520;640,0.2244665232333069,0.17695769242047904,0.4472945821319787,0.589971301191541,0.9766506613366845,0.9114823921408778,0.8078842133246616,0.9983128464690287,0.0016871535309713184,0.9688013136288999,0.8888888888888888,28,24,42,40
Random-K6-464,Random-fixed,6,350;415;465;540;655;680,0.2423178449804574,0.1874950196138902,0.4770315309246925,0.5706898356163285,0.9765867270183243,0.9272668254437793,0.8335038790174251,0.9787900698963605,0.021209930103639432,0.9857690202517788,0.918992884510126,29,28,42,25
Random-K6-465,Random-fixed,6,330;405;435;540;595;675,0.2078428530331895,0.1702851989847697,0.40226462874103397,0.5256824362425228,0.9785895360371398,0.9287508696354603,0.8508823942048461,0.9893950349481803,0.010604965051819716,0.9896004378762999,0.9321291735084838,29,28,42,30
Random-K6-466,Random-fixed,6,310;390;410;490;625;650,0.21324398684010962,0.17212358500019917,0.40439565129816646,0.5320606179065376,0.9771565951647359,0.9185132831138515,0.8483923916663191,0.9966256929380574,0.003374307061942637,0.9808429118773946,0.8872468527640941,28,27,42,20
Random-K6-467,Random-fixed,6,375;420;460;505;550;585,0.19641104285629662,0.16934498973345408,0.4507413401839979,0.7360389701908991,0.9806654185402521,0.9038273051274885,0.7878220374592423,0.9640877319836105,0.03591226801638949,0.939792008757526,0.6261631089217295,26,10,42,35
Random-K6-468,Random-fixed,6,305;335;450;540;575;685,0.22123374437212256,0.1759194530959732,0.4683065731442938,0.5843829744150028,0.9760180389132004,0.9093358744835052,0.8119921239386835,0.997589780670041,0.002410219329959026,0.9698960043787629,0.9146141215106732,29,23,42,30
Random-K6-469,Random-fixed,6,345;400;440;510;555;600,0.2146931936035701,0.17550839279864203,0.43120715803976845,0.5273635306765969,0.979860617189415,0.9391516784170968,0.8558840577383148,0.9816823330923115,0.0183176669076886,0.986863711001642,0.9425287356321838,29,28,42,40
Random-K6-470,Random-fixed,6,305;405;445;615;640;700,0.22899463168147194,0.18285381683301252,0.4376528745762305,0.5995847912643024,0.9753596054220761,0.9070407522098697,0.8004869480894947,0.997589780670041,0.002410219329959026,0.9556650246305418,0.8604269293924467,27,16,42,25
Random-K6-471,Random-fixed,6,350;380;435;480;540;645,0.22680659088278418,0.18633796056340587,0.4887339123562468,0.6455772128120322,0.9756777584301198,0.910164063542028,0.8096004645746879,0.9852976620872499,0.01470233791275006,0.9857690202517788,0.9512862616310892,29,29,42,30
Random-K6-472,Random-fixed,6,495;525;560;590;640;700,0.2398825416242039,0.17353914069934995,0.43622886045625414,0.7338748722526237,0.9717803320142293,0.9139535812139832,0.8175395118651129,0.844058809351651,0.155941190648349,0.5566502463054187,0.19157088122605362,0,0,42,30
Random-K6-473,Random-fixed,6,325;430;460;495;660;685,0.22016195467699526,0.17372892820966732,0.42466861125900157,0.5416397107246358,0.9755447471592046,0.914599985426472,0.8406896527926963,0.9910821884791516,0.008917811520848397,0.9792008757525997,0.9129720853858784,29,26,42,25
Random-K6-474,Random-fixed,6,440;475;530;570;600;700,0.3013264366974239,0.2007413447723497,0.5571753619670193,0.8451762918604845,0.958020480033273,0.8664866480089032,0.7880459079388002,0.9248011569052784,0.07519884309472162,0.6496989600437876,0.31089217296113847,0,0,42,30
Random-K6-475,Random-fixed,6,315;385;445;555;605;685,0.2055887124577022,0.167054642757875,0.3795561036949152,0.5326865698570676,0.9789867149711043,0.9249552973139008,0.8487599667127201,0.9959026271390696,0.0040973728609303445,0.9688013136288999,0.9080459770114943,29,27,42,50
Random-K6-476,Random-fixed,6,325;355;415;440;510;615,0.1934878816650985,0.16158033910978453,0.3770869262808754,0.5144942006744774,0.9824104085933142,0.9387751527230171,0.8577525021131969,0.9930103639431188,0.0069896360568811764,0.9846743295019157,0.9660645867542419,29,29,42,25
Random-K6-477,Random-fixed,6,410;485;585;630;675;700,0.2762546799338401,0.2012850290625026,0.581170168894096,0.7536211871714222,0.96274725948335,0.8606289113612052,0.7800395895395997,0.9226319595083152,0.07736804049168475,0.8330596606458676,0.48549534756431306,3,0,42,25
Random-K6-478,Random-fixed,6,345;450;505;580;635;655,0.26150338152364494,0.18979789952767565,0.5140402925172498,0.6024576170434831,0.9728104286193733,0.9038895857226656,0.8125303540870353,0.9816823330923115,0.0183176669076886,0.9737274220032841,0.9151614668856047,29,26,42,20
Random-K6-479,Random-fixed,6,325;385;490;535;560;685,0.22647465474395112,0.1685590972807826,0.38933646448525383,0.5485396677216966,0.9756244677648694,0.9274335751185386,0.8378552127465142,0.9910821884791516,0.008917811520848397,0.9660645867542419,0.8784893267651889,27,21,42,25
Random-K6-480,Random-fixed,6,355;390;465;495;515;575,0.246589611416974,0.1883664883404643,0.4935963990860573,0.6637705209588377,0.9730692264967677,0.8974539137039186,0.7975908962365743,0.9824053988912991,0.017594601108700893,0.9857690202517788,0.870279146141215,28,25,42,20
Random-K6-481,Random-fixed,6,485;530;550;585;620;695,0.25418957813104165,0.179144950395378,0.4716465036916152,0.7569151572702647,0.9700882958010332,0.8880808107182211,0.8217656206765713,0.8609303446613642,0.13906965533863583,0.6009852216748768,0.1592775041050903,0,0,42,20
Random-K6-482,Random-fixed,6,300;420;555;600;625;670,0.24458424641759918,0.18701692875820683,0.4641570506203449,0.6175769661040741,0.9712748196371923,0.9010348236959539,0.7907752846329102,0.9983128464690287,0.0016871535309713184,0.9463601532567051,0.8708264915161467,26,14,42,25
Random-K6-483,Random-fixed,6,350;385;455;475;605;635,0.23312576568513688,0.18827788902281722,0.468647743252569,0.6206369324113736,0.9772333311959958,0.9189253760678572,0.8089485383409478,0.9821643769583032,0.017835623041696794,0.9813902572523261,0.9518336070060207,29,29,42,20
Random-K6-484,Random-fixed,6,330;435;455;515;535;625,0.22821754430690733,0.17565796265554143,0.46077447298871615,0.5531175448144282,0.9745216170460682,0.9120951932424919,0.8335224746813825,0.9893950349481803,0.010604965051819716,0.9852216748768472,0.9222769567597153,29,26,42,20
Random-K6-485,Random-fixed,6,355;390;450;505;535;650,0.24599670632536277,0.1887285949149386,0.4887099415867891,0.664569087147793,0.9717376567288258,0.8991007175285387,0.8025808220073016,0.9824053988912991,0.017594601108700893,0.9748221127531472,0.9118773946360154,29,27,42,30
Random-K6-486,Random-fixed,6,320;410;450;495;540;600,0.2083834882088831,0.16542366872337302,0.38328490699847556,0.5750824458556975,0.9781258163033104,0.9224707371567723,0.8220432058544758,0.9927693420101229,0.0072306579898770785,0.983032293377121,0.9058565955117679,29,27,42,40
Random-K6-487,Random-fixed,6,370;410;475;495;525;560,0.22246757241273307,0.1787438044918816,0.44753074440048174,0.6982358012874156,0.975094676096261,0.8998058785628958,0.7849695691183807,0.9730055435044589,0.026994456495541094,0.962233169129721,0.7608100711548987,27,22,42,20
Random-K6-488,Random-fixed,6,320;420;520;550;585;635,0.22187125902456403,0.17673633679277825,0.3997858932238709,0.5591196227783379,0.9754918244109881,0.9176429822117359,0.8296178973303051,0.9927693420101229,0.0072306579898770785,0.9720853858784892,0.916256157635468,29,25,42,30
Random-K6-489,Random-fixed,6,375;400;445;545;595;620,0.2439120083748409,0.18677688004687562,0.5357993408191818,0.7337781763454352,0.9705752523418731,0.85905598186619,0.7741580047284853,0.9824053988912991,0.017594601108700893,0.9403393541324575,0.7000547345374931,25,11,42,25
Random-K6-490,Random-fixed,6,315;365;450;500;655;695,0.21167901157057978,0.17274991411183493,0.3761700034984741,0.5668066936601578,0.9776458606556526,0.9258279467964428,0.8240863787538067,0.9959026271390696,0.0040973728609303445,0.9688013136288999,0.9080459770114943,29,25,42,40
Random-K6-491,Random-fixed,6,310;365;505;595;620;680,0.25284794907631136,0.18581645610744502,0.43361173428146743,0.5980669622151394,0.9698923459350471,0.90301280253511,0.8026570872919758,0.9966256929380574,0.003374307061942637,0.9381499726327313,0.7690202517788725,20,13,42,25
Random-K6-492,Random-fixed,6,305;440;495;550;570;615,0.22367442970539575,0.1787043966625142,0.435623904028644,0.6343599556828338,0.9756138610992129,0.9065930606282877,0.7730702393674183,0.997589780670041,0.002410219329959026,0.9726327312534209,0.8932676518883416,28,23,42,20
Random-K6-493,Random-fixed,6,355;385;425;455;510;650,0.21634605583900893,0.1810683092098861,0.44753759294854717,0.6449971779052031,0.9773582038911436,0.9079451205081817,0.8181456680954109,0.9857797059532417,0.014220294046758255,0.9764641488779421,0.8954570333880678,28,27,42,30
Random-K6-494,Random-fixed,6,305;360;405;435;620;685,0.18269205258069396,0.15316591772517696,0.31380279265183586,0.5112389314063531,0.9831804483705113,0.9485984471651845,0.8609057047219326,0.997589780670041,0.002410219329959026,0.9863163656267103,0.9627805145046523,29,29,42,30
Random-K6-495,Random-fixed,6,300;440;465;505;540;680,0.24028130223343003,0.1820360094128517,0.45976683593927786,0.6202786451651541,0.9733840289502463,0.9065816414847033,0.7852717621225016,0.9983128464690287,0.0016871535309713184,0.9540229885057472,0.8801313628899835,26,19,42,25
Random-K6-496,Random-fixed,6,350;395;435;470;495;580,0.2164166317676962,0.179653499934182,0.4045106271187886,0.5241553186016348,0.9806005204051184,0.9446418143393808,0.8646738673375571,0.9787900698963605,0.021209930103639432,0.9863163656267103,0.9036672140120415,29,26,42,25
Random-K6-497,Random-fixed,6,300;360;450;505;645;665,0.22912842616322568,0.1780551341797418,0.4328727300784875,0.5811550917807047,0.9738416183913763,0.9016616369307071,0.8137932811479083,0.9983128464690287,0.0016871535309713184,0.9737274220032841,0.9074986316365626,29,24,42,20
Random-K6-498,Random-fixed,6,385;415;475;515;545;635,0.2680514730624265,0.19323194141885844,0.5811572421126663,0.7948536766120455,0.9635389535835105,0.8395432760625609,0.7561700878948153,0.9763798505664015,0.023620149433598456,0.9321291735084838,0.7476737821565407,21,9,42,30
Random-K6-499,Random-fixed,6,325;410;505;620;670;690,0.22191228732560433,0.17853387456250297,0.4085171324124556,0.5655695996222243,0.9763205689776747,0.9197277399631186,0.8248155469091113,0.9910821884791516,0.008917811520848397,0.980295566502463,0.9452654625068418,29,28,42,20
Random-K6-500,Random-fixed,6,355;380;435;490;605;630,0.2451729462762292,0.18682973246882373,0.4997198518217284,0.6685321866726718,0.9743746038025889,0.8894870646192007,0.7989489615698594,0.9889129910821884,0.01108700891781152,0.986863711001642,0.9616858237547894,29,29,42,25
