configuration_id,strategy,K,selected_ex,median_reconstruction_error,p10_reconstruction_error,p90_reconstruction_error,worst_reconstruction_error,median_spectral_cosine,p10_spectral_cosine,worst_spectral_cosine,median_supported_fraction,median_unsupported_fraction,median_rho,minimum_rho,rho_ge_090_count,rho_ge_095_count,random_seed,minimum_spacing_nm
Random-K4-001,Random-fixed,4,330;470;560;615,0.24690666711307374,0.18407150037562273,0.50614089449928,0.6101752040485933,0.9730851326688724,0.9050878103243766,0.7926096415430592,0.9893950349481803,0.010604965051819716,0.9726327312534209,0.9140667761357416,29,26,42,55
Random-K4-002,Random-fixed,4,330;385;515;585,0.2367833849609481,0.16976667914965163,0.420271415239383,0.5545112903143965,0.974880816005123,0.9266946774896102,0.8355507477025647,0.9893950349481803,0.010604965051819716,0.9567597153804049,0.8467432950191571,27,16,42,55
Random-K4-003,Random-fixed,4,345;495;575;620,0.27526875195132533,0.20425960046844624,0.5104818712263621,0.641567824027082,0.9708593078176024,0.9013557980938611,0.805882243034609,0.9816823330923115,0.0183176669076886,0.9534756431308156,0.8675424192665572,26,16,42,45
Random-K4-004,Random-fixed,4,360;440;610;670,0.2546507663678378,0.20122262583244463,0.4435635778087259,0.6604542419588119,0.9715410035159315,0.9157108348092312,0.7930453074216206,0.9715594119064835,0.02844058809351651,0.9819376026272578,0.9594964422550629,29,29,42,60
Random-K4-005,Random-fixed,4,380;470;515;695,0.24229672764709342,0.18748191993186847,0.4781981834986721,0.6593894856237984,0.9702042464317733,0.8821384208075445,0.7945621509237241,0.9549288985297663,0.04507110147023379,0.9490968801313627,0.8073344280240832,24,14,42,45
Random-K4-006,Random-fixed,4,320;410;620;645,0.22815497160079418,0.17962579665102382,0.4000928083502118,0.5602379994913006,0.9741963943636688,0.9176494901778249,0.829911788989503,0.9927693420101229,0.0072306579898770785,0.9726327312534209,0.9447181171319102,29,27,42,25
Random-K4-007,Random-fixed,4,320;435;570;690,0.22877802163133396,0.1771690890800418,0.4137740815098373,0.5867852106320084,0.9738846264379437,0.9119248441004604,0.8098729060618217,0.9927693420101229,0.0072306579898770785,0.9792008757525997,0.9447181171319102,29,28,42,115
Random-K4-008,Random-fixed,4,365;445;595;690,0.24672743617374884,0.1910828083509198,0.4177193144869703,0.6922598442313989,0.9728952447459,0.9125458327838131,0.7793934954041961,0.9681851048445409,0.03181489515545915,0.9616858237547894,0.8888888888888888,28,22,42,80
Random-K4-009,Random-fixed,4,350;500;575;605,0.30186899017771773,0.2145918584960597,0.5591306904564846,0.6358161216121184,0.967441662197462,0.8963102497830945,0.7872513509683337,0.9787900698963605,0.021209930103639432,0.9463601532567051,0.8467432950191571,23,13,42,30
Random-K4-010,Random-fixed,4,415;455;655;675,0.3069523441472865,0.20249343331298675,0.6084678982386975,0.9192313488710467,0.9562153974445939,0.8473972481549714,0.7408296831379299,0.9520366353338153,0.04796336466618462,0.8051450465243569,0.5358511220580187,2,0,42,20
Random-K4-011,Random-fixed,4,345;380;490;615,0.2530921029968684,0.19158122326382318,0.5143608855760967,0.6229361352169993,0.9744940721476824,0.9114113243153824,0.7903462717570519,0.9848156182212582,0.015184381778741865,0.9633278598795839,0.886152162014231,28,21,42,35
Random-K4-012,Random-fixed,4,375;510;565;680,0.25396887180661143,0.18291346631887392,0.48585106522515037,0.6641908328769011,0.9689926408910688,0.8756523450859242,0.7681374275717936,0.9590262713906965,0.04097372860930345,0.9343185550082101,0.7914614121510672,22,11,42,55
Random-K4-013,Random-fixed,4,330;425;545;590,0.23801370283192635,0.17965020787518973,0.4601639177278945,0.5702410770047657,0.9738261873881211,0.9152637338975854,0.822330598173207,0.9893950349481803,0.010604965051819716,0.960591133004926,0.9042145593869731,29,22,42,45
Random-K4-014,Random-fixed,4,435;590;620;665,0.29414591979402066,0.19724948941077292,0.5615930984677988,0.8462144590163058,0.9580256210959891,0.8576586295503161,0.7621240720049481,0.8884068450228971,0.11159315497710291,0.7372742200328407,0.4055829228243021,1,0,42,30
Random-K4-015,Random-fixed,4,345;385;545;640,0.2570813567540204,0.18789759077783022,0.4601173483494107,0.5522687227110994,0.9730191472507524,0.9301252864160271,0.8338086437581004,0.9816823330923115,0.0183176669076886,0.9496442255062943,0.849480021893815,26,14,42,40
Random-K4-016,Random-fixed,4,465;550;600;690,0.2742316249811027,0.19792418675038165,0.5357422565568066,0.8070516302560374,0.9661346491803803,0.8744694931861455,0.7931712061335728,0.8392383706917329,0.16076162930826704,0.5867542419266557,0.25068418171866447,0,0,42,50
Random-K4-017,Random-fixed,4,460;490;520;545,0.27876774789918246,0.1867986554450589,0.5206126265732606,0.7795166013082854,0.9653415537870257,0.8739493473194521,0.7976651228380408,0.8987707881417208,0.1012292118582791,0.6261631089217295,0.337712096332786,0,0,42,25
Random-K4-018,Random-fixed,4,335;465;565;700,0.25454697097211215,0.1957866322119921,0.529667288785963,0.6049228366172004,0.9707863215144753,0.9028794692454484,0.7962841371412884,0.9891540130151844,0.010845986984815618,0.9589490968801313,0.8981937602627257,28,19,42,100
Random-K4-019,Random-fixed,4,325;515;555;610,0.24483218066817064,0.18895849342626322,0.45965893665203383,0.6000068983154384,0.9716176374271883,0.9101517312145789,0.8040366134124556,0.9910821884791516,0.008917811520848397,0.9386973180076628,0.8007662835249042,23,11,42,40
Random-K4-020,Random-fixed,4,405;505;545;620,0.2836480191150122,0.19106098615537012,0.5698841082431197,0.6934428907854105,0.9591970165923678,0.8568643058311938,0.7831016367513328,0.9281754639672211,0.07182453603277898,0.8511220580186097,0.5533661740558292,7,0,42,40
Random-K4-021,Random-fixed,4,375;410;475;680,0.25291797012711426,0.18962643767919785,0.5501068903467933,0.7716506388779797,0.9682484237334659,0.8594172225868448,0.7506451536306852,0.9739696312364425,0.026030368763557483,0.9408866995073891,0.6228790366721401,27,11,42,35
Random-K4-022,Random-fixed,4,320;395;615;650,0.2356116644762376,0.17549310934787843,0.4007616868908841,0.5556657938279993,0.973848434093609,0.918320562628528,0.8354299453478816,0.9927693420101229,0.0072306579898770785,0.967159277504105,0.9250136836343732,29,19,42,35
Random-K4-023,Random-fixed,4,340;460;530;575,0.263354255014775,0.1872281412641888,0.5116821260517253,0.6034614419390526,0.9717616428541358,0.9040299429170896,0.8000653288185411,0.9840925524222705,0.015907447577729574,0.9709906951286261,0.90311986863711,29,25,42,45
Random-K4-024,Random-fixed,4,440;465;555;695,0.3183673387985523,0.2051052020218523,0.6672489231608425,0.8335984208228394,0.9572921745016517,0.8425058946317803,0.7830226191781438,0.9248011569052784,0.07519884309472162,0.6590038314176244,0.17679255610290093,0,0,42,25
Random-K4-025,Random-fixed,4,305;345;365;460,0.23032092426727135,0.1792241447318224,0.4764107157215187,0.5656297841219935,0.9750651344415979,0.8946640359175897,0.8405505607720123,0.997589780670041,0.002410219329959026,0.9666119321291735,0.8981937602627257,28,21,42,20
Random-K4-026,Random-fixed,4,355;470;580;665,0.2822494823214079,0.204213637294823,0.5263299117837761,0.6237629976411677,0.9710730119982879,0.9051790772635738,0.7997353086205894,0.9746926970354303,0.025307302964569775,0.9792008757525997,0.9288451012588943,29,25,42,85
Random-K4-027,Random-fixed,4,460;485;505;585,0.2748093268865133,0.1840132593890058,0.5169829122039646,0.779435086993353,0.9670097085724939,0.8739945296697962,0.7976028574505706,0.8987707881417208,0.1012292118582791,0.6491516146688561,0.2835249042145594,0,0,42,20
Random-K4-028,Random-fixed,4,400;530;550;580,0.284824510525816,0.18848387680839568,0.5630916353319244,0.7148195267735293,0.9592966345450908,0.8543118442083812,0.7677912632134822,0.9402265606170161,0.05977343938298385,0.8828680897646416,0.6119321291735085,13,0,42,20
Random-K4-029,Random-fixed,4,340;430;450;690,0.2594139309281133,0.18570032680526635,0.540746446422005,0.7054498944705638,0.9728363905776416,0.8777102277310016,0.8399291807830473,0.9840925524222705,0.015907447577729574,0.975369458128079,0.8730158730158729,28,25,42,20
Random-K4-030,Random-fixed,4,390;475;570;620,0.25124520843198517,0.18887203617554071,0.54361811387037,0.6659763759583549,0.9687371836754427,0.8585893445074755,0.7935147825880299,0.9448059773439383,0.0551940226560617,0.9310344827586207,0.7192118226600985,20,9,42,50
Random-K4-031,Random-fixed,4,390;475;580;625,0.2491542526002972,0.18952563072867348,0.5439492636536517,0.6666105691398552,0.9688713821719845,0.858323840097461,0.7928203094885964,0.9448059773439383,0.0551940226560617,0.9211822660098522,0.6869184455391352,19,6,42,45
Random-K4-032,Random-fixed,4,330;360;485;665,0.268819343565278,0.19865388688896166,0.5024766399176507,0.6116353265495656,0.9709414022325774,0.908397224560064,0.7923322162067026,0.9915642323451435,0.008435767654856591,0.9611384783798578,0.8779419813902573,26,17,42,30
Random-K4-033,Random-fixed,4,405;520;575;630,0.286421169794819,0.19319004589612074,0.5718806413714522,0.6988869718402012,0.95890877164243,0.8537419264244003,0.7779252046423927,0.9281754639672211,0.07182453603277898,0.8527640941434045,0.5402298850574713,10,0,42,55
Random-K4-034,Random-fixed,4,305;490;595;640,0.229656522821916,0.18367055179306355,0.4367738594925932,0.633367097990664,0.974357879413042,0.9057788958110747,0.7833187386365367,0.9852976620872499,0.01470233791275006,0.9206349206349206,0.8133552271483305,20,7,42,45
Random-K4-035,Random-fixed,4,345;420;540;560,0.25792268292464987,0.19039074326596261,0.47727872899028473,0.5686727099790297,0.9733928604253294,0.9190671316557488,0.8289117875052602,0.9816823330923115,0.0183176669076886,0.9737274220032841,0.9085933223864259,29,25,42,20
Random-K4-036,Random-fixed,4,325;460;595;625,0.2290819908380578,0.18445751720504946,0.45171403079126393,0.6166447247496522,0.9740144670691631,0.9083514891429546,0.7872423192282819,0.9910821884791516,0.008917811520848397,0.9709906951286261,0.9168035030103995,29,26,42,30
Random-K4-037,Random-fixed,4,350;375;445;575,0.24578418118380302,0.1864238713445946,0.5097230421336565,0.6615507501603052,0.9731364181216853,0.9011149078461077,0.7909690756193154,0.9881899252832008,0.011810074716799228,0.9677066228790366,0.9107827038861521,29,26,42,25
Random-K4-038,Random-fixed,4,360;420;530;620,0.23421138640838782,0.1829142856834858,0.3973006500834545,0.6120796120801846,0.9758706284840588,0.9278969257277639,0.8105795243210054,0.9715594119064835,0.02844058809351651,0.9698960043787629,0.9042145593869731,29,25,42,60
Random-K4-039,Random-fixed,4,420;465;540;560,0.3019753618055198,0.2059690493181472,0.6003457695576557,0.9089352022048585,0.9580953160586106,0.8605988362600746,0.7570489159006625,0.9399855386840202,0.060014461315979754,0.7624521072796935,0.30322933771209637,3,0,42,20
Random-K4-040,Random-fixed,4,445;480;500;675,0.2956548925894175,0.1946196115805559,0.5793719293959827,0.8225273625867214,0.9604490329131712,0.8590062794624089,0.7848910665216423,0.9187756085803808,0.08122439141961918,0.6480569239189928,0.31143951833607003,0,0,42,20
Random-K4-041,Random-fixed,4,395;485;505;580,0.2560388871007147,0.18909565271795037,0.5499025946048106,0.7006777011945929,0.9667561335809182,0.8608469200513468,0.782505791578249,0.9397445167510243,0.06025548324897566,0.9173508483853311,0.6009852216748768,19,10,42,20
Random-K4-042,Random-fixed,4,465;500;525;635,0.27026779355405667,0.19617340245850365,0.5219893403666033,0.7669051687532296,0.9668248689878485,0.8803655705700666,0.8094216254556565,0.8917811520848398,0.10821884791516027,0.6070060207991241,0.27805145046524354,0,0,42,25
Random-K4-043,Random-fixed,4,455;495;515;645,0.2794611689008613,0.2002141804227869,0.5614336270103851,0.8188423642081184,0.9651713947243834,0.8671870782976596,0.7764998399231089,0.905760424198602,0.09423957580139793,0.632183908045977,0.30651340996168586,0,0,42,20
Random-K4-044,Random-fixed,4,300;510;615;660,0.2646084395620564,0.19018152911891253,0.4651109443093004,0.6535888739962554,0.969732211147774,0.9012974852200913,0.7745280140871509,0.960472402988672,0.03952759701132803,0.8998357963875205,0.7569786535303776,14,1,42,45
Random-K4-045,Random-fixed,4,335;420;565;585,0.24643837531412105,0.1914600028943192,0.47256369532189996,0.5671262120759626,0.9739457229080274,0.9175084299826229,0.825011747248167,0.9891540130151844,0.010845986984815618,0.9693486590038315,0.9102353585112206,29,24,42,20
Random-K4-046,Random-fixed,4,525;570;665;695,0.21124494462718127,0.17046662401652848,0.47231376614921083,0.6108245258031871,0.977437476559416,0.9040617829980144,0.8271583449568106,0.7879006989636057,0.21209930103639432,0.5626710454296661,0.11056376573617953,0,0,42,30
Random-K4-047,Random-fixed,4,380;525;650;690,0.2574785399143202,0.18890920603306535,0.5073785938035045,0.6645085723794253,0.9667065132476371,0.8641778404360252,0.7676549816586505,0.9549288985297663,0.04507110147023379,0.9381499726327313,0.8177339901477831,22,11,42,40
Random-K4-048,Random-fixed,4,410;445;520;690,0.3022366460044004,0.2113333511411095,0.6293330332461606,0.9218780010196856,0.9568009432340243,0.8386584749724534,0.7414378133351512,0.9568570739937334,0.04314292600626657,0.8456486042692939,0.4904214559386973,4,0,42,35
Random-K4-049,Random-fixed,4,370;425;660;685,0.2241578365298421,0.18906776497325703,0.48852732648972325,0.6027595665042433,0.9757142013190362,0.9128453937736893,0.8157453093919843,0.9681851048445409,0.03181489515545915,0.9485495347564312,0.8817733990147782,26,14,42,25
Random-K4-050,Random-fixed,4,390;490;645;700,0.25827252939037976,0.1917465147673863,0.5487160323662376,0.6732248654731092,0.966191706433904,0.8529418081413949,0.7851536775393197,0.9448059773439383,0.0551940226560617,0.9206349206349206,0.6278051450465244,19,10,42,55
Random-K4-051,Random-fixed,4,315;420;485;525,0.22676814619339664,0.1779225499630249,0.3948315153756881,0.5681564860110216,0.9739519195407746,0.9181173690384933,0.8237587333803379,0.9959026271390696,0.0040973728609303445,0.962233169129721,0.8888888888888888,28,23,42,40
Random-K4-052,Random-fixed,4,330;580;630;650,0.2608639837718378,0.1833769023773999,0.5135619164316235,0.5962572815784829,0.9715107364919547,0.886421337404859,0.8065269700711879,0.9893950349481803,0.010604965051819716,0.8981937602627257,0.6261631089217295,14,4,42,20
Random-K4-053,Random-fixed,4,340;425;495;525,0.26855989552729903,0.19204371275409843,0.49727333365793325,0.5642465954239664,0.971918892554202,0.9147563003302193,0.8303070469959513,0.9840925524222705,0.015907447577729574,0.9649698960043787,0.9107827038861521,29,24,42,30
Random-K4-054,Random-fixed,4,430;455;555;660,0.3178946289838157,0.2068866420446033,0.5668228119869279,0.7376321468551044,0.956536492727867,0.8636099185119178,0.7911036888808004,0.9366112316220776,0.06338876837792239,0.6902025177887248,0.31636562671045426,0,0,42,25
Random-K4-055,Random-fixed,4,300;405;460;680,0.2513934570326798,0.1850013754399076,0.5367478353754926,0.598235430909266,0.9701178073143646,0.8842628822910301,0.801797772306114,0.9983128464690287,0.0016871535309713184,0.9573070607553366,0.8423645320197045,27,19,42,55
Random-K4-056,Random-fixed,4,320;355;625;665,0.27962305990809994,0.19978043829293501,0.49111675295032875,0.5674416912129691,0.9674368508160689,0.8978852201479429,0.8239875155581576,0.9927693420101229,0.0072306579898770785,0.9250136836343732,0.69896004378763,17,9,42,35
Random-K4-057,Random-fixed,4,425;520;585;655,0.28860800705788575,0.19727968184603856,0.5789439445086979,0.808872027947107,0.9589932140865838,0.8618949316591487,0.7614258099195303,0.9028681610026512,0.09713183899734876,0.7547892720306513,0.2255062944718117,1,0,42,65
Random-K4-058,Random-fixed,4,405;430;605;690,0.2974462155128888,0.19388724243282343,0.5582038494494119,0.68084311841747,0.957213186738301,0.8653169835469499,0.7932125950217777,0.9611954687876597,0.03880453121234032,0.8489326765188835,0.5440613026819923,6,0,42,25
Random-K4-059,Random-fixed,4,305;365;475;675,0.24731661961827028,0.18189377726756184,0.4884598157223726,0.5845168210923265,0.9707600146325809,0.8999379850038699,0.8129041742486478,0.997589780670041,0.002410219329959026,0.9666119321291735,0.8910782703886152,27,22,42,60
Random-K4-060,Random-fixed,4,305;360;570;690,0.27914250812082503,0.2001322757008856,0.4743312154539565,0.6036795065493092,0.9628956844756907,0.889151688832728,0.7972356992018785,0.997589780670041,0.002410219329959026,0.9091406677613574,0.539135194307608,15,10,42,55
Random-K4-061,Random-fixed,4,505;555;600;660,0.22361624863222965,0.17394400362866577,0.46092264842054276,0.6696779612281678,0.9765353770306036,0.9150684767576908,0.8131633040030444,0.8264642082429501,0.1735357917570499,0.5046524356869184,0.19047619047619047,0,0,42,45
Random-K4-062,Random-fixed,4,305;345;580;620,0.26549429528572127,0.19474957721524083,0.511412906006849,0.5759853821564666,0.9712440079287686,0.8831001877014995,0.8262363289511172,0.997589780670041,0.002410219329959026,0.8905309250136835,0.5380405035577449,12,4,42,40
Random-K4-063,Random-fixed,4,340;460;530;675,0.26352312250181864,0.18818871189309316,0.5127992093284788,0.6046273275983088,0.9697410432094118,0.9039678791365537,0.7992560848926633,0.9840925524222705,0.015907447577729574,0.9682539682539683,0.8998357963875205,28,26,42,70
Random-K4-064,Random-fixed,4,345;415;500;525,0.242111885872245,0.18447863165986983,0.47094027855907167,0.5497819712329498,0.9750824041014124,0.922746769656345,0.837490872274527,0.9816823330923115,0.0183176669076886,0.9819376026272578,0.9408866995073891,29,28,42,25
Random-K4-065,Random-fixed,4,400;490;660;685,0.2756935753658118,0.19055823239003572,0.5561846948422793,0.7060435397835664,0.9620285298362722,0.8583197384425545,0.778700741702153,0.9402265606170161,0.05977343938298385,0.9025725232621784,0.5599343185550082,15,7,42,25
Random-K4-066,Random-fixed,4,350;505;555;645,0.3042948256148937,0.21763323109243896,0.5560138995891442,0.6376316341650614,0.9672841204728463,0.8964529461559109,0.7879444211225678,0.9787900698963605,0.021209930103639432,0.9370552818828681,0.8002189381499726,22,12,42,50
Random-K4-067,Random-fixed,4,300;460;585;690,0.24144716612953906,0.1824090537442211,0.4608630040007497,0.6386935748175514,0.9727082909678798,0.9033120867123317,0.774464261405857,0.9983128464690287,0.0016871535309713184,0.9523809523809524,0.8850574712643678,28,17,42,105
Random-K4-068,Random-fixed,4,455;570;615;665,0.2785953143017331,0.2025247923999256,0.5657971964866219,0.8535651067273716,0.9626096299249229,0.8629034636450945,0.7514207054197808,0.866232827187274,0.13376717281272596,0.6436781609195401,0.3262178434592227,0,0,42,45
Random-K4-069,Random-fixed,4,305;350;565;635,0.2841548352045738,0.2012388666685996,0.5275524547794068,0.5889439579708285,0.967188274615575,0.8876817395341488,0.8120789244464938,0.997589780670041,0.002410219329959026,0.8877941981390256,0.5325670498084292,13,5,42,45
Random-K4-070,Random-fixed,4,380;435;490;615,0.21464515747213203,0.17994268921468332,0.45409538017156564,0.6383684040413783,0.9770211525789294,0.8974553485197073,0.8136410629531264,0.9549288985297663,0.04507110147023379,0.9594964422550629,0.825944170771757,27,19,42,55
Random-K4-071,Random-fixed,4,515;580;630;665,0.2186730150089056,0.17887462037271273,0.47174849824085757,0.6305844742049057,0.9776325933371014,0.9115480843505157,0.8278217954312376,0.8074234755362738,0.1925765244637262,0.5265462506841817,0.08648056923918993,0,0,42,35
Random-K4-072,Random-fixed,4,340;440;480;665,0.2637369639625784,0.18845767266861077,0.4966875768726089,0.5675856872181426,0.9702787043595094,0.9074727178417366,0.8266770209670778,0.9840925524222705,0.015907447577729574,0.9786535303776682,0.9408866995073891,29,26,42,40
Random-K4-073,Random-fixed,4,385;405;485;530,0.25675539960246224,0.19661223360324806,0.5297014929700371,0.6470435601257287,0.9668312525710844,0.864869833618018,0.7983457646289531,0.9763798505664015,0.023620149433598456,0.939792008757526,0.7049808429118773,24,11,42,20
Random-K4-074,Random-fixed,4,555;600;620;690,0.2154869365791252,0.1644733220029358,0.5432282504834557,0.6359402782148991,0.9804446920868102,0.8589345905644609,0.8248547292311053,0.7225837551217161,0.2774162448782839,0.42528735632183906,0.18828680897646416,0,0,42,20
Random-K4-075,Random-fixed,4,350;440;490;550,0.27367919010545105,0.20024806692356578,0.534844866291343,0.6153060152136796,0.9695406006641796,0.9078622908841741,0.8121367162893294,0.9787900698963605,0.021209930103639432,0.9835796387520527,0.9463601532567051,29,28,42,50
Random-K4-076,Random-fixed,4,350;420;650;670,0.26531569016013007,0.1961518007435115,0.4960527476980386,0.5792416155321568,0.9735837737956563,0.9205917402141046,0.8230693029495978,0.9787900698963605,0.021209930103639432,0.9638752052545155,0.906951286261631,29,22,42,20
Random-K4-077,Random-fixed,4,350;370;425;545,0.24527592846868915,0.1912433369429694,0.5208228522865043,0.6355098893291811,0.9746807127116084,0.9032417149130738,0.8009145813928099,0.9910821884791516,0.008917811520848397,0.9616858237547894,0.9014778325123153,29,20,42,20
Random-K4-078,Random-fixed,4,305;330;400;590,0.22611160716349324,0.1709143525881823,0.3873809802185148,0.5550398639670341,0.9750298637009943,0.9291831963087293,0.8370652286644167,0.9983128464690287,0.0016871535309713184,0.9616858237547894,0.8850574712643678,27,18,42,25
Random-K4-079,Random-fixed,4,445;495;535;590,0.30966196849350053,0.19801420912529233,0.5924170270776978,0.9502681906153686,0.9593625670186977,0.8642511050277438,0.7619813696813683,0.9187756085803808,0.08122439141961918,0.6529830322933771,0.30870279146141216,1,0,42,40
Random-K4-080,Random-fixed,4,405;490;590;685,0.2828577396108295,0.19117864010716049,0.5707171677877391,0.6950257032003603,0.9612206552928223,0.8587713277437057,0.7882126538779005,0.9281754639672211,0.07182453603277898,0.8615216201423097,0.5933223864258347,8,2,42,85
Random-K4-081,Random-fixed,4,315;380;505;530,0.22886756985513856,0.17482363942969117,0.4038000653411717,0.561895257940008,0.973693091055005,0.9160320610748627,0.8335206095405984,0.9959026271390696,0.0040973728609303445,0.9616858237547894,0.856048166392994,24,16,42,25
Random-K4-082,Random-fixed,4,385;515;550;685,0.25992550317107094,0.1945591758542472,0.5411988532480144,0.6733916249586495,0.9657064312161704,0.8478024228978905,0.768372386000436,0.9551699204627621,0.04483007953723789,0.9255610290093048,0.7438423645320197,19,12,42,35
Random-K4-083,Random-fixed,4,300;445;515;670,0.25270208738896216,0.18625095417372484,0.46512573055939144,0.6428855856476653,0.9718676043850847,0.9022870381516052,0.7678679053476792,0.9983128464690287,0.0016871535309713184,0.9458128078817735,0.8516694033935412,27,11,42,70
Random-K4-084,Random-fixed,4,315;350;475;630,0.2607143921505749,0.19290241719198514,0.49355322671994356,0.5843616092256684,0.9733012380062637,0.8978290991045244,0.8126116500081487,0.9959026271390696,0.0040973728609303445,0.9589490968801313,0.876847290640394,27,17,42,35
Random-K4-085,Random-fixed,4,580;600;625;665,0.19812575419435782,0.16537302125513018,0.4882978932336505,0.6372506796901958,0.9808923043824187,0.8849750727059972,0.8280508655646567,0.6623282718727405,0.3376717281272596,0.42145593869731796,0.07662835249042146,0,0,42,20
Random-K4-086,Random-fixed,4,500;540;605;695,0.23245020774455036,0.175247624562475,0.43300324623308045,0.6951988967498739,0.9735352166456849,0.9193638924618357,0.8155056747322137,0.8353820197637986,0.1646179802362015,0.5539135194307608,0.19047619047619047,0,0,42,40
Random-K4-087,Random-fixed,4,345;505;580;635,0.2792692396615924,0.20738876713556087,0.5163815969569365,0.643004060471016,0.969345848385071,0.9006405574165504,0.8027452914398222,0.9816823330923115,0.0183176669076886,0.9425287356321838,0.7728516694033934,22,9,42,55
Random-K4-088,Random-fixed,4,460;595;620;640,0.274446290974064,0.1898493776366216,0.5249335643702083,0.8343653640548061,0.9650210000309964,0.8638303482180114,0.7674202502000653,0.8476741383465896,0.15232586165341047,0.6206896551724138,0.3158182813355227,0,0,42,20
Random-K4-089,Random-fixed,4,320;365;415;435,0.1979382275955969,0.1612029329305187,0.45113266136036173,0.48710627057109074,0.9816029734651412,0.9133742136433881,0.8771442642138711,0.9927693420101229,0.0072306579898770785,0.9709906951286261,0.9047619047619048,29,24,42,20
Random-K4-090,Random-fixed,4,380;435;470;555,0.21973009992922157,0.17815849247100582,0.5669349594940118,0.6534537603938975,0.9757674629048942,0.8716441908603901,0.8269568131570343,0.9549288985297663,0.04507110147023379,0.9436234263820471,0.735632183908046,24,12,42,35
Random-K4-091,Random-fixed,4,410;450;480;595,0.2867533048751208,0.2198443061430121,0.6232926136699642,0.9533930284059035,0.9613059960215853,0.8403440965415271,0.7468332833768042,0.95059050373584,0.04940949626416004,0.840175150519978,0.49589490968801314,4,0,42,30
Random-K4-092,Random-fixed,4,400;555;605;680,0.28789408001051886,0.1893126003008061,0.5620355331925823,0.7161572360450675,0.9579159021443726,0.8555301342153451,0.7636944402608521,0.9402265606170161,0.05977343938298385,0.8779419813902573,0.6573617952928298,12,1,42,50
Random-K4-093,Random-fixed,4,410;475;520;610,0.2712502827978306,0.20075683816573164,0.5771540820770625,0.7470532247639845,0.9639942753149447,0.8642482959552964,0.7870155425005095,0.9226319595083152,0.07736804049168475,0.8412698412698413,0.4772851669403394,5,0,42,45
Random-K4-094,Random-fixed,4,370;510;555;630,0.2575684722582397,0.19200969456184439,0.46269155767895376,0.6362814061560162,0.9693643364232445,0.8881243219939958,0.783969633516074,0.9681851048445409,0.03181489515545915,0.9381499726327313,0.8363437328954569,25,12,42,45
Random-K4-095,Random-fixed,4,325;375;430;605,0.20861470711389862,0.17036809528772176,0.37406781847483167,0.50862073289093,0.9791913326069416,0.9341477369870582,0.8636481884371009,0.9910821884791516,0.008917811520848397,0.9709906951286261,0.9244663382594416,29,22,42,50
Random-K4-096,Random-fixed,4,475;550;635;675,0.2709408924058731,0.17930996899264098,0.5465005423184947,0.7950041818880864,0.9630338134343587,0.8671093032780006,0.7989678014893858,0.8438177874186551,0.1561822125813449,0.5632183908045977,0.25998905309250137,0,0,42,40
Random-K4-097,Random-fixed,4,330;530;550;605,0.25308897370288824,0.1841254546380288,0.5135262476757784,0.597980798544501,0.971976846952851,0.9066235878129727,0.8049992075990976,0.9893950349481803,0.010604965051819716,0.9288451012588943,0.7509578544061303,16,6,42,20
Random-K4-098,Random-fixed,4,345;565;650;690,0.28487862274342407,0.21007168929085818,0.5278599066252339,0.649467538490938,0.9691786173279702,0.8814047829882091,0.8058898272641182,0.9816823330923115,0.0183176669076886,0.909688013136289,0.5407772304324029,17,4,42,40
Random-K4-099,Random-fixed,4,440;470;535;625,0.29730232722103583,0.19694863483187622,0.5556516174461361,0.84405859854344,0.958165585582467,0.8677639591988935,0.7923320516705048,0.9248011569052784,0.07519884309472162,0.6584564860426929,0.2370005473453749,0,0,42,30
Random-K4-100,Random-fixed,4,330;400;585;670,0.24065395406373505,0.17335427599902528,0.43383459528144963,0.556239806050043,0.9740312438411474,0.9234049260785077,0.833188365452579,0.9893950349481803,0.010604965051819716,0.9720853858784892,0.9173508483853311,29,21,42,70
Random-K4-101,Random-fixed,4,355;375;505;560,0.28206642532834314,0.19190777135798123,0.5300031130669659,0.6869787771440163,0.9671398279362162,0.8769548352054324,0.7627872822580616,0.9918052542781393,0.008194745721860689,0.9534756431308156,0.8555008210180624,26,16,42,20
Random-K4-102,Random-fixed,4,465;510;570;695,0.2755694158070899,0.19597504890670528,0.5285380017203251,0.7874468970269737,0.9670020333847046,0.8780926894200496,0.8034774829069602,0.8917811520848398,0.10821884791516027,0.6102900930487137,0.2320744389709907,0,0,42,45
Random-K4-103,Random-fixed,4,475;495;605;660,0.2635309516106161,0.17896358761676248,0.5212248852112528,0.7263423902663854,0.9648442769106972,0.8760171915153568,0.8110598810760066,0.8768377922390937,0.12316220776090624,0.5829228243021346,0.2983032293377121,0,0,42,20
Random-K4-104,Random-fixed,4,340;595;625;665,0.28206948098518836,0.2004975912479446,0.5378298072973015,0.6028766160130795,0.9690432905890025,0.8711275040139704,0.79790622686399,0.9840925524222705,0.015907447577729574,0.8992884510125888,0.6984126984126985,13,5,42,30
Random-K4-105,Random-fixed,4,450;480;560;600,0.2980537480669421,0.208786301835203,0.5773514552548668,0.8887648575019956,0.9606170326118469,0.8573593369850268,0.7696935378979409,0.9125090383224873,0.08749096167751265,0.6726874657909141,0.2517788724685276,0,0,42,30
Random-K4-106,Random-fixed,4,415;545;585;610,0.2902312214537804,0.19162183497780852,0.577295209456295,0.7889909313473265,0.9580678704827383,0.8570801265761155,0.7505631142780772,0.923114003374307,0.07688599662569294,0.8128078817733991,0.41050903119868637,4,0,42,25
Random-K4-107,Random-fixed,4,390;445;545;625,0.2472596671535508,0.17851731793591522,0.5232612187201744,0.6482502848863383,0.9690293129995002,0.8722834099499523,0.8081814318632567,0.9448059773439383,0.0551940226560617,0.9113300492610837,0.6305418719211823,18,4,42,55
Random-K4-108,Random-fixed,4,330;365;665;695,0.2696081610195186,0.19565202237101784,0.47774665644583,0.5784885146467363,0.9707642832568114,0.9120254145318663,0.8166601907623495,0.9893950349481803,0.010604965051819716,0.9173508483853311,0.7449370552818828,17,9,42,30
Random-K4-109,Random-fixed,4,345;445;580;605,0.26390185899366014,0.1918914112165767,0.5418943805706637,0.5950098196186638,0.9731757632636606,0.9064189130270672,0.8195115019192483,0.9816823330923115,0.0183176669076886,0.9720853858784892,0.9113300492610837,29,26,42,25
Random-K4-110,Random-fixed,4,425;535;605;665,0.2906513171056532,0.19816828493081365,0.5813774405616446,0.8133934922804991,0.9578738860962299,0.8625591224762004,0.7573990263598539,0.9028681610026512,0.09713183899734876,0.752599890530925,0.24849480021893816,1,0,42,60
Random-K4-111,Random-fixed,4,300;535;585;690,0.25556082363350136,0.1843673398984217,0.46289397519442926,0.6436444760606458,0.9700213131582837,0.9035149237995503,0.7916024522575285,0.9983128464690287,0.0016871535309713184,0.8757525998905309,0.585112205801861,9,1,42,50
Random-K4-112,Random-fixed,4,340;405;630;660,0.2506651979456494,0.17536510059197294,0.46440274351692035,0.5595837469126066,0.9754096391402359,0.9248784097192836,0.8288925594130929,0.9840925524222705,0.015907447577729574,0.9698960043787629,0.9085933223864259,29,25,42,30
Random-K4-113,Random-fixed,4,310;475;535;590,0.22269904241721342,0.17546470930686262,0.4159745530531616,0.6182977915946912,0.9754000400446665,0.9101440195734959,0.787894677038531,0.9966256929380574,0.003374307061942637,0.9649698960043787,0.8921729611384784,28,19,42,55
Random-K4-114,Random-fixed,4,455;565;620;700,0.27759168420476765,0.20196333643765105,0.566100333113616,0.8535496937557147,0.9636315549276847,0.8622878323969162,0.7524502488726407,0.866232827187274,0.13376717281272596,0.6644772851669404,0.3656267104542967,0,0,42,55
Random-K4-115,Random-fixed,4,300;420;480;700,0.26079332931949295,0.18633905657597805,0.4632329836382703,0.6192258188032278,0.9717452897516502,0.9036717538633808,0.7857901588035959,0.9983128464690287,0.0016871535309713184,0.9458128078817735,0.8620689655172413,27,12,42,60
Random-K4-116,Random-fixed,4,335;455;520;610,0.24059297233922305,0.1895762703961259,0.5056982734472097,0.5960118866349184,0.9730637006566012,0.9051085246010746,0.8030020652818698,0.9891540130151844,0.010845986984815618,0.9781061850027366,0.8954570333880678,28,28,42,65
Random-K4-117,Random-fixed,4,395;550;605;645,0.2766896457747154,0.1971200182563879,0.5580641509598969,0.7123413583183452,0.9616168076338397,0.8533126041444233,0.7627981655447206,0.9397445167510243,0.06025548324897566,0.91351943076081,0.668856048166393,15,6,42,40
Random-K4-118,Random-fixed,4,305;360;565;685,0.2799364500642369,0.19963337991247274,0.4742929286083483,0.6047372037172172,0.9646944223925671,0.8890355761706135,0.7964253589848407,0.997589780670041,0.002410219329959026,0.906951286261631,0.5626710454296661,16,11,42,55
Random-K4-119,Random-fixed,4,310;545;635;655,0.23509569111334594,0.18099247055753268,0.44706486100568354,0.6284842984486454,0.9727164488911155,0.9006868071662913,0.7936133601292148,0.9966256929380574,0.003374307061942637,0.870279146141215,0.6239737274220033,9,1,42,20
Random-K4-120,Random-fixed,4,345;590;620;640,0.2868214923132882,0.21009503743389607,0.5279185079465583,0.6497476147413914,0.968799170755454,0.8729600766344787,0.8061647223466575,0.9816823330923115,0.0183176669076886,0.9085933223864259,0.5878489326765189,16,3,42,20
Random-K4-121,Random-fixed,4,310;410;555;665,0.236391827649199,0.17962116625008298,0.41908398691057663,0.58631581515691,0.9717575026016445,0.9086242775276826,0.8119244546178528,0.9966256929380574,0.003374307061942637,0.9792008757525997,0.9184455391351943,29,25,42,100
Random-K4-122,Random-fixed,4,315;530;615;695,0.23720780378557443,0.179627876493472,0.41851125461917416,0.6142231039063328,0.9719116336568677,0.9087822571281854,0.7965645389923284,0.9959026271390696,0.0040973728609303445,0.9025725232621784,0.7126436781609196,15,4,42,80
Random-K4-123,Random-fixed,4,320;400;425;640,0.22132750184075284,0.17483305744038044,0.3707208631061005,0.5205444119182171,0.9753916556615249,0.9283154639128058,0.8550251746714066,0.9927693420101229,0.0072306579898770785,0.9600437876299945,0.9025725232621784,29,20,42,25
Random-K4-124,Random-fixed,4,340;585;630;665,0.28320563049091546,0.1970663650980513,0.5394847043760855,0.6019732083819354,0.9685268994096932,0.8787644147320515,0.7986103347206134,0.9840925524222705,0.015907447577729574,0.9036672140120415,0.7602627257799672,16,5,42,35
Random-K4-125,Random-fixed,4,310;385;480;505,0.22210422489059092,0.17516660360301825,0.4072756606403973,0.5654781806259984,0.9750307521651768,0.9145516257647544,0.8279463506992377,0.9966256929380574,0.003374307061942637,0.9638752052545155,0.8752052545155994,27,20,42,25
Random-K4-126,Random-fixed,4,470;500;525;605,0.2664972388803951,0.18745399634658452,0.5795080155645641,0.8371647751829342,0.9652407231346553,0.873242520919821,0.8063478874044767,0.8845504940949627,0.11544950590503736,0.6185002736726873,0.3295019157088122,0,0,42,25
Random-K4-127,Random-fixed,4,350;465;590;630,0.2785377141600995,0.20963160761164806,0.5342959778761447,0.6122631708287972,0.9715733052256108,0.9019562098492434,0.7974326543654144,0.9787900698963605,0.021209930103639432,0.9644225506294472,0.906951286261631,29,23,42,40
Random-K4-128,Random-fixed,4,330;405;515;595,0.22719209741759294,0.17567543447139075,0.43456227891044064,0.5613818203588844,0.9766756975921775,0.9216944228545858,0.8294850043282564,0.9893950349481803,0.010604965051819716,0.9819376026272578,0.920087575259989,29,25,42,75
Random-K4-129,Random-fixed,4,315;335;505;565,0.24513896572339366,0.188721783201213,0.5033847178415507,0.5933805519945403,0.9714646099933139,0.9044026134181005,0.8097585097617058,0.9980718245360328,0.001928175463967221,0.9195402298850575,0.7301587301587301,17,5,42,20
Random-K4-130,Random-fixed,4,445;475;580;650,0.29149970538036063,0.194150865321757,0.5836881674430732,0.8263607349471159,0.96082152835046,0.8554569826701452,0.7788100218329719,0.9187756085803808,0.08122439141961918,0.6382047071702245,0.2961138478379857,0,0,42,30
Random-K4-131,Random-fixed,4,360;445;595;695,0.2520539503871599,0.19820814625643013,0.45069483259460574,0.6474756918711373,0.9709786569068691,0.912480888035551,0.7952227123764501,0.9715594119064835,0.02844058809351651,0.9704433497536945,0.8916256157635468,28,26,42,85
Random-K4-132,Random-fixed,4,385;540;600;655,0.26285106980652806,0.1987525624932025,0.5474989053676708,0.6765906209803803,0.9653421709869707,0.8455039150330741,0.7631476862230125,0.9551699204627621,0.04483007953723789,0.9195402298850575,0.7427476737821566,18,8,42,55
Random-K4-133,Random-fixed,4,385;420;520;675,0.26387858839093525,0.2026919431584055,0.5758280991654638,0.8065488494049127,0.9648527064459113,0.8385957290590577,0.7404440528966002,0.9713183899734876,0.028681610026512414,0.9255610290093048,0.6825396825396826,21,6,42,35
Random-K4-134,Random-fixed,4,390;470;560;585,0.24533905758771204,0.1910173064298333,0.5420479195489708,0.6650732509226263,0.9696887295127536,0.8626399462818304,0.7986038101111959,0.9448059773439383,0.0551940226560617,0.9321291735084838,0.6102900930487137,19,4,42,25
Random-K4-135,Random-fixed,4,445;470;505;590,0.27950809858380227,0.19279533871917728,0.5749645722980329,0.8138924411987825,0.9616500727187596,0.8707271315650629,0.7900799862440634,0.9187756085803808,0.08122439141961918,0.675424192665572,0.32457580733442803,0,0,42,25
Random-K4-136,Random-fixed,4,340;360;670;700,0.30077259098008136,0.212440652040432,0.5528253154170474,0.6520120284225971,0.9672568978898746,0.899135604182294,0.7763493862898332,0.9944564955410943,0.00554350445890576,0.9206349206349206,0.6425834701696771,18,10,42,20
Random-K4-137,Random-fixed,4,445;525;545;620,0.2900090139931246,0.19075342449666716,0.6165403211811177,0.8699171833042948,0.9601312837297469,0.8620792900583933,0.7591865894097942,0.8724993974451675,0.12750060255483248,0.6683087027914614,0.36234263820470713,0,0,42,20
Random-K4-138,Random-fixed,4,350;455;475;645,0.27537583443008573,0.20494053627646858,0.5220624108818451,0.5947821568666092,0.9710469934889241,0.902882898741151,0.8156616164886659,0.9787900698963605,0.021209930103639432,0.9813902572523261,0.9425287356321838,29,28,42,20
Random-K4-139,Random-fixed,4,310;425;535;670,0.23040002878242197,0.17792019048734367,0.4119363467279784,0.6045332497141388,0.9735028475878941,0.9126762365598053,0.7974884201232451,0.9966256929380574,0.003374307061942637,0.960591133004926,0.8960043787629994,28,17,42,110
Random-K4-140,Random-fixed,4,330;365;410;505,0.22265574578988065,0.1705204360416104,0.4126832124281461,0.5152143095636771,0.9776616902429506,0.9317484160782971,0.8584778639230937,0.9893950349481803,0.010604965051819716,0.9704433497536945,0.88232074438971,28,23,42,35
Random-K4-141,Random-fixed,4,490;515;560;590,0.23289920798638394,0.18125391711357333,0.4611632955048889,0.7163040462936947,0.9737384445649522,0.8973706823488862,0.8097369810038959,0.8527355989395035,0.1472644010604965,0.5577449370552819,0.16146688560481665,0,0,42,25
Random-K4-142,Random-fixed,4,385;420;450;620,0.2544628173462352,0.19296671486057587,0.5600664464485706,0.7809173888393397,0.9675785215852406,0.85377153545602,0.7697828252823189,0.9713183899734876,0.028681610026512414,0.9244663382594416,0.6091954022988505,20,4,42,30
Random-K4-143,Random-fixed,4,425;495;515;560,0.2883434282780882,0.19992381045045962,0.5715327826067534,0.7982583349801887,0.9600940079069632,0.8690131743024169,0.7779632998931416,0.9028681610026512,0.09713183899734876,0.7536945812807883,0.14395183360700603,2,0,42,20
Random-K4-144,Random-fixed,4,345;510;580;655,0.2787040024068692,0.20865553390024708,0.5189281614019732,0.643561480290474,0.9695103532551673,0.9006281714075937,0.8059765535033667,0.9816823330923115,0.0183176669076886,0.939792008757526,0.78544061302682,21,11,42,70
Random-K4-145,Random-fixed,4,395;495;580;630,0.26598369094336577,0.19172375303159964,0.5565211703987273,0.7112324562921737,0.9641771093353719,0.8573167494582878,0.7734681349221337,0.9397445167510243,0.06025548324897566,0.920087575259989,0.632183908045977,18,8,42,50
Random-K4-146,Random-fixed,4,310;445;505;630,0.2265128833981345,0.17894019324255467,0.4197930700850517,0.6296332301249976,0.975157031934767,0.9080655846834005,0.7770612922285521,0.9966256929380574,0.003374307061942637,0.9649698960043787,0.8746579091406678,28,21,42,60
Random-K4-147,Random-fixed,4,320;605;625;695,0.2484559715941975,0.183688632120393,0.47042868894001505,0.5987272617607021,0.9720371220465828,0.8852267762104127,0.8107960861104266,0.9927693420101229,0.0072306579898770785,0.8795840175150519,0.565407772304324,10,3,42,20
Random-K4-148,Random-fixed,4,360;430;500;605,0.24365604495060533,0.19601355489165906,0.4185991371193192,0.653093510907756,0.9720848215022992,0.9213092415125641,0.7986769964415488,0.9715594119064835,0.02844058809351651,0.9813902572523261,0.8850574712643678,28,27,42,70
Random-K4-149,Random-fixed,4,305;470;625;655,0.23380567274249658,0.1832083454926507,0.43433402948091643,0.6256653236857843,0.9728329930486551,0.9049579396306583,0.7826875369290832,0.997589780670041,0.002410219329959026,0.9627805145046523,0.8018609742747673,27,19,42,30
Random-K4-150,Random-fixed,4,350;400;455;590,0.23895189149679846,0.18370822889515945,0.45742154289252457,0.5451647104577976,0.9768342622778431,0.9326163329724674,0.844840623779578,0.9787900698963605,0.021209930103639432,0.9720853858784892,0.8801313628899835,28,26,42,50
Random-K4-151,Random-fixed,4,425;490;675;695,0.29381859332000176,0.20040032650951775,0.6065288503791877,0.8002422724604992,0.9596980168420192,0.8589496656557636,0.775788945909031,0.9028681610026512,0.09713183899734876,0.7432950191570881,0.174055829228243,2,0,42,20
Random-K4-152,Random-fixed,4,410;460;595;620,0.2820746684059359,0.20306137969175078,0.6044063313457367,0.8974590929653447,0.9631669744732192,0.8483859655691854,0.7438299270211274,0.9368522535550735,0.06314774644492649,0.8385331143951834,0.4614121510673235,4,0,42,25
Random-K4-153,Random-fixed,4,435;545;585;670,0.29354035717757226,0.19497687238198055,0.5607154241243273,0.8455853809042629,0.957949940020656,0.8579424768725956,0.7659581848439605,0.8884068450228971,0.11159315497710291,0.7296113847837985,0.37766830870279144,2,0,42,40
Random-K4-154,Random-fixed,4,370;480;515;605,0.2403878675087481,0.1900095499294615,0.45021759721014715,0.6354712892669698,0.9717323994706326,0.8936938464909723,0.7916761718318842,0.9681851048445409,0.03181489515545915,0.9523809523809524,0.8905309250136835,28,15,42,35
Random-K4-155,Random-fixed,4,440;605;655;700,0.3033639433001602,0.19996060176248615,0.5625829380722819,0.8905602900948919,0.9603743680681315,0.8611412627267652,0.7544585179944623,0.8809351651000241,0.1190648348999759,0.6573617952928298,0.3382594417077176,1,0,42,45
Random-K4-156,Random-fixed,4,530;595;615;695,0.2210559211373333,0.17118112883142098,0.46996536161840324,0.665408352862104,0.9774204381015307,0.910415782535852,0.8023337428563918,0.7775367558447819,0.22246324415521812,0.541871921182266,0.11001642036124794,0,0,42,20
Random-K4-157,Random-fixed,4,325;430;465;635,0.22174616253952706,0.17946274824351627,0.42839234192047426,0.5543690111856572,0.9753416915266763,0.9132046859302289,0.8323026472957223,0.9910821884791516,0.008917811520848397,0.9715380405035577,0.8697318007662834,28,26,42,35
Random-K4-158,Random-fixed,4,445;480;660;695,0.29828575330995855,0.2016376815650881,0.5796807913227738,0.829292983389267,0.9607607414587325,0.8510610512301123,0.7778157532869623,0.9187756085803808,0.08122439141961918,0.6365626710454296,0.29064039408866993,0,0,42,35
Random-K4-159,Random-fixed,4,315;395;645;675,0.2384627233210621,0.18209569216880084,0.4111427988521572,0.5673447090263989,0.9716532305878121,0.9114818896901965,0.8281219105245295,0.9959026271390696,0.0040973728609303445,0.9611384783798578,0.8943623426382047,28,18,42,30
Random-K4-160,Random-fixed,4,365;415;500;700,0.2222333042806031,0.17760694942071453,0.3859060472245558,0.6329692921155888,0.9772244331472737,0.9238588247443701,0.8046308566916266,0.9681851048445409,0.03181489515545915,0.9660645867542419,0.8899835796387521,27,22,42,50
Random-K4-161,Random-fixed,4,300;340;415;440,0.21137616835151807,0.16828135414858053,0.49025692752828387,0.5348536355733687,0.9782860577632948,0.9019875477635816,0.8530808605164258,0.9983128464690287,0.0016871535309713184,0.9786535303776682,0.9474548440065682,29,27,42,25
Random-K4-162,Random-fixed,4,445;505;545;575,0.29898706862557406,0.1923674278954446,0.6012909020513104,0.9260570799934769,0.961571054435791,0.8640951988784742,0.7596611225160157,0.90118100747168,0.09881899252832008,0.6694033935413245,0.2857142857142857,0,0,42,30
Random-K4-163,Random-fixed,4,320;445;540;600,0.2244322638362734,0.17604158785871007,0.41921931728064726,0.5960149222350983,0.9747867118086391,0.9101289335199197,0.8030637065712039,0.9927693420101229,0.0072306579898770785,0.9655172413793103,0.89272030651341,28,22,42,60
Random-K4-164,Random-fixed,4,415;610;655;700,0.2940410844407373,0.1909745857588795,0.5788712274543085,0.78761792128253,0.9576727258313943,0.8588296160867953,0.7496777363705148,0.923114003374307,0.07688599662569294,0.7941981390257252,0.4143404488232074,3,0,42,45
Random-K4-165,Random-fixed,4,430;495;565;640,0.30555489108790523,0.20552840464113897,0.5737824742858973,0.854050495652589,0.9602163383824253,0.867987399689837,0.7644362822912225,0.9038322487346349,0.09616775126536514,0.702791461412151,0.10727969348659004,0,0,42,65
Random-K4-166,Random-fixed,4,340;450;530;645,0.2638700810291566,0.18665853877534672,0.5153679113570709,0.5904892890475223,0.9696020421714017,0.9057718428394598,0.8102464170100834,0.9840925524222705,0.015907447577729574,0.9660645867542419,0.8998357963875205,28,24,42,80
Random-K4-167,Random-fixed,4,335;495;515;635,0.25905475431685987,0.20358063087060407,0.512026245733321,0.5980903759353117,0.971396232119531,0.9053365277588711,0.8025819387128642,0.9891540130151844,0.010845986984815618,0.9512862616310892,0.8423645320197045,26,16,42,20
Random-K4-168,Random-fixed,4,440;535;645;695,0.3026643686125375,0.19721871152651055,0.5569093011692263,0.8904668940877682,0.9616546426156855,0.8623033450881605,0.7594258882248525,0.8809351651000241,0.1190648348999759,0.6507936507936508,0.3431855500821018,1,0,42,50
Random-K4-169,Random-fixed,4,305;380;420;450,0.21361368813953982,0.16699036572226555,0.5187089364829232,0.6782516222362117,0.9781566294549242,0.8746736280427981,0.84790717999666,0.997589780670041,0.002410219329959026,0.960591133004926,0.8784893267651889,28,18,42,30
Random-K4-170,Random-fixed,4,350;420;475;495,0.24731148669767328,0.18959317498718609,0.49906765246642815,0.5772414068774911,0.9747161214458779,0.9211966586221257,0.8312782249482884,0.9787900698963605,0.021209930103639432,0.9775588396278051,0.9080459770114943,29,22,42,20
Random-K4-171,Random-fixed,4,360;410;470;595,0.22910099306369405,0.186154161547082,0.3713527614244135,0.5938972914892555,0.9775637105570877,0.9358963125008445,0.8264669455825794,0.9715594119064835,0.02844058809351651,0.9775588396278051,0.8144499178981938,28,27,42,50
Random-K4-172,Random-fixed,4,520;595;645;680,0.2201991200499439,0.17785787236817288,0.4644835541136145,0.6544429222087563,0.9771611920546426,0.9157515523576494,0.8136007571368162,0.7977825982164377,0.20221740178356232,0.5243568691844555,0.10727969348659004,0,0,42,35
Random-K4-173,Random-fixed,4,480;535;585;660,0.271730081388565,0.188716619378556,0.48830739054144234,0.756762074730074,0.9664457920253263,0.8836198517115219,0.8002552140962607,0.8688840684502289,0.13111593154977103,0.4920634920634921,0.16310892172961136,0,0,42,50
Random-K4-174,Random-fixed,4,325;475;595;650,0.2336593002026655,0.1882512033346072,0.4554812618211817,0.5973503250210932,0.9737645667410043,0.9083656627633252,0.8023881663595618,0.9910821884791516,0.008917811520848397,0.9693486590038315,0.8850574712643678,28,24,42,55
Random-K4-175,Random-fixed,4,450;510;560;620,0.3039446914293088,0.21064583554206917,0.608799942269024,0.9772423837984358,0.9588447358370031,0.8627405877597276,0.7519065008694676,0.8941913714147988,0.10580862858520125,0.6852764094143404,0.29556650246305416,1,0,42,50
Random-K4-176,Random-fixed,4,335;370;660;690,0.25304847289823335,0.19605393411763797,0.45367604939990946,0.5478264395266096,0.9717072324177838,0.9230833137724216,0.8425328207702352,0.9891540130151844,0.010845986984815618,0.9157088122605364,0.78544061302682,18,6,42,30
Random-K4-177,Random-fixed,4,420;540;590;675,0.2978021971590493,0.19878563376273092,0.582322119399491,0.7981101418104116,0.9575288276851837,0.8621638487886714,0.7581019355009064,0.9091347312605447,0.09086526873945529,0.7816091954022988,0.3371647509578544,4,0,42,50
Random-K4-178,Random-fixed,4,310;490;605;690,0.22638746034471172,0.17953968617954186,0.41811429825150626,0.6203388496816765,0.975001631903133,0.9095604946847429,0.7904523304139879,0.9966256929380574,0.003374307061942637,0.926655719759168,0.8308702791461413,22,9,42,85
Random-K4-179,Random-fixed,4,415;475;625;695,0.2884223403132696,0.19347748606334578,0.5686923478288123,0.7687526635570443,0.9587829380889266,0.863298292022269,0.7752910476447814,0.923114003374307,0.07688599662569294,0.789272030651341,0.40886699507389157,3,0,42,60
Random-K4-180,Random-fixed,4,330;390;555;615,0.2442682362904789,0.17189006306854882,0.43390293638351213,0.5552055630170533,0.9750625419730988,0.9236121803647819,0.8351092013709466,0.9893950349481803,0.010604965051819716,0.9512862616310892,0.8533114395183361,26,15,42,60
Random-K4-181,Random-fixed,4,390;470;625;665,0.24998144094644714,0.19238825445919985,0.5435369677604429,0.6663302890594743,0.969456596472236,0.8613565642340946,0.7973112283402894,0.9448059773439383,0.0551940226560617,0.9211822660098522,0.6053639846743295,18,5,42,40
Random-K4-182,Random-fixed,4,315;440;460;675,0.23126456211296675,0.1787599269916809,0.5313555283916281,0.588896458505369,0.9736917833338492,0.8891787879093165,0.8085024711865255,0.9959026271390696,0.0040973728609303445,0.9731800766283524,0.8905309250136835,28,26,42,20
Random-K4-183,Random-fixed,4,530;560;590;620,0.22048349261436145,0.166289913661554,0.46802340910138523,0.6562176184622619,0.9777988615487887,0.9096003215698434,0.8096294483002276,0.7775367558447819,0.22246324415521812,0.6228790366721401,0.19211822660098524,0,0,42,30
Random-K4-184,Random-fixed,4,435;570;610;700,0.2951974025942306,0.19697693167841057,0.5617689659545919,0.8479968037886918,0.9583524868515411,0.856880920723648,0.7631910755120441,0.8884068450228971,0.11159315497710291,0.7312534209085934,0.43349753694581283,2,0,42,40
Random-K4-185,Random-fixed,4,335;395;545;650,0.24596332719354927,0.18102067870674096,0.45487615869935494,0.5585557875311764,0.97388983571885,0.9249777692178633,0.8311559459331666,0.9891540130151844,0.010845986984815618,0.9693486590038315,0.9036672140120415,29,20,42,60
Random-K4-186,Random-fixed,4,390;490;520;585,0.2509929428581468,0.19121637026130484,0.5426290281907198,0.6682340492328396,0.9682679985125339,0.8553171237872594,0.7892343689485976,0.9448059773439383,0.0551940226560617,0.9354132457580733,0.628352490421456,23,12,42,30
Random-K4-187,Random-fixed,4,515;555;640;700,0.2204215334194408,0.17906972082218567,0.4750618646056886,0.6303479214151488,0.9775494353471806,0.9168861180396319,0.8260644770459294,0.8074234755362738,0.1925765244637262,0.451559934318555,0.17077175697865354,0,0,42,40
Random-K4-188,Random-fixed,4,420;495;610;635,0.2954986912108455,0.1988736739708788,0.576399193023457,0.7876720454256687,0.9591630557627312,0.8656955090722905,0.7723728407736961,0.9091347312605447,0.09086526873945529,0.7766830870279146,0.2468527640941434,2,0,42,25
Random-K4-189,Random-fixed,4,440;470;535;585,0.2959549715630891,0.19740233279314512,0.5549694242244153,0.8421788998773027,0.9595938994256146,0.8679997697113755,0.7938364999299842,0.9248011569052784,0.07519884309472162,0.6579091406677614,0.25779967159277506,0,0,42,30
Random-K4-190,Random-fixed,4,365;555;630;650,0.2855956283919508,0.20618465226050042,0.4848393270043636,0.7034488527114721,0.9653357819334286,0.8892091022234535,0.7578085562173659,0.9681851048445409,0.03181489515545915,0.896551724137931,0.7011494252873564,14,4,42,20
Random-K4-191,Random-fixed,4,450;470;580;635,0.2929346206345293,0.21319354354330255,0.5802962016063535,0.8811843435262382,0.9607105421872171,0.8568662440397504,0.7729698259914946,0.9125090383224873,0.08749096167751265,0.6677613574165299,0.2961138478379857,0,0,42,20
Random-K4-192,Random-fixed,4,400;455;520;615,0.2592753570176963,0.1860169836057129,0.5418053564866462,0.6796115735120781,0.9682731761591531,0.8693642577371374,0.8038668123727639,0.9402265606170161,0.05977343938298385,0.9091406677613574,0.571975916803503,16,1,42,55
Random-K4-193,Random-fixed,4,360;565;630;690,0.3053092127364485,0.2125279152285266,0.5144675449161532,0.6745589880119637,0.9650300543717051,0.8896452149553548,0.768919571257614,0.9715594119064835,0.02844058809351651,0.9206349206349206,0.6808976464148878,17,10,42,60
Random-K4-194,Random-fixed,4,375;450;500;665,0.22203085878761558,0.1712920875774224,0.44018651584823865,0.654405197344747,0.9762484418945994,0.9014204997397354,0.8016622920975717,0.9590262713906965,0.04097372860930345,0.9436234263820471,0.6239737274220033,25,13,42,50
Random-K4-195,Random-fixed,4,320;340;365;470,0.24754840897425176,0.18654787057186253,0.5163733893749154,0.6625941945679599,0.9739749282393055,0.8773462141657319,0.8262718438387572,0.9973487587370451,0.002651241262954929,0.9594964422550629,0.8883415435139572,28,19,42,20
Random-K4-196,Random-fixed,4,305;420;490;690,0.23039886747428148,0.18173580995874367,0.43591444445177785,0.6017794735998768,0.9741078597378947,0.9068030394793637,0.8007628283833305,0.997589780670041,0.002410219329959026,0.9562123700054733,0.8806787082649151,27,17,42,70
Random-K4-197,Random-fixed,4,445;470;645;690,0.2916258886182121,0.1939007662444044,0.5876011797754764,0.8203343751118994,0.9603487902828313,0.8538506998939727,0.7847142464582165,0.9187756085803808,0.08122439141961918,0.6442255062944717,0.2895457033388068,0,0,42,25
Random-K4-198,Random-fixed,4,400;435;515;685,0.2963755037453392,0.20123626870057507,0.6013459164051649,0.8699681982550668,0.957646539622967,0.8378310461765095,0.744294108519718,0.96529284164859,0.03470715835140998,0.8998357963875205,0.5829228243021346,14,4,42,35
Random-K4-199,Random-fixed,4,410;505;645;670,0.28139711313851057,0.20099995125836823,0.5882758272535193,0.7607152087582594,0.9599176203990383,0.8562403047036561,0.7639981856519572,0.9226319595083152,0.07736804049168475,0.8363437328954569,0.48877941981390255,5,0,42,25
Random-K4-200,Random-fixed,4,375;520;550;600,0.2569271048548441,0.1854826284816961,0.48856748581441084,0.662159600116668,0.9698961086873883,0.8741807046587868,0.7673858245517019,0.9590262713906965,0.04097372860930345,0.9244663382594416,0.789272030651341,20,10,42,30
Random-K4-201,Random-fixed,4,380;420;445;635,0.22482151460006913,0.17743810682971448,0.5069837378304416,0.7628784215738897,0.9754666809903602,0.8782654742052239,0.77625922942348,0.96529284164859,0.03470715835140998,0.9354132457580733,0.7268746579091406,22,6,42,25
Random-K4-202,Random-fixed,4,300;335;430;645,0.22503897432431857,0.17599990640330848,0.43875377625566553,0.5600797411378396,0.9750493382342383,0.9161020374548405,0.8303028727850602,0.9983128464690287,0.0016871535309713184,0.9704433497536945,0.9129720853858784,29,23,42,35
Random-K4-203,Random-fixed,4,455;515;555;615,0.2816599028674809,0.20287051781840523,0.5690479636878227,0.885392481237834,0.9649104545387497,0.8678020238847641,0.7602022085349215,0.8961195468787659,0.10388045312123403,0.6371100164203612,0.3399014778325123,0,0,42,40
Random-K4-204,Random-fixed,4,390;520;565;685,0.26404998271731134,0.19491652659196018,0.551759662008697,0.6752401608870718,0.9645187155911465,0.8484484696358058,0.7789378614412887,0.9448059773439383,0.0551940226560617,0.9211822660098522,0.7093596059113301,17,7,42,45
Random-K4-205,Random-fixed,4,365;405;495;620,0.23247015738978974,0.18673533739081008,0.44597581356888466,0.7091607856285868,0.9746167322022853,0.8991682335875604,0.7739461955197111,0.9725234996384671,0.0274765003615329,0.9682539682539683,0.8461959496442255,26,20,42,40
Random-K4-206,Random-fixed,4,335;425;475;575,0.24214225417417515,0.19008459223781463,0.4848056044691026,0.5757563586454769,0.9729274818664027,0.9144460055077801,0.8221651441529924,0.9891540130151844,0.010845986984815618,0.9720853858784892,0.9036672140120415,29,25,42,50
Random-K4-207,Random-fixed,4,310;360;480;665,0.2494406399518265,0.19180279023985378,0.445770959679825,0.5888493168690903,0.9698097120398278,0.9024190834584055,0.8094399678214029,0.9966256929380574,0.003374307061942637,0.9578544061302682,0.8817733990147782,24,17,42,50
Random-K4-208,Random-fixed,4,310;330;365;445,0.2363725755833649,0.1825019231095703,0.5559774923957795,0.6995857186982369,0.9744081974351021,0.8752701513803905,0.8247341534942123,0.9983128464690287,0.0016871535309713184,0.9649698960043787,0.8921729611384784,28,20,42,20
Random-K4-209,Random-fixed,4,390;470;515;680,0.25427346176193505,0.19096532436015654,0.5383740198887569,0.6643413817159254,0.967272147481252,0.8641427962782228,0.7993278449864013,0.9448059773439383,0.0551940226560617,0.9255610290093048,0.6288998357963875,20,7,42,45
Random-K4-210,Random-fixed,4,315;350;555;640,0.2812765374910381,0.1970715600829076,0.5169855661747014,0.586036101578144,0.9689098496759003,0.8896447539554413,0.8130619680301513,0.9959026271390696,0.0040973728609303445,0.8905309250136835,0.5128626163108921,11,5,42,35
Random-K4-211,Random-fixed,4,370;470;570;650,0.23639393659288774,0.19020475998325836,0.445742872273201,0.6355144130366178,0.9723047523160359,0.8968087775791849,0.795140374123055,0.9681851048445409,0.03181489515545915,0.9616858237547894,0.8795840175150519,27,22,42,80
Random-K4-212,Random-fixed,4,350;395;465;490,0.25047350662052825,0.18380169365623222,0.46466108331735867,0.5455777240420463,0.975156121362266,0.9307873289093399,0.8448687238126061,0.9787900698963605,0.021209930103639432,0.980295566502463,0.8877941981390256,28,26,42,25
Random-K4-213,Random-fixed,4,300;370;470;645,0.23366430594220933,0.18529396690699818,0.4365308991945616,0.5680802704589207,0.9724169133751038,0.9011568966287954,0.8255267462445639,0.9983128464690287,0.0016871535309713184,0.9649698960043787,0.9195402298850575,29,22,42,70
Random-K4-214,Random-fixed,4,310;430;475;510,0.22481354676895132,0.1833334329345323,0.41072866212109144,0.6005759538555108,0.9755310921851887,0.9146811685811818,0.7995689475203909,0.9966256929380574,0.003374307061942637,0.9704433497536945,0.9140667761357416,29,26,42,35
Random-K4-215,Random-fixed,4,390;475;515;635,0.24729873645409936,0.18951243188014516,0.5398128701214292,0.6630885885367476,0.9692470957484146,0.8598799047393455,0.7953609640591482,0.9448059773439383,0.0551940226560617,0.9244663382594416,0.7296113847837985,20,9,42,40
Random-K4-216,Random-fixed,4,380;485;640;660,0.24755138805499163,0.18946903355165032,0.49336876573465044,0.6640396880422783,0.9692974083576233,0.8724414868938332,0.7799413463202978,0.9549288985297663,0.04507110147023379,0.9452654625068418,0.6907498631636563,23,13,42,20
Random-K4-217,Random-fixed,4,385;430;585;675,0.24642846219658363,0.19133608898703172,0.5345761769252411,0.7556126591605612,0.9693315498529808,0.8569768813546403,0.7550123355197309,0.9609544468546638,0.039045553145336226,0.9365079365079365,0.6677613574165299,23,9,42,45
Random-K4-218,Random-fixed,4,365;470;580;645,0.25117834904656233,0.18902114213480392,0.4452470803639354,0.6768465391713671,0.9728421035801481,0.9028110440050047,0.7772718690951038,0.9681851048445409,0.03181489515545915,0.9688013136288999,0.886152162014231,27,22,42,65
Random-K4-219,Random-fixed,4,305;360;440;675,0.2565164903849619,0.1919248959400777,0.5257306717659145,0.5894106163965539,0.9685569056310002,0.8990928867913298,0.8087124212694106,0.997589780670041,0.002410219329959026,0.975369458128079,0.9337712096332785,29,28,42,55
Random-K4-220,Random-fixed,4,310;370;390;630,0.23346498527182954,0.1759705395976143,0.41146918089692675,0.5190709059164252,0.9729969815000481,0.9119992619690395,0.8608473492949839,0.9966256929380574,0.003374307061942637,0.9386973180076628,0.856048166392994,24,12,42,20
Random-K4-221,Random-fixed,4,330;395;490;545,0.22461741159198872,0.1738294882274962,0.42228577699573533,0.5479284220281225,0.9759840832462076,0.9253011311240821,0.8372860793676201,0.9893950349481803,0.010604965051819716,0.9797482211275315,0.9009304871373838,29,26,42,55
Random-K4-222,Random-fixed,4,300;415;500;635,0.24018108112953696,0.1839856056799204,0.4600625620820156,0.607231812395146,0.9725899649835407,0.9034421084527351,0.7977028304446099,0.9983128464690287,0.0016871535309713184,0.9567597153804049,0.88232074438971,28,18,42,85
Random-K4-223,Random-fixed,4,355;470;605;660,0.2814373517428413,0.20524171932446014,0.5284223838100869,0.6240124266026037,0.9709269869147218,0.9049329572016676,0.7994364082934252,0.9746926970354303,0.025307302964569775,0.9786535303776682,0.9250136836343732,29,26,42,55
Random-K4-224,Random-fixed,4,385;515;655;690,0.25987705800457234,0.19488324960712441,0.5414820199727256,0.675439807064518,0.9656921809910488,0.8469503932782153,0.7654154179262902,0.9551699204627621,0.04483007953723789,0.9321291735084838,0.7449370552818828,18,9,42,35
Random-K4-225,Random-fixed,4,325;445;640;685,0.23195273305031655,0.17839425217723637,0.4460469206648439,0.5921684915641692,0.9728059361754319,0.9091407273474381,0.8058226246042818,0.9910821884791516,0.008917811520848397,0.9633278598795839,0.9058565955117679,29,25,42,45
Random-K4-226,Random-fixed,4,340;420;520;625,0.25760515444859544,0.18935845693868983,0.4794424094713184,0.574555663862586,0.9725098431970235,0.9165420486486614,0.8229114196267123,0.9840925524222705,0.015907447577729574,0.9677066228790366,0.9140667761357416,29,27,42,80
Random-K4-227,Random-fixed,4,410;455;505;570,0.2769303612128237,0.2071230155789576,0.6118551248261495,0.9005903087704935,0.9642138068329924,0.8474217203167441,0.7530739311729542,0.9438418896119547,0.056158110388045315,0.8538587848932675,0.4734537493158183,4,0,42,45
Random-K4-228,Random-fixed,4,310;435;465;600,0.22475961198050426,0.17939915132720594,0.4125698481966719,0.593068638248097,0.9756160191843689,0.912464593820726,0.8051535492130186,0.9966256929380574,0.003374307061942637,0.9677066228790366,0.8686371100164203,27,25,42,30
Random-K4-229,Random-fixed,4,525;565;630;700,0.20750292978105678,0.17156673995328828,0.4686160477364672,0.6113323470108597,0.9784528308139918,0.9114688244738137,0.8238567774362969,0.7879006989636057,0.21209930103639432,0.6091954022988505,0.08319649698960044,0,0,42,40
Random-K4-230,Random-fixed,4,340;365;435;660,0.2545729021071382,0.19182283097021413,0.4914458201228471,0.6485851577687012,0.9723555106854658,0.909670509631416,0.7928953929062978,0.9922872981441311,0.007712701855868884,0.9726327312534209,0.9261083743842365,29,24,42,25
Random-K4-231,Random-fixed,4,350;550;575;610,0.30660323617746227,0.21572823015294376,0.5645811827034944,0.6427121613736627,0.9662618609553147,0.8816447216697326,0.7873278248085365,0.9787900698963605,0.021209930103639432,0.8883415435139572,0.60207991242474,13,4,42,25
Random-K4-232,Random-fixed,4,340;410;505;695,0.24025824954258854,0.18003274608784806,0.47588235267682705,0.5627257444680681,0.9739743649848839,0.9215048505570034,0.8268712656864207,0.9840925524222705,0.015907447577729574,0.9709906951286261,0.9430760810071154,29,26,42,70
Random-K4-233,Random-fixed,4,490;520;540;690,0.23057862319599803,0.17983319053478636,0.4650083976541949,0.7181527284461995,0.9736597780138796,0.8973466346446097,0.8110189557429095,0.8527355989395035,0.1472644010604965,0.6037219485495348,0.14012041598248495,0,0,42,20
Random-K4-234,Random-fixed,4,330;460;635;655,0.23978329029756193,0.18024572926654286,0.5017373707924155,0.6042992485137745,0.9727318025112115,0.9058936104125148,0.7968601959296103,0.9893950349481803,0.010604965051819716,0.9781061850027366,0.9206349206349206,29,26,42,20
Random-K4-235,Random-fixed,4,315;375;425;600,0.21277556863550945,0.17134710618939591,0.36657485376189974,0.5249343084043758,0.9772074380241935,0.9303834271270778,0.8553536804918396,0.9959026271390696,0.0040973728609303445,0.9512862616310892,0.8998357963875205,28,15,42,50
Random-K4-236,Random-fixed,4,400;435;565;695,0.29994949041168556,0.2001120439856042,0.6053552690441998,0.8722769002346272,0.9558398871719936,0.8364711127782731,0.7404523193036207,0.96529284164859,0.03470715835140998,0.9042145593869731,0.5593869731800766,16,4,42,35
Random-K4-237,Random-fixed,4,315;370;410;550,0.22557695915757486,0.1703075684932587,0.3689883280572466,0.5297191766783075,0.9747688659055509,0.928340071135038,0.8500242779245564,0.9959026271390696,0.0040973728609303445,0.9567597153804049,0.9091406677613574,29,17,42,40
Random-K4-238,Random-fixed,4,365;400;545;695,0.2631621937967905,0.1904347850470804,0.4852106300910168,0.741569575117623,0.9671232293763822,0.8817360236197556,0.7476729215972744,0.9766208724993974,0.023379127500602555,0.9556650246305418,0.8582375478927203,26,17,42,35
Random-K4-239,Random-fixed,4,485;550;585;605,0.2530606647236411,0.18386521812697346,0.4835580511567297,0.8145900392950006,0.969442211729374,0.8820462139125306,0.8083184401386472,0.8609303446613642,0.13906965533863583,0.5894909688013136,0.21455938697318008,0,0,42,20
Random-K4-240,Random-fixed,4,350;565;590;690,0.3070491144723752,0.21810422792380468,0.5688036889737023,0.6434204237358071,0.9663786374217713,0.8778603960156292,0.7864379170783029,0.9787900698963605,0.021209930103639432,0.8921729611384784,0.5922276956759714,14,5,42,25
Random-K4-241,Random-fixed,4,300;325;615;670,0.2442021404899122,0.18451263708587906,0.4555740392224351,0.600325882225386,0.9715217403988176,0.8938233839588499,0.8076523283251783,0.9987948903350204,0.001205109664979513,0.8856048166392994,0.671592775041051,11,2,42,25
Random-K4-242,Random-fixed,4,330;455;605;670,0.24300296235095237,0.18228311301842876,0.4956763649376115,0.5968405886832464,0.9734688304178681,0.9055476729470104,0.8026994337302445,0.9893950349481803,0.010604965051819716,0.9792008757525997,0.916256157635468,29,28,42,65
Random-K4-243,Random-fixed,4,350;370;495;580,0.26086638321053945,0.20073322790512205,0.5267507270532479,0.6664245053384181,0.9714005800296275,0.892641074523052,0.7702592218029842,0.9910821884791516,0.008917811520848397,0.9386973180076628,0.8434592227695675,23,12,42,20
Random-K4-244,Random-fixed,4,360;385;565;675,0.27374584701777954,0.2015223855644624,0.5150673447951344,0.708646943735439,0.9666671863508093,0.8705305361555603,0.7500545953786739,0.9867437936852254,0.013256206314774645,0.9545703338806788,0.8122605363984675,26,18,42,25
Random-K4-245,Random-fixed,4,370;395;450;510,0.24361820364256032,0.19030471231397375,0.5115362158099563,0.7076151871010203,0.9699226753282182,0.8687335458278427,0.782252500797139,0.9852976620872499,0.01470233791275006,0.9512862616310892,0.8385331143951834,26,16,42,25
Random-K4-246,Random-fixed,4,430;460;555;645,0.30719008962406735,0.19768265559411002,0.5642534562897344,0.7423152478547966,0.9575353646364481,0.863747419599603,0.7916819338391446,0.9366112316220776,0.06338876837792239,0.6852764094143404,0.22167487684729065,0,0,42,30
Random-K4-247,Random-fixed,4,485;540;585;625,0.254109451667865,0.18339858534615214,0.47500213164094557,0.7708246762005615,0.9689244063537097,0.8850316914744355,0.8170569881167544,0.8609303446613642,0.13906965533863583,0.5927750410509032,0.1444991789819376,0,0,42,40
Random-K4-248,Random-fixed,4,335;565;600;665,0.26482164073268094,0.204615827879524,0.5298643208635454,0.600970234661998,0.9710563605318986,0.8922411495870566,0.8055766446743574,0.9891540130151844,0.010845986984815618,0.9009304871373838,0.7120963327859879,15,4,42,35
Random-K4-249,Random-fixed,4,300;345;400;515,0.21530455220400713,0.16888375674113074,0.3928372286708625,0.5493502718487355,0.9768812774426779,0.9302599999072734,0.8403601403427192,0.9983128464690287,0.0016871535309713184,0.9682539682539683,0.8938149972632732,28,22,42,45
Random-K4-250,Random-fixed,4,305;385;675;700,0.25112106265166034,0.18856450496295957,0.4498090801341325,0.5760703679002679,0.9703609801069245,0.8942856349201129,0.824122977171833,0.997589780670041,0.002410219329959026,0.939792008757526,0.8171866447728516,24,11,42,25
Random-K4-251,Random-fixed,4,440;535;640;665,0.30293079753942415,0.19858945616342819,0.5563216841742343,0.8905440364294195,0.9614612826597672,0.8624769907496377,0.7597477661237969,0.8809351651000241,0.1190648348999759,0.671592775041051,0.34537493158182814,0,0,42,25
Random-K4-252,Random-fixed,4,435;510;535;555,0.29014493705282285,0.1955309889207272,0.5568839484011097,0.8340791340953196,0.9590895850429538,0.8599975548942589,0.7777666260951357,0.8884068450228971,0.11159315497710291,0.7367268746579091,0.37219485495347565,2,0,42,20
Random-K4-253,Random-fixed,4,465;490;525;670,0.28039435386802797,0.19294553964936315,0.527524781105641,0.7596583658789453,0.9664942115919257,0.8784190362086365,0.8111211720012751,0.8917811520848398,0.10821884791516027,0.5987958401751505,0.2769567597153804,0,0,42,25
Random-K4-254,Random-fixed,4,425;445;465;620,0.3092640627351009,0.20918494228164577,0.5660507975847056,0.7217452891175882,0.9574963623921429,0.8601343681061584,0.8096054944791421,0.9419137141479874,0.05808628585201253,0.7044334975369457,0.3382594417077176,0,0,42,20
Random-K4-255,Random-fixed,4,315;420;450;580,0.22491998969194507,0.1764928291063189,0.3960461264960261,0.5616050275925686,0.9750369528591449,0.9180353836115667,0.8275782209023017,0.9959026271390696,0.0040973728609303445,0.9660645867542419,0.90311986863711,29,22,42,30
Random-K4-256,Random-fixed,4,335;380;410;515,0.21699329030799314,0.1739919259328487,0.3712616208657805,0.5168095107105605,0.9773765426822156,0.9429788011268758,0.8562886937423733,0.9891540130151844,0.010845986984815618,0.9660645867542419,0.9151614668856047,29,22,42,30
Random-K4-257,Random-fixed,4,370;410;445;510,0.21500310117172788,0.1757144580968372,0.4280973921238178,0.699043640808082,0.9770026136349271,0.9120273558702833,0.7957869789087124,0.9730055435044589,0.026994456495541094,0.9573070607553366,0.6622879036672139,27,19,42,35
Random-K4-258,Random-fixed,4,315;475;495;525,0.22994741674243752,0.17487293313538782,0.410515557828192,0.5895951194836133,0.973825519201242,0.911858890930553,0.8104190675859886,0.9959026271390696,0.0040973728609303445,0.9677066228790366,0.9064039408866994,29,19,42,20
Random-K4-259,Random-fixed,4,300;345;495;690,0.25892784015842607,0.18760509650189608,0.507486663993984,0.5822783898504259,0.9693327784797879,0.8906350399105659,0.8148758125818509,0.9983128464690287,0.0016871535309713184,0.9452654625068418,0.7980295566502463,23,12,42,45
Random-K4-260,Random-fixed,4,335;395;500;650,0.2370881836577899,0.17831332343920087,0.447902031639798,0.5545314441410831,0.9749728776259023,0.9258253876374207,0.8330939381225231,0.9891540130151844,0.010845986984815618,0.9737274220032841,0.8998357963875205,28,24,42,60
Random-K4-261,Random-fixed,4,405;580;645;695,0.2953520012255273,0.19101305853885836,0.572061271728748,0.7012493650624706,0.958413850859997,0.8540481485949281,0.7723059059765301,0.9281754639672211,0.07182453603277898,0.8461959496442255,0.535303776683087,6,0,42,50
Random-K4-262,Random-fixed,4,425;525;665;690,0.2938543623948218,0.1999715883408084,0.5823734330006622,0.8122337885082036,0.9587939905705424,0.8626634766625334,0.7596190809739682,0.9028681610026512,0.09713183899734876,0.7657361795292829,0.2824302134646962,1,0,42,25
Random-K4-263,Random-fixed,4,345;420;470;675,0.24529925081184129,0.18957984925958044,0.5303853305171824,0.6838974339332964,0.9751062622487581,0.8862067508217926,0.8292394835236523,0.9816823330923115,0.0183176669076886,0.9688013136288999,0.8899835796387521,28,22,42,50
Random-K4-264,Random-fixed,4,330;580;615;645,0.26106418969855116,0.18336629051762166,0.5136490384337115,0.5962401129424019,0.9713563101104336,0.8864274474883457,0.8065318770268303,0.9893950349481803,0.010604965051819716,0.8872468527640941,0.6053639846743295,12,4,42,30
Random-K4-265,Random-fixed,4,325;370;420;520,0.21045716231477463,0.17399842575381183,0.36615396213688356,0.5001075136759713,0.97860508164466,0.9365046476360358,0.8681512668955311,0.9910821884791516,0.008917811520848397,0.9660645867542419,0.9157088122605364,29,19,42,45
Random-K4-266,Random-fixed,4,430;500;535;635,0.2957967949854482,0.19044706120123456,0.5624721415139768,0.7764478326192313,0.9614983869536818,0.8707459531501823,0.7797407875234578,0.8951554591467824,0.10484454085321765,0.7334428024083197,0.12862616310892172,1,0,42,35
Random-K4-267,Random-fixed,4,425;460;620;640,0.30679053078558044,0.20113538560863053,0.5785977928785525,0.8169102646033022,0.9566538264246903,0.8571630895533412,0.7720833010278284,0.9419137141479874,0.05808628585201253,0.6880131362889983,0.23973727422003283,0,0,42,20
Random-K4-268,Random-fixed,4,315;385;545;610,0.23583146552687997,0.17738589151716153,0.4147409068736844,0.5655694770434452,0.9730323063691166,0.911220701187254,0.830962008870546,0.9959026271390696,0.0040973728609303445,0.9480021893814996,0.8325123152709359,20,14,42,65
Random-K4-269,Random-fixed,4,335;395;585;655,0.2461310338302417,0.18263885669762228,0.4558435418960734,0.5553164670314529,0.974902680408286,0.9251545437365473,0.8340878810975839,0.9891540130151844,0.010845986984815618,0.9638752052545155,0.9091406677613574,29,20,42,60
Random-K4-270,Random-fixed,4,360;530;560;635,0.30287443334337893,0.2078823548604546,0.5119121394445479,0.6759616122600421,0.9643445809884693,0.8960008823018263,0.7693979497190738,0.9715594119064835,0.02844058809351651,0.9381499726327313,0.8089764641488779,20,11,42,30
Random-K4-271,Random-fixed,4,360;400;585;655,0.26076331128385516,0.18727577153219782,0.44681508193227826,0.6869049270138371,0.9714154094524226,0.9073676793689871,0.7674175792349934,0.9756567847674138,0.024343215232586167,0.9759168035030105,0.8910782703886152,28,24,42,40
Random-K4-272,Random-fixed,4,420;505;590;645,0.2954622403202351,0.19888120090524297,0.5780639869767412,0.7936365418176896,0.9594389564253615,0.8629500104952883,0.7652075973527943,0.9091347312605447,0.09086526873945529,0.7909140667761357,0.2911877394636015,3,0,42,55
Random-K4-273,Random-fixed,4,355;400;435;455,0.21432500309150732,0.16579271047300764,0.5020906441730981,0.5864009581220313,0.9826345989902231,0.9000262777641043,0.8615673027990972,0.9746926970354303,0.025307302964569775,0.9759168035030105,0.8390804597701149,28,27,42,20
Random-K4-274,Random-fixed,4,300;430;605;650,0.24380610911918063,0.18803579723001385,0.46364816669476216,0.6314574575816437,0.9717973341071237,0.9031999974643814,0.7802198401709445,0.9983128464690287,0.0016871535309713184,0.9441707717569787,0.8790366721401204,27,13,42,45
Random-K4-275,Random-fixed,4,435;470;515;535,0.2974042280922503,0.1938211016335947,0.556291383415239,0.8151187041258275,0.9585720003117061,0.8663903483015397,0.7970513913803507,0.930826705230176,0.06917329476982405,0.7142857142857142,0.3355227148330596,1,0,42,20
Random-K4-276,Random-fixed,4,340;360;395;470,0.2567563472412142,0.18763942595434854,0.5460246027980894,0.665524860346449,0.9748961965453916,0.8837642831635223,0.8254086287060002,0.9944564955410943,0.00554350445890576,0.9709906951286261,0.9282977558839628,29,24,42,20
Random-K4-277,Random-fixed,4,350;370;615;675,0.28210623125255,0.19877185991880628,0.5337356424965336,0.6578739658599495,0.9713462979427545,0.8923110389861872,0.7686457201456968,0.9910821884791516,0.008917811520848397,0.9102353585112206,0.7772304324028462,17,7,42,20
Random-K4-278,Random-fixed,4,355;385;415;655,0.24511689094418102,0.18531265414955872,0.4385536438418738,0.664025594585517,0.9743214446809378,0.9116552904517892,0.7945164317933607,0.9857797059532417,0.014220294046758255,0.975369458128079,0.9239189928845101,29,22,42,30
Random-K4-279,Random-fixed,4,300;365;445;665,0.24067849011709222,0.1903985063174008,0.515440118871707,0.6023247230144111,0.9706621645347628,0.8972144686322914,0.7988321058685899,0.9983128464690287,0.0016871535309713184,0.960591133004926,0.88232074438971,28,20,42,65
Random-K4-280,Random-fixed,4,440;475;520;680,0.3110757292939137,0.2015817006562137,0.5577672088114013,0.8443188748478417,0.9583447175839952,0.8658708684139446,0.7864399799721095,0.9248011569052784,0.07519884309472162,0.6748768472906403,0.2692939244663382,1,0,42,35
Random-K4-281,Random-fixed,4,350;600;620;690,0.3097881069225577,0.21948164001584175,0.5668805817872412,0.6437233566967596,0.9677908335826916,0.8632764208680151,0.7866582164214593,0.9787900698963605,0.021209930103639432,0.8866995073891626,0.5725232621784346,13,5,42,20
Random-K4-282,Random-fixed,4,350;475;620;640,0.2861069135927909,0.2135941135395661,0.5421704433804797,0.6227575218930302,0.9701312287190842,0.8987373353155921,0.7892856570486155,0.9787900698963605,0.021209930103639432,0.9726327312534209,0.9315818281335522,29,26,42,20
Random-K4-283,Random-fixed,4,315;435;520;675,0.23028339808475326,0.1793504787172446,0.4066220335530342,0.597472106777302,0.9738047364308008,0.9122915484273267,0.8026537041852623,0.9959026271390696,0.0040973728609303445,0.9748221127531472,0.9381499726327313,29,27,42,85
Random-K4-284,Random-fixed,4,315;525;555;610,0.2344407339051629,0.17891802413822855,0.41671908858348056,0.6086180206874009,0.9731469462101501,0.9106725939920232,0.8046021297702821,0.9959026271390696,0.0040973728609303445,0.9146141215106732,0.7049808429118773,18,5,42,30
Random-K4-285,Random-fixed,4,370;470;515;665,0.2355585131993965,0.189512322326556,0.441799885982202,0.6339073784061124,0.9730167843450414,0.8984138762974038,0.796726936003924,0.9681851048445409,0.03181489515545915,0.9660645867542419,0.8735632183908046,27,24,42,45
Random-K4-286,Random-fixed,4,300;415;520;695,0.2445949037900635,0.18424930290627275,0.462306685698064,0.6096878716644757,0.9713285806755753,0.9008950527607398,0.7967442597016561,0.9983128464690287,0.0016871535309713184,0.9518336070060207,0.8812260536398466,28,16,42,105
Random-K4-287,Random-fixed,4,345;450;490;625,0.2603078916364835,0.1901355506073839,0.5064550789354071,0.6022715707367448,0.9720179835820992,0.9041553303197437,0.8223906473532853,0.9816823330923115,0.0183176669076886,0.9770114942528736,0.90311986863711,29,25,42,40
Random-K4-288,Random-fixed,4,355;450;500;560,0.2619419957026031,0.19601804587404598,0.5128862819861095,0.6168916656501827,0.9699362439662599,0.9100985551556727,0.8117794837800094,0.9746926970354303,0.025307302964569775,0.9688013136288999,0.9020251778872468,29,26,42,50
Random-K4-289,Random-fixed,4,440;480;580;600,0.30759362197087875,0.20184218961841563,0.566294097931715,0.8767995251018713,0.9577310714133951,0.8623090657782202,0.7739887258830319,0.9248011569052784,0.07519884309472162,0.6721401204159826,0.30487137383689106,0,0,42,20
Random-K4-290,Random-fixed,4,325;480;535;565,0.24352173052128892,0.1870631848980515,0.45402211275385634,0.5927168829235583,0.9727233808962179,0.9097522691818254,0.8056483884727197,0.9910821884791516,0.008917811520848397,0.9496442255062943,0.8598795840175151,28,14,42,30
Random-K4-291,Random-fixed,4,330;375;520;585,0.24544484520358265,0.17526242753522364,0.44344090520710033,0.552677621044773,0.9735228876445994,0.9228978219169688,0.8382737232164985,0.9893950349481803,0.010604965051819716,0.9518336070060207,0.8500273672687465,26,15,42,45
Random-K4-292,Random-fixed,4,310;415;485;690,0.22901382648600296,0.17654773971909277,0.4096925448203966,0.5831714995955253,0.9738018375859838,0.9139205408013545,0.8126377949616135,0.9966256929380574,0.003374307061942637,0.9737274220032841,0.8998357963875205,28,26,42,70
Random-K4-293,Random-fixed,4,395;475;520;690,0.2531159684114075,0.19030877635405657,0.5456916957284945,0.6918799275946339,0.9678062725760459,0.8635992022804457,0.7900477785278849,0.9397445167510243,0.06025548324897566,0.9233716475095786,0.7000547345374931,20,9,42,45
Random-K4-294,Random-fixed,4,400;440;585;680,0.2713858222380932,0.18958275723605614,0.5930952619619315,0.8963241813053683,0.9638858884132935,0.8433455867351621,0.7346017006138434,0.9592672933236924,0.040732706676307545,0.8992884510125888,0.6064586754241927,14,1,42,40
Random-K4-295,Random-fixed,4,435;455;530;660,0.3017448422267569,0.21363618115709337,0.5577263920842914,0.7837591985161436,0.9596725180389585,0.8598227672052395,0.7850009799486382,0.930826705230176,0.06917329476982405,0.7263273125342091,0.3426382047071702,1,0,42,20
Random-K4-296,Random-fixed,4,415;490;580;665,0.2862939680884262,0.19150125511420468,0.5700719297610161,0.7783464263889784,0.9617888455837781,0.8611597583066567,0.7671136295053402,0.923114003374307,0.07688599662569294,0.8089764641488779,0.350848385331144,4,0,42,75
Random-K4-297,Random-fixed,4,415;450;475;590,0.3057943322564852,0.2079778028247574,0.5859013730846622,0.8042275819973264,0.9571773848028147,0.8648860806974873,0.7849767459764743,0.9520366353338153,0.04796336466618462,0.7744937055281882,0.47947454844006565,4,0,42,25
Random-K4-298,Random-fixed,4,330;355;445;630,0.24543435904666813,0.18197053572656172,0.48882711696029074,0.5792813465459071,0.9749762357090136,0.9120588891941315,0.8185248451518453,0.9934924078091106,0.006507592190889371,0.9644225506294472,0.9036672140120415,29,23,42,25
Random-K4-299,Random-fixed,4,305;420;560;595,0.22965709594947817,0.1817438479089008,0.4380546146790526,0.6056664011674047,0.9734430805966893,0.9051364620468109,0.7993329410024825,0.997589780670041,0.002410219329959026,0.9578544061302682,0.8812260536398466,27,17,42,35
Random-K4-300,Random-fixed,4,355;380;605;680,0.2819344101234697,0.1921374476652178,0.5374869123195091,0.6853085807098185,0.9671513141611747,0.8774029357116455,0.7615802552633009,0.9889129910821884,0.01108700891781152,0.9469074986316366,0.8434592227695675,22,13,42,25
Random-K4-301,Random-fixed,4,345;375;560;660,0.2680189182444003,0.19212266994917318,0.5387273204467763,0.6510465464165974,0.9719346346149312,0.9011496174583504,0.7694320658974042,0.987707881417209,0.012292118582791034,0.9430760810071154,0.7766830870279146,22,12,42,30
Random-K4-302,Random-fixed,4,345;410;430;700,0.23594062121169196,0.18009976881965736,0.48081797150597877,0.5262584337715315,0.9777738755362478,0.9142656955462598,0.8534606893420341,0.9816823330923115,0.0183176669076886,0.9759168035030105,0.8555008210180624,27,25,42,20
Random-K4-303,Random-fixed,4,370;510;585;685,0.2570660476561824,0.1923078565359266,0.4632455094086915,0.639610767284675,0.9694242573451654,0.8877983371832241,0.7822052633107707,0.9681851048445409,0.03181489515545915,0.9452654625068418,0.8357963875205253,26,13,42,75
Random-K4-304,Random-fixed,4,500;530;595;670,0.23266313165622954,0.17154753278167656,0.43164558571522255,0.6949016788933087,0.9757057672142845,0.9180136177318383,0.8139631469279259,0.8353820197637986,0.1646179802362015,0.5774493705528188,0.16803503010399565,0,0,42,30
Random-K4-305,Random-fixed,4,320;425;580;695,0.22473465742743184,0.17876014537098053,0.40604045399924427,0.5786069720017709,0.9746878750462208,0.9153532965473248,0.8162393758602977,0.9927693420101229,0.0072306579898770785,0.9616858237547894,0.9014778325123153,29,20,42,105
Random-K4-306,Random-fixed,4,305;505;565;700,0.23498892555690884,0.18333917785383613,0.43703723779258613,0.6286508289963794,0.9731630170752245,0.9054826088284966,0.7932064511951011,0.997589780670041,0.002410219329959026,0.9129720853858784,0.7542419266557197,17,2,42,60
Random-K4-307,Random-fixed,4,425;470;540;675,0.3178202495210147,0.20369548144032937,0.595712560176105,0.9539602229840577,0.9576238865554891,0.8559313397378919,0.7543763074609949,0.9346830561581104,0.06531694384188962,0.7350848385331145,0.21018062397372742,1,0,42,45
Random-K4-308,Random-fixed,4,410;605;635;695,0.29121719737607477,0.20255083114298983,0.5947575168231043,0.7617878822165228,0.9580368290599279,0.8561957857332813,0.7574517901045292,0.9226319595083152,0.07736804049168475,0.8418171866447729,0.5024630541871921,5,0,42,30
Random-K4-309,Random-fixed,4,420;465;550;630,0.29987630067676907,0.20493066410418107,0.6020759394641535,0.9090297363069072,0.9578308921816134,0.8592124949386595,0.756537225480591,0.9399855386840202,0.060014461315979754,0.7558839627805145,0.20853858784893267,1,0,42,45
Random-K4-310,Random-fixed,4,410;625;655;675,0.2966216056691345,0.2012426895525161,0.5950171274900676,0.7610619390518358,0.9576004480511573,0.8569727067814706,0.7587945446536773,0.9226319595083152,0.07736804049168475,0.8522167487684729,0.46688560481663927,6,0,42,20
Random-K4-311,Random-fixed,4,305;575;605;695,0.24011988467554785,0.18800827855354116,0.48320771014226793,0.6352534475034451,0.971568563635688,0.8821278578429703,0.787793882793118,0.997589780670041,0.002410219329959026,0.8451012588943623,0.428024083196497,5,0,42,30
Random-K4-312,Random-fixed,4,460;480;545;595,0.2708428384302303,0.18908356937419077,0.5143431862161831,0.7845701828287375,0.9664263041744298,0.8726372119714261,0.7936980609628467,0.8987707881417208,0.1012292118582791,0.6212370005473454,0.3004926108374384,0,0,42,20
Random-K4-313,Random-fixed,4,390;415;435;560,0.2868621420310532,0.19106363091594078,0.5722490750600242,0.6805589526619343,0.9586930659837022,0.864813484371789,0.8046818815829504,0.9730055435044589,0.026994456495541094,0.9009304871373838,0.6206896551724138,15,3,42,20
Random-K4-314,Random-fixed,4,375;415;470;580,0.22682838135563946,0.17853500351884657,0.5034945105827215,0.7711925502891903,0.9740450513838477,0.8770326745827364,0.7628284870163438,0.9691491925765244,0.030850807423475537,0.9315818281335522,0.6579091406677614,25,7,42,40
Random-K4-315,Random-fixed,4,300;370;455;540,0.22656425197013533,0.18015798815961953,0.4253145029660581,0.5576568275131428,0.9740107441145756,0.9084588566639544,0.8329928150420798,0.9983128464690287,0.0016871535309713184,0.9709906951286261,0.9244663382594416,29,22,42,70
Random-K4-316,Random-fixed,4,345;395;605;640,0.260164909809267,0.18804873038005007,0.46510610307909933,0.5494064164169284,0.9752314357137545,0.9279903049322934,0.8356194336572605,0.9816823330923115,0.0183176669076886,0.9677066228790366,0.9140667761357416,29,21,42,35
Random-K4-317,Random-fixed,4,340;455;535;695,0.26530725702435326,0.18760077035436698,0.5024768140946024,0.5913182065652354,0.9696173102881228,0.9046328300402926,0.8082283725014052,0.9840925524222705,0.015907447577729574,0.9693486590038315,0.8910782703886152,28,25,42,80
Random-K4-318,Random-fixed,4,305;365;395;675,0.24248333278490064,0.1831983228860031,0.41311434878914566,0.5434636876212533,0.9718585764004928,0.9102811314794969,0.8406737766300015,0.997589780670041,0.002410219329959026,0.9534756431308156,0.8752052545155994,27,15,42,30
Random-K4-319,Random-fixed,4,400;615;655;695,0.2923786020793499,0.1897663970572537,0.5615323664620426,0.7138894673701767,0.9573072303731622,0.8561559076038666,0.7646267481711366,0.9402265606170161,0.05977343938298385,0.8866995073891626,0.5982484948002189,10,0,42,40
Random-K4-320,Random-fixed,4,345;400;535;625,0.24902023359532127,0.18037355300181915,0.4654119767848278,0.5590863222146966,0.9754357729688333,0.9288891207183357,0.8292760166965277,0.9816823330923115,0.0183176669076886,0.9726327312534209,0.9195402298850575,29,24,42,55
Random-K4-321,Random-fixed,4,340;390;490;575,0.24062527307034073,0.17487513738429963,0.4499460323456802,0.5442204094164399,0.974997213816655,0.9283966433836184,0.8389776010552746,0.9840925524222705,0.015907447577729574,0.967159277504105,0.906951286261631,29,19,42,50
Random-K4-322,Random-fixed,4,350;375;480;525,0.2647866383253086,0.18681959538841517,0.5252061006750356,0.6727228709456323,0.9719262609832479,0.8958139406581771,0.7722156552829497,0.9881899252832008,0.011810074716799228,0.9578544061302682,0.8839627805145046,28,18,42,25
Random-K4-323,Random-fixed,4,400;545;570;625,0.28683058686554297,0.18921316833859939,0.5631398794482523,0.7150937038601137,0.9583185060860594,0.8536183184968279,0.7653420987504715,0.9402265606170161,0.05977343938298385,0.8784893267651889,0.6042692939244664,11,2,42,25
Random-K4-324,Random-fixed,4,310;350;510;685,0.2783932654860591,0.1955178298875897,0.5167557773853414,0.593720600225426,0.9688456214774465,0.8912537122215962,0.8064459227181715,0.9966256929380574,0.003374307061942637,0.9217296113847838,0.6945812807881774,20,9,42,40
Random-K4-325,Random-fixed,4,340;425;670;700,0.2729341138517567,0.19143716402753147,0.5310147965478883,0.755059512503884,0.9717256324994429,0.8797628660078639,0.8237741348659864,0.9840925524222705,0.015907447577729574,0.9611384783798578,0.9080459770114943,29,21,42,30
Random-K4-326,Random-fixed,4,315;385;460;490,0.20991452060909,0.1681551746794385,0.38014613603151093,0.5373837852571807,0.977902717454081,0.9241590333976873,0.8447797550266638,0.9959026271390696,0.0040973728609303445,0.9748221127531472,0.8899835796387521,27,24,42,30
Random-K4-327,Random-fixed,4,410;555;605;640,0.2872282842616969,0.2003058354739351,0.5941659397134131,0.7628630305201537,0.9586513321628681,0.8550371489859743,0.758336231634479,0.9226319595083152,0.07736804049168475,0.8604269293924467,0.5002736726874657,5,0,42,35
Random-K4-328,Random-fixed,4,380;425;465;485,0.22168031293395982,0.17364523538359206,0.48120635635914377,0.723169669288217,0.9757338202708435,0.8916730987683906,0.7920039343846607,0.9602313810556761,0.03976861894432393,0.916256157635468,0.6704980842911876,20,2,42,20
Random-K4-329,Random-fixed,4,355;390;500;665,0.26739836952219703,0.1951186284412539,0.5100827570157503,0.6817350838730375,0.9664506432141495,0.8920460873801466,0.7766577489454533,0.9824053988912991,0.017594601108700893,0.9704433497536945,0.8905309250136835,28,23,42,35
Random-K4-330,Random-fixed,4,330;430;630;665,0.23388048412314752,0.17580076112869802,0.46429088827118253,0.5674524119515177,0.9741115336398108,0.913357653727883,0.8239246082634564,0.9893950349481803,0.010604965051819716,0.9742747673782157,0.9020251778872468,29,26,42,35
Random-K4-331,Random-fixed,4,315;335;425;525,0.22961511930451928,0.1814842641370761,0.4366164556634757,0.5606504458072766,0.9740372356090448,0.9187236537181493,0.828055955114608,0.9980718245360328,0.001928175463967221,0.9578544061302682,0.9107827038861521,29,17,42,20
Random-K4-332,Random-fixed,4,335;465;600;640,0.24511878096546402,0.19379079711538919,0.5170645597305477,0.6045388347780243,0.9725719585930487,0.9046568748546803,0.7966105350406992,0.9891540130151844,0.010845986984815618,0.9600437876299945,0.89272030651341,27,21,42,40
Random-K4-333,Random-fixed,4,360;435;585;630,0.25082201666106607,0.19868199846575546,0.43174728142176216,0.6569504310713565,0.9718548765244226,0.9185720596421705,0.7954748617224128,0.9715594119064835,0.02844058809351651,0.9841269841269842,0.9584017515051997,29,29,42,45
Random-K4-334,Random-fixed,4,390;510;620;640,0.26259078067037434,0.19014415977803567,0.5518068263161517,0.6748398009837422,0.9653199995562396,0.8484393707038883,0.7788542298742509,0.9448059773439383,0.0551940226560617,0.9304871373836892,0.7334428024083197,18,9,42,20
Random-K4-335,Random-fixed,4,310;345;470;495,0.23948674194938613,0.18103541545476629,0.48885054259438826,0.5838272912354973,0.9747813027629796,0.8984379698786832,0.8119679208800628,0.9966256929380574,0.003374307061942637,0.9698960043787629,0.9195402298850575,29,26,42,25
Random-K4-336,Random-fixed,4,370;400;440;610,0.22631547644067013,0.18375945886415093,0.48872613503671775,0.7052657748564386,0.9750136879822258,0.8822357306077074,0.784983351655186,0.9814413111593155,0.0185586888406845,0.9529282977558841,0.8516694033935412,27,17,42,30
Random-K4-337,Random-fixed,4,405;445;490;590,0.2855343263698102,0.20363130896435194,0.6171485156293212,0.8767279807680504,0.9634838085631711,0.8394849494168218,0.755319039681866,0.9551699204627621,0.04483007953723789,0.8445539135194308,0.548440065681445,5,1,42,40
Random-K4-338,Random-fixed,4,370;540;595;690,0.2647370159522352,0.19551899914264217,0.4705064209002996,0.6381425880966944,0.9690850416256273,0.885000168663358,0.7788941830033814,0.9681851048445409,0.03181489515545915,0.9321291735084838,0.8472906403940886,23,9,42,55
Random-K4-339,Random-fixed,4,355;375;445;700,0.2592299520021553,0.18641039998001432,0.6123751127452915,0.6990807476301949,0.9706386023075141,0.868126561537671,0.7882120348722476,0.9918052542781393,0.008194745721860689,0.9644225506294472,0.8992884510125888,28,21,42,20
Random-K4-340,Random-fixed,4,435;555;635;695,0.2952723574490235,0.1957555909046638,0.5623035620385778,0.8478731441965204,0.9575720394945809,0.8569508312269037,0.7636195365894217,0.8884068450228971,0.11159315497710291,0.7389162561576355,0.41215106732348106,1,0,42,60
Random-K4-341,Random-fixed,4,360;455;485;670,0.2634730235594283,0.19032072885397022,0.4543848845719011,0.6256228472764074,0.9706410589995139,0.9108518306941024,0.805831350098996,0.9715594119064835,0.02844058809351651,0.9764641488779421,0.9085933223864259,29,26,42,30
Random-K4-342,Random-fixed,4,460;620;660;680,0.2744062073573968,0.1891646003021655,0.5261040518936483,0.8339083052583576,0.9646853056935875,0.8626839067242948,0.7687457361684693,0.8476741383465896,0.15232586165341047,0.645320197044335,0.31800766283524906,0,0,42,20
Random-K4-343,Random-fixed,4,400;475;555;680,0.2751265951992897,0.18577845197648168,0.5760757786720518,0.701985122216415,0.9614501855799757,0.856938314818793,0.7862796645981347,0.9402265606170161,0.05977343938298385,0.8910782703886152,0.6622879036672139,13,4,42,75
Random-K4-344,Random-fixed,4,435;510;590;695,0.29119792170234143,0.19622480173494367,0.5582418341194253,0.8409153776884523,0.9588510142903653,0.8573612952520492,0.7719508819851628,0.8884068450228971,0.11159315497710291,0.7432950191570881,0.3946360153256705,1,0,42,75
Random-K4-345,Random-fixed,4,305;330;490;530,0.2412245876433825,0.17614148610770058,0.4656420747054295,0.5861360684377861,0.9737909865549758,0.9095159419628134,0.8113596510729357,0.9983128464690287,0.0016871535309713184,0.9436234263820471,0.8648056923918993,23,9,42,25
Random-K4-346,Random-fixed,4,390;415;495;560,0.27591861603045414,0.1971425402879955,0.5707163997385214,0.7055637739252115,0.961192145270614,0.8571972309109556,0.7864510018831209,0.9730055435044589,0.026994456495541094,0.91351943076081,0.6666666666666666,19,3,42,25
Random-K4-347,Random-fixed,4,335;435;530;630,0.24062799735341275,0.18809274605114026,0.486711942949832,0.5698888088846669,0.9737848233232466,0.9118449184359062,0.8217232143910739,0.9891540130151844,0.010845986984815618,0.9813902572523261,0.9403393541324575,29,25,42,95
Random-K4-348,Random-fixed,4,345;370;420;530,0.22552827025079214,0.18052670667779314,0.49170661477760047,0.6104378192129192,0.9762968399533407,0.9101405415455976,0.8121918764981176,0.9906001446131598,0.009399855386840203,0.967159277504105,0.9157088122605364,29,24,42,25
Random-K4-349,Random-fixed,4,320;535;565;640,0.24057763230075252,0.1827239152318463,0.42946680647042407,0.5976931860825145,0.9724428395658091,0.910749524511426,0.810729800519498,0.9927693420101229,0.0072306579898770785,0.9211822660098522,0.7520525451559934,20,5,42,30
Random-K4-350,Random-fixed,4,370;520;605;660,0.2602862141091184,0.1941897044497726,0.4660623161786795,0.6392362148349326,0.9693934322623802,0.8866464578147774,0.7811858169481201,0.9681851048445409,0.03181489515545915,0.9354132457580733,0.8576902025177887,23,11,42,55
Random-K4-351,Random-fixed,4,330;480;615;655,0.250339576436814,0.18808933667461608,0.4990664418038577,0.5946865557016272,0.9711232613959763,0.9065045400569417,0.80419766900037,0.9893950349481803,0.010604965051819716,0.9507389162561576,0.9025725232621784,29,15,42,40
Random-K4-352,Random-fixed,4,320;435;495;665,0.22726033100013887,0.1739493557550951,0.41238960384641166,0.5894121697589039,0.9743013792896157,0.9120276327928155,0.8084314290287363,0.9927693420101229,0.0072306579898770785,0.9846743295019157,0.9332238642583469,29,27,42,60
Random-K4-353,Random-fixed,4,365;420;490;585,0.21802261270651627,0.17730441892002924,0.3901245654939913,0.6325685364529338,0.9779382323411934,0.922081062276494,0.8074060292114482,0.9681851048445409,0.03181489515545915,0.9627805145046523,0.8746579091406678,27,23,42,55
Random-K4-354,Random-fixed,4,330;350;400;490,0.22820368968229415,0.17580294775606645,0.4432731949753914,0.563638308494431,0.9776116102690002,0.9289548617543747,0.828109205224945,0.9951795613400819,0.004820438659918052,0.9649698960043787,0.9102353585112206,29,20,42,20
Random-K4-355,Random-fixed,4,325;360;560;650,0.2809265495227288,0.2007051665241411,0.48572499256765966,0.5879428407319557,0.9683505230681397,0.9046685863563954,0.8095230299683912,0.9910821884791516,0.008917811520848397,0.9151614668856047,0.6573617952928298,19,10,42,35
Random-K4-356,Random-fixed,4,315;400;450;530,0.2189189922601729,0.17197436599321744,0.3891031040141751,0.5762059597918272,0.9764958053939483,0.9198951742148049,0.8177017795890402,0.9959026271390696,0.0040973728609303445,0.9633278598795839,0.8812260536398466,28,21,42,50
Random-K4-357,Random-fixed,4,370;460;540;665,0.23404780227903157,0.18908071228914233,0.43737013627445254,0.6276543464514224,0.9727887562251628,0.9000833554851677,0.7998201912427976,0.9681851048445409,0.03181489515545915,0.9682539682539683,0.8565955117679256,28,21,42,80
Random-K4-358,Random-fixed,4,335;555;600;665,0.2626108375393758,0.20601510108908155,0.5311538385470777,0.6017968393629144,0.9718843489688065,0.8778043971130766,0.8043014942121729,0.9891540130151844,0.010845986984815618,0.8954570333880678,0.6891078270388615,13,5,42,45
Random-K4-359,Random-fixed,4,340;455;485;560,0.26684578266574127,0.18479772287071913,0.5090919630689114,0.5816939658704997,0.9695098936179256,0.9034543586255706,0.8163891851095981,0.9840925524222705,0.015907447577729574,0.9764641488779421,0.9217296113847838,29,26,42,30
Random-K4-360,Random-fixed,4,335;560;590;635,0.26839227803287247,0.20347862178123796,0.5285390949310114,0.6019042765976697,0.9714695521691246,0.8860238857459348,0.8047454693730013,0.9891540130151844,0.010845986984815618,0.8850574712643678,0.6562671045429667,12,3,42,30
Random-K4-361,Random-fixed,4,315;385;470;495,0.21723285793575367,0.17013725669923305,0.38744203839057056,0.5470839797331934,0.9761830751051266,0.9209019947934908,0.8377276618984393,0.9959026271390696,0.0040973728609303445,0.9677066228790366,0.90311986863711,29,24,42,25
Random-K4-362,Random-fixed,4,330;515;655;700,0.2572512043571432,0.1870516645587814,0.5127911132366131,0.5991510825416629,0.9699898688486894,0.9060130444218215,0.8028326185530207,0.9893950349481803,0.010604965051819716,0.9458128078817735,0.8007662835249042,24,14,42,45
Random-K4-363,Random-fixed,4,415;490;605;685,0.2879406393545495,0.1921562338130431,0.5703886793820581,0.778039588776744,0.9612610009994103,0.8607536731647434,0.7662547161315578,0.923114003374307,0.07688599662569294,0.8188286808976464,0.32129173508483855,4,0,42,75
Random-K4-364,Random-fixed,4,435;600;660;690,0.29357707832538477,0.20061968374676123,0.5617541294786881,0.8460480153904287,0.9582265135482824,0.8576694477139213,0.7627135978353972,0.8884068450228971,0.11159315497710291,0.7372742200328407,0.3962780514504652,2,0,42,30
Random-K4-365,Random-fixed,4,340;430;490;575,0.2693624465334081,0.19035328798675646,0.48673838892076166,0.5834735807744692,0.9718865399155443,0.9113032734879051,0.819695171041243,0.9840925524222705,0.015907447577729574,0.9731800766283524,0.9168035030103995,29,25,42,60
Random-K4-366,Random-fixed,4,310;350;605;650,0.2830197426291221,0.19537123536773796,0.5178827099507459,0.5909977476963406,0.9675402037243949,0.8797026514266237,0.8113754770951334,0.9966256929380574,0.003374307061942637,0.9053092501368363,0.5281882868089764,15,6,42,40
Random-K4-367,Random-fixed,4,440;470;560;700,0.3232041748086919,0.2014811018137234,0.6850774595983901,0.8474017806006214,0.9560843220958439,0.835386746598423,0.7704917260766537,0.9248011569052784,0.07519884309472162,0.6502463054187192,0.21018062397372742,0,0,42,30
Random-K4-368,Random-fixed,4,560;595;645;675,0.20134162119232868,0.16476892231256027,0.5418271006877076,0.6150406276038602,0.981180221026637,0.8576407852630114,0.8354575452786801,0.7107736804049168,0.28922631959508316,0.4351395730706075,0.16748768472906403,0,0,42,30
Random-K4-369,Random-fixed,4,390;470;530;685,0.24293493886289325,0.18948167120129272,0.5398502513026989,0.673070990042975,0.9700486178113251,0.8629855548151275,0.7970085826647263,0.9448059773439383,0.0551940226560617,0.9206349206349206,0.6562671045429667,21,6,42,60
Random-K4-370,Random-fixed,4,420;445;525;570,0.312367067910287,0.2006185826756122,0.5622944492443226,0.734167343050961,0.9557931852376027,0.867372300613179,0.7948439454821549,0.9469751747409014,0.05302482525909858,0.7772304324028462,0.4838533114395183,0,0,42,25
Random-K4-371,Random-fixed,4,320;345;460;530,0.23957236545121663,0.18084121117456406,0.4956512947117993,0.5885814085163683,0.9748756619340524,0.9010571419091401,0.8086062414682547,0.9961436490720655,0.003856350927934442,0.9666119321291735,0.9064039408866994,29,23,42,25
Random-K4-372,Random-fixed,4,435;560;640;680,0.3006311707817477,0.19530201241739126,0.5621670219872567,0.848312695505238,0.9583282426553231,0.8565799796801449,0.7628461883744988,0.8884068450228971,0.11159315497710291,0.7307060755336617,0.45429666119321294,1,0,42,40
Random-K4-373,Random-fixed,4,390;500;590;690,0.2607990557772686,0.1904223652311066,0.5500271263267824,0.6752093958081022,0.9664079097472327,0.8512158494564664,0.7828959982205491,0.9448059773439383,0.0551940226560617,0.9326765188834154,0.6852764094143404,21,11,42,90
Random-K4-374,Random-fixed,4,335;375;540;660,0.25673639255833003,0.18192190475087436,0.4637112496466816,0.5560263333796882,0.9725097061772315,0.9229815376836952,0.8355921811818164,0.9891540130151844,0.010845986984815618,0.9403393541324575,0.8549534756431307,23,13,42,40
Random-K4-375,Random-fixed,4,440;540;630;675,0.3007177669183181,0.19955392431101154,0.5575088371985861,0.8903070753745203,0.9607124697014235,0.8625780298509146,0.7578930648904735,0.8809351651000241,0.1190648348999759,0.6765188834154352,0.35905856595511765,1,0,42,45
Random-K4-376,Random-fixed,4,300;510;550;685,0.2561084744835032,0.18788865536874544,0.46296404194954033,0.641454152142618,0.9716125457816561,0.9034657001242041,0.7908282980138485,0.9983128464690287,0.0016871535309713184,0.9009304871373838,0.7569786535303776,15,1,42,40
Random-K4-377,Random-fixed,4,305;340;525;660,0.26217702385212494,0.18858006508574476,0.507741829369983,0.5877709842406862,0.9704175633647313,0.9003130484325972,0.812335428759664,0.997589780670041,0.002410219329959026,0.9184455391351943,0.7312534209085934,19,6,42,35
Random-K4-378,Random-fixed,4,370;395;505;635,0.25986940414985055,0.19573706418024112,0.5279265970696473,0.7308731104529035,0.96626621358479,0.8563631607120629,0.7502667977650261,0.9852976620872499,0.01470233791275006,0.9611384783798578,0.8467432950191571,27,15,42,25
Random-K4-379,Random-fixed,4,415;510;605;675,0.2889283533610112,0.1913024977255711,0.5733369521092995,0.7851244971139401,0.9593427725582658,0.8576848357199056,0.7573536761497643,0.923114003374307,0.07688599662569294,0.8204707170224411,0.42255062944718114,4,0,42,70
Random-K4-380,Random-fixed,4,320;440;530;640,0.22307236346502113,0.1743282630601317,0.4139661986293499,0.5916679247956215,0.9753566927963244,0.9126206605727627,0.806181782903397,0.9927693420101229,0.0072306579898770785,0.9797482211275315,0.9573070607553366,29,29,42,90
Random-K4-381,Random-fixed,4,350;460;505;615,0.27592976700036914,0.20752299694381704,0.5255954783556039,0.6023901476083362,0.9709811555525983,0.9026185623853701,0.803779938818647,0.9787900698963605,0.021209930103639432,0.9731800766283524,0.918992884510126,29,26,42,45
Random-K4-382,Random-fixed,4,325;600;660;685,0.24924027759905293,0.1928249444641339,0.4625567450547685,0.5996899530599563,0.9713477588255237,0.890565354644771,0.8061563229070653,0.9910821884791516,0.008917811520848397,0.8790366721401204,0.6902025177887248,9,3,42,25
Random-K4-383,Random-fixed,4,505;630;650;685,0.22706986347431873,0.17543241575455934,0.4691392639401519,0.6987933569949604,0.9753854189970308,0.9102677300174089,0.8028211105341743,0.7630754398650277,0.2369245601349723,0.5495347564313082,0.11603721948549535,0,0,42,20
Random-K4-384,Random-fixed,4,330;450;510;630,0.24037858268082601,0.18021250886129525,0.4949211256811041,0.602091819702163,0.9732262887965136,0.9060104891404784,0.8010191425038911,0.9893950349481803,0.010604965051819716,0.9748221127531472,0.9151614668856047,29,25,42,60
Random-K4-385,Random-fixed,4,515;535;585;685,0.2170500958842808,0.17581519739519594,0.4734745018611389,0.6219935336631733,0.977717421361524,0.9132910483472935,0.8322696510527151,0.8074234755362738,0.1925765244637262,0.5139573070607554,0.15763546798029557,0,0,42,20
Random-K4-386,Random-fixed,4,340;360;455;490,0.2559925696587899,0.18449075325866943,0.5106410894025666,0.6117540164300493,0.9735460765256279,0.9067359588811571,0.8058832105507969,0.9944564955410943,0.00554350445890576,0.9737274220032841,0.9463601532567051,29,27,42,20
Random-K4-387,Random-fixed,4,320;390;430;635,0.21126400085970912,0.17253791543836652,0.364868348860681,0.5389626700929404,0.9778295739927316,0.930162926461714,0.8423362646898984,0.9927693420101229,0.0072306579898770785,0.9742747673782157,0.9354132457580733,29,27,42,40
Random-K4-388,Random-fixed,4,305;335;630;680,0.25350714330995144,0.19139544592365368,0.5021575111854868,0.5895262181756447,0.9733318442389616,0.8935021779962232,0.818483418179113,0.997589780670041,0.002410219329959026,0.8659003831417624,0.5955117679255609,10,3,42,30
Random-K4-389,Random-fixed,4,355;460;535;585,0.2623905560760978,0.1995000477407762,0.5138310390686048,0.6154670262139706,0.971512991793776,0.9073700320383709,0.8053856824926375,0.9746926970354303,0.025307302964569775,0.9808429118773946,0.9354132457580733,29,27,42,50
Random-K4-390,Random-fixed,4,345;440;545;620,0.2617163352661521,0.19117659574712367,0.49349161743551173,0.5849225137464669,0.971752710995778,0.9092444360689674,0.8256820617417072,0.9816823330923115,0.0183176669076886,0.9824849480021893,0.9490968801313627,29,27,42,75
Random-K4-391,Random-fixed,4,375;495;660;695,0.24923492896087787,0.18266956733033404,0.47983768949454286,0.664962537274163,0.9705589033549076,0.8790561425404243,0.770122501672044,0.9590262713906965,0.04097372860930345,0.939792008757526,0.7690202517788725,21,13,42,35
Random-K4-392,Random-fixed,4,365;435;500;700,0.23053493368784886,0.18563873420090074,0.41127899551270225,0.678369837254711,0.974692052630236,0.9153035938775352,0.7904287516011484,0.9681851048445409,0.03181489515545915,0.9748221127531472,0.9042145593869731,29,26,42,65
Random-K4-393,Random-fixed,4,365;390;470;635,0.25919421296424383,0.19289080293608732,0.5118002580691162,0.7300041341763143,0.9689829740834754,0.8668303910532082,0.7720432770882459,0.9843335743552664,0.01566642564473367,0.9638752052545155,0.8516694033935412,26,20,42,25
Random-K4-394,Random-fixed,4,325;515;560;700,0.2452422765198954,0.18809693341943098,0.45990067522436995,0.6015582948619189,0.9712234763877258,0.9099340209998025,0.8024945443826134,0.9910821884791516,0.008917811520848397,0.9408866995073891,0.7963875205254516,24,10,42,45
Random-K4-395,Random-fixed,4,345;435;480;500,0.26567314344281195,0.18722775335849873,0.4963416841275067,0.5840635855865712,0.9700190685397332,0.9105551808553007,0.8243463673484085,0.9816823330923115,0.0183176669076886,0.9819376026272578,0.9282977558839628,29,26,42,20
Random-K4-396,Random-fixed,4,425;485;510;695,0.3118216941779215,0.20018866159292947,0.5803877778845815,0.8728826676839678,0.9620556063862762,0.8610210653247652,0.7639159215224481,0.911062906724512,0.08893709327548807,0.7547892720306513,0.2260536398467433,1,0,42,25
Random-K4-397,Random-fixed,4,370;420;520;590,0.21512432471698595,0.17105205126824058,0.403331683039874,0.6038471047357035,0.9773581893510839,0.9158003166768699,0.8160618714214909,0.9681851048445409,0.03181489515545915,0.9611384783798578,0.8872468527640941,28,21,42,50
Random-K4-398,Random-fixed,4,315;420;600;675,0.22853675619609795,0.1824082827186235,0.4012538494425858,0.5774554347182954,0.9735446280605231,0.9152841133906657,0.8182256588235806,0.9959026271390696,0.0040973728609303445,0.9556650246305418,0.8949096880131362,28,20,42,75
Random-K4-399,Random-fixed,4,300;335;425;645,0.22912372770648448,0.17707754526713418,0.4324125623964592,0.5588020797456312,0.9743740428673067,0.9179400627460914,0.8300770505001782,0.9983128464690287,0.0016871535309713184,0.9540229885057472,0.906951286261631,29,17,42,35
Random-K4-400,Random-fixed,4,320;495;640;670,0.23723296479305425,0.17829226744698026,0.42778338099297897,0.5984942472434909,0.9726405025158606,0.9098737705414249,0.8041151512699428,0.9927693420101229,0.0072306579898770785,0.9419813902572524,0.8659003831417624,26,13,42,30
Random-K4-401,Random-fixed,4,320;470;600;695,0.2309409905256141,0.17618641745906197,0.4269763591153463,0.6009252271707566,0.9740565519352931,0.9087898215253455,0.79932635957862,0.9927693420101229,0.0072306579898770785,0.9731800766283524,0.9151614668856047,29,25,42,95
Random-K4-402,Random-fixed,4,365;420;510;620,0.2207369442825867,0.17943510632165113,0.39347611941470273,0.6366220132940776,0.9772761528502097,0.9208553288215402,0.802700189235492,0.9681851048445409,0.03181489515545915,0.960591133004926,0.8981937602627257,28,21,42,55
Random-K4-403,Random-fixed,4,330;380;565;655,0.2442066897863139,0.17449942922738587,0.4416424390942575,0.5534341301915264,0.9742509639600407,0.9237113543593801,0.8386001994567827,0.9893950349481803,0.010604965051819716,0.9310344827586207,0.8418171866447729,22,11,42,50
Random-K4-404,Random-fixed,4,340;535;615;690,0.28288040655483226,0.19488321895880137,0.535372366089877,0.6061828563803735,0.9672159447375267,0.9012854796209602,0.7953840180591767,0.9840925524222705,0.015907447577729574,0.916256157635468,0.7099069512862616,18,5,42,75
Random-K4-405,Random-fixed,4,340;530;615;670,0.2809492737229382,0.19436066279182615,0.5390824683710529,0.6069049657529898,0.9681108833730145,0.9007874477342402,0.7949560948935475,0.9840925524222705,0.015907447577729574,0.918992884510126,0.7509578544061303,18,7,42,55
Random-K4-406,Random-fixed,4,375;500;645;680,0.2543559541577106,0.1803762559593347,0.4818686208359828,0.6644369429617112,0.9703433172090287,0.8776357854721006,0.76858166040274,0.9590262713906965,0.04097372860930345,0.9430760810071154,0.7301587301587301,21,12,42,35
Random-K4-407,Random-fixed,4,460;480;590;700,0.26908357409712574,0.18818464117443634,0.5170164281218023,0.7875851699293683,0.9672071291693456,0.8695956522653617,0.7902567384249249,0.8987707881417208,0.1012292118582791,0.6141215106732347,0.3185550082101806,0,0,42,20
Random-K4-408,Random-fixed,4,340;380;450;480,0.24345643306577155,0.18123172017542616,0.4436283496206308,0.511808469739675,0.9764545936133727,0.9296192261132652,0.8599678777211583,0.9840925524222705,0.015907447577729574,0.9693486590038315,0.91351943076081,29,24,42,30
Random-K4-409,Random-fixed,4,460;510;585;615,0.27807195464619855,0.18961176382170505,0.5284991594183416,0.82879155392857,0.9661370940568466,0.8671542305896415,0.7816663653286807,0.8987707881417208,0.1012292118582791,0.6163108921729611,0.31089217296113847,0,0,42,30
Random-K4-410,Random-fixed,4,310;345;440;555,0.23702106893848737,0.17880586796064202,0.4959162225875406,0.5588127319028184,0.9741004131940979,0.9039623019598666,0.8298408384426665,0.9966256929380574,0.003374307061942637,0.9781061850027366,0.91351943076081,29,24,42,35
Random-K4-411,Random-fixed,4,375;410;620;685,0.25693847911694784,0.19334621709469718,0.5414711228002722,0.7798653686753046,0.9672816675084873,0.8521509763612392,0.7334536315890611,0.9739696312364425,0.026030368763557483,0.9337712096332785,0.5801860974274767,26,10,42,35
Random-K4-412,Random-fixed,4,310;615;650;690,0.23809404854979657,0.18527949280721204,0.48317689016991344,0.6365392242511583,0.9716713500750782,0.8820542319408577,0.7850323598251322,0.9187756085803808,0.08122439141961918,0.8686371100164203,0.4641488779419814,9,1,42,35
Random-K4-413,Random-fixed,4,320;365;450;675,0.23783990208922512,0.18235953005400676,0.556911611353383,0.6442025193306506,0.9732739399819159,0.8815763594811474,0.830000782376895,0.9927693420101229,0.0072306579898770785,0.9600437876299945,0.896551724137931,28,22,42,45
Random-K4-414,Random-fixed,4,390;440;525;665,0.24132492749069367,0.18868501424359876,0.5589770772465782,0.8002157352445725,0.9707141622348189,0.848585639287469,0.7580677982760998,0.9508315256688359,0.049168474331164135,0.9310344827586207,0.6644772851669404,20,6,42,50
Random-K4-415,Random-fixed,4,370;495;600;630,0.2499325413344734,0.19301451775939366,0.4596068226975681,0.6428446805499529,0.970638196006086,0.8896086656079185,0.7815465527415977,0.9681851048445409,0.03181489515545915,0.9425287356321838,0.810071154898741,26,13,42,30
Random-K4-416,Random-fixed,4,345;530;625;680,0.28492241193386936,0.20693721926874514,0.5299153192996322,0.6469190717418717,0.9693544122591465,0.8998234729876037,0.8024792451927539,0.9816823330923115,0.0183176669076886,0.9337712096332785,0.7312534209085934,19,7,42,55
Random-K4-417,Random-fixed,4,375;455;485;505,0.21969284992462737,0.17317351743935963,0.4429677994762127,0.6377697944370163,0.9757434526990867,0.8995413114932755,0.806807464003135,0.9590262713906965,0.04097372860930345,0.9594964422550629,0.6480569239189928,28,18,42,20
Random-K4-418,Random-fixed,4,340;425;460;615,0.24660810232110733,0.18066218218660451,0.4824025638274092,0.5566217977465656,0.9749977932836513,0.9163572928952102,0.8343957813856516,0.9840925524222705,0.015907447577729574,0.9715380405035577,0.9118773946360154,29,24,42,35
Random-K4-419,Random-fixed,4,365;425;540;580,0.22809437372719873,0.17917430300165438,0.4020961630624715,0.6385407059190618,0.9752800165829111,0.9179937825372424,0.8003280003447485,0.9681851048445409,0.03181489515545915,0.9523809523809524,0.8839627805145046,27,16,42,40
Random-K4-420,Random-fixed,4,380;460;605;625,0.23504483667082235,0.18604486152020477,0.4776839582728218,0.6560879861952384,0.9726361069144731,0.8819749698859622,0.7918117069703958,0.9549288985297663,0.04507110147023379,0.9458128078817735,0.8073344280240832,26,12,42,20
Random-K4-421,Random-fixed,4,365;560;600;670,0.28611473069324794,0.20113460069335803,0.4851350307512212,0.7030328011204536,0.9653674968152129,0.8853191192317624,0.7583444935053821,0.9681851048445409,0.03181489515545915,0.9091406677613574,0.7367268746579091,16,7,42,40
Random-K4-422,Random-fixed,4,310;485;510;530,0.2282583544416996,0.17538987131365308,0.41579659309304645,0.6138463696485931,0.9738121640584427,0.9111358709617943,0.7936560872326662,0.9966256929380574,0.003374307061942637,0.9480021893814996,0.8445539135194308,27,11,42,20
Random-K4-423,Random-fixed,4,335;410;505;690,0.23288785219186886,0.18224178076452213,0.4636825945352675,0.5597686411695066,0.9743987043893764,0.9209170071697323,0.8292631329374772,0.9891540130151844,0.010845986984815618,0.9764641488779421,0.9403393541324575,29,28,42,75
Random-K4-424,Random-fixed,4,320;460;590;685,0.22867638702168167,0.17554514729120438,0.4260055386644272,0.607535059778224,0.9745776287231904,0.9086942181146073,0.7945997642781513,0.9927693420101229,0.0072306579898770785,0.9737274220032841,0.912424740010947,29,26,42,95
Random-K4-425,Random-fixed,4,315;530;550;590,0.23478864928434315,0.17873894379082655,0.4177321769454956,0.6094275444452685,0.9735860482185068,0.9099796359009886,0.8030769394916223,0.9959026271390696,0.0040973728609303445,0.9151614668856047,0.7454844006568144,16,2,42,20
Random-K4-426,Random-fixed,4,400;475;500;660,0.26432952179733626,0.18827442576340717,0.5475171824082486,0.6925320451102197,0.9650851819940797,0.8654640101420255,0.7919585428944312,0.9402265606170161,0.05977343938298385,0.8938149972632732,0.6004378762999452,13,4,42,25
Random-K4-427,Random-fixed,4,530;570;605;630,0.22079664295059695,0.16740489868567351,0.467809024211429,0.6594353208896869,0.9754997382950293,0.9128671975593128,0.8059340130665734,0.7775367558447819,0.22246324415521812,0.6535303776683087,0.09742747673782157,0,0,42,25
Random-K4-428,Random-fixed,4,365;460;485;570,0.24101435837642257,0.1841344317110774,0.4253169247397172,0.6597679891213205,0.9731816612685095,0.9088575915904696,0.7900941032373783,0.9681851048445409,0.03181489515545915,0.9666119321291735,0.883415435139573,26,23,42,25
Random-K4-429,Random-fixed,4,400;435;480;580,0.28576931038721587,0.20206809684842778,0.591687017140481,0.8633918929114117,0.9626614919557179,0.8419650277885631,0.7578030951043011,0.96529284164859,0.03470715835140998,0.896551724137931,0.5342090859332238,14,3,42,35
Random-K4-430,Random-fixed,4,430;530;575;675,0.29941599695642823,0.19098577357041666,0.5655008231153824,0.7901236963862742,0.9605996985073118,0.8652137246762469,0.7708069210943606,0.8951554591467824,0.10484454085321765,0.7186644772851669,0.14833059660645867,0,0,42,45
Random-K4-431,Random-fixed,4,315;440;505;610,0.21492599442475802,0.17754196644724296,0.40834081733570193,0.6062276936925316,0.9767782815646396,0.9113768456199879,0.795329999583505,0.9959026271390696,0.0040973728609303445,0.9770114942528736,0.9321291735084838,29,26,42,65
Random-K4-432,Random-fixed,4,370;440;535;605,0.2172736484816219,0.18295890950455146,0.41676016794864146,0.6118881042060634,0.9775186817667542,0.9100086319070341,0.8130719550691242,0.9681851048445409,0.03181489515545915,0.9720853858784892,0.9151614668856047,29,24,42,70
Random-K4-433,Random-fixed,4,340;440;545;610,0.2571485097882928,0.18360244738815076,0.49199638998019357,0.5738440987331973,0.9734667258302125,0.9087009185601009,0.8206143355553588,0.9840925524222705,0.015907447577729574,0.9819376026272578,0.9480021893814996,29,28,42,65
Random-K4-434,Random-fixed,4,335;405;525;700,0.2367743617008446,0.17810989039012565,0.45959187507838906,0.561388937031322,0.9751065017673257,0.9229689426811956,0.8292471227839541,0.9891540130151844,0.010845986984815618,0.9775588396278051,0.8981937602627257,28,27,42,70
Random-K4-435,Random-fixed,4,365;410;430;485,0.19717941450778217,0.16972550790246368,0.39813037991089384,0.5983110127379582,0.9808294274029792,0.930481226724486,0.8346058285822149,0.9681851048445409,0.03181489515545915,0.9600437876299945,0.8062397372742199,27,19,42,20
Random-K4-436,Random-fixed,4,360;565;595;645,0.3057704886953459,0.21434499670384358,0.514577419377054,0.6741254485188106,0.9651103870629941,0.8883618521092947,0.7687353184183029,0.9715594119064835,0.02844058809351651,0.9157088122605364,0.6737821565407772,18,9,42,30
Random-K4-437,Random-fixed,4,425;485;585;620,0.30517274431961666,0.198379219145731,0.5823819852028637,0.8763240529320491,0.9611883913683557,0.8595995252272194,0.7584264156453201,0.911062906724512,0.08893709327548807,0.756431308155446,0.16748768472906403,1,0,42,35
Random-K4-438,Random-fixed,4,385;405;435;480,0.26228909829768876,0.20396718904918004,0.5233143748353519,0.604103130667535,0.9664598642914483,0.879388211055018,0.8349249070217218,0.9763798505664015,0.023620149433598456,0.9381499726327313,0.6250684181718663,23,6,42,20
Random-K4-439,Random-fixed,4,325;365;575;630,0.267692367953015,0.19274216817447254,0.45298215525607527,0.5806110077389275,0.971509089349067,0.903416653114162,0.8155948728823867,0.9910821884791516,0.008917811520848397,0.916256157635468,0.7170224411603723,16,9,42,40
Random-K4-440,Random-fixed,4,335;515;595;695,0.2588610546994612,0.2043322674482781,0.5245968186918304,0.6038108148866427,0.9707823086447676,0.904556577848853,0.8000978792436444,0.9891540130151844,0.010845986984815618,0.9321291735084838,0.8177339901477831,21,10,42,80
Random-K4-441,Random-fixed,4,385;410;480;630,0.25812215809065076,0.20520908881031025,0.5634016891113601,0.6815785878689526,0.9663900986110262,0.8566421510522924,0.7869447720441853,0.9763798505664015,0.023620149433598456,0.9354132457580733,0.6469622331691298,24,8,42,25
Random-K4-442,Random-fixed,4,360;395;450;510,0.250853666187273,0.18999576575124702,0.45895034932456513,0.6899191971852773,0.9705483448172241,0.8988450346292928,0.7876040454191202,0.9795131356953483,0.020486864304651724,0.967159277504105,0.8790366721401204,28,25,42,35
Random-K4-443,Random-fixed,4,360;425;590;655,0.23740739056469867,0.18406511989288551,0.4083710831589061,0.6102234554150515,0.9749900601110182,0.9252205808667162,0.8103505156605721,0.9715594119064835,0.02844058809351651,0.9704433497536945,0.8976464148877942,28,22,42,65
Random-K4-444,Random-fixed,4,305;360;485;595,0.25324555696385753,0.1911534278665992,0.452863524022247,0.5965789472156091,0.9702350321608284,0.8973901920239905,0.803410536127906,0.997589780670041,0.002410219329959026,0.9562123700054733,0.8806787082649151,24,15,42,55
Random-K4-445,Random-fixed,4,380;505;600;655,0.2542279644925826,0.18689028421169077,0.5013437883045996,0.6660038894981901,0.9673669843675304,0.8674941185195708,0.7699087171207889,0.9549288985297663,0.04507110147023379,0.9419813902572524,0.7575259989053093,23,13,42,55
Random-K4-446,Random-fixed,4,305;485;545;570,0.22933103978455646,0.18273021735309883,0.43458525410390114,0.6266600699280744,0.9734217740190716,0.9070171156682427,0.7875049428335353,0.997589780670041,0.002410219329959026,0.9425287356321838,0.8555008210180624,22,11,42,25
Random-K4-447,Random-fixed,4,455;475;540;665,0.27842907013257034,0.19907828136499148,0.5601357976000594,0.8099264222586081,0.9648536426873846,0.8643401680517029,0.7811743681353703,0.905760424198602,0.09423957580139793,0.6245210727969349,0.3333333333333333,0,0,42,20
Random-K4-448,Random-fixed,4,425;475;600;700,0.3006091641541448,0.20242838613128908,0.5898075841678749,0.9033468295999143,0.9583512685987443,0.8551815227024171,0.7539786992135807,0.9269703543022415,0.0730296456977585,0.7378215654077723,0.2796934865900383,1,0,42,50
Random-K4-449,Random-fixed,4,465;490;530;695,0.2721290147468698,0.1899573750240211,0.5259418844212792,0.760940278798322,0.9664194961092005,0.8774318676940579,0.8117603317695565,0.8917811520848398,0.10821884791516027,0.6102900930487137,0.2818828680897646,0,0,42,25
Random-K4-450,Random-fixed,4,495;545;595;695,0.24616889011535872,0.17854066591916568,0.43577746057896555,0.7424099917452396,0.9701432938134326,0.9135432665927276,0.812535081798317,0.844058809351651,0.155941190648349,0.5183360700602079,0.1412151067323481,0,0,42,50
Random-K4-451,Random-fixed,4,365;390;575;630,0.26664229831713054,0.19256209137168018,0.5285336317863559,0.7338082206156704,0.9658839015740641,0.8562328997170086,0.7498574368005383,0.9843335743552664,0.01566642564473367,0.9485495347564312,0.8253968253968254,22,12,42,25
Random-K4-452,Random-fixed,4,340;545;635;685,0.2807881479939012,0.19733124494580417,0.5371624249950022,0.6055387027090843,0.9678084062833172,0.8975741902085816,0.7958236600102034,0.9840925524222705,0.015907447577729574,0.9003831417624522,0.6507936507936508,15,4,42,50
Random-K4-453,Random-fixed,4,340;410;470;610,0.2390832422157731,0.18301850571523612,0.47031688186515136,0.5479944806211543,0.9762135498792651,0.923023835152406,0.8384008429617273,0.9840925524222705,0.015907447577729574,0.9797482211275315,0.9080459770114943,29,27,42,60
Random-K4-454,Random-fixed,4,420;465;650;700,0.30340646279921685,0.20737398837006646,0.6038373773323067,0.9099541255399496,0.9565006339251073,0.8535821146157883,0.7551209284588034,0.9399855386840202,0.060014461315979754,0.7810618500273673,0.3366174055829228,1,0,42,45
Random-K4-455,Random-fixed,4,355;385;405;700,0.2543131609058815,0.18693980257459566,0.45130356915250425,0.6616117030492009,0.972926982927086,0.9076307946628013,0.7886372538203121,0.9857797059532417,0.014220294046758255,0.9666119321291735,0.8828680897646416,27,21,42,20
Random-K4-456,Random-fixed,4,320;455;595;670,0.23028911103886393,0.1787107932945937,0.4259783021096032,0.6074977809828747,0.9735818616657445,0.9075763113778454,0.7944835808173057,0.9927693420101229,0.0072306579898770785,0.9742747673782157,0.9239189928845101,29,27,42,75
Random-K4-457,Random-fixed,4,360;380;560;605,0.2735737054008301,0.19583032600622968,0.5187412590391394,0.7051518448860559,0.966996843409899,0.8683428590634135,0.7492643191555212,0.9898770788141721,0.01012292118582791,0.9469074986316366,0.8303229337712097,21,13,42,20
Random-K4-458,Random-fixed,4,390;590;650;695,0.273620544326036,0.193395004846581,0.5500172873961033,0.6726724524368557,0.9630061725809416,0.8491352139911559,0.7740453456390215,0.9448059773439383,0.0551940226560617,0.922824302134647,0.7378215654077723,16,7,42,45
Random-K4-459,Random-fixed,4,380;460;615;685,0.23566558090329845,0.1859019248222725,0.47794628934447647,0.6555235028559157,0.9718928100038213,0.8818915143467186,0.7923901248307061,0.9549288985297663,0.04507110147023379,0.9485495347564312,0.8062397372742199,26,14,42,70
Random-K4-460,Random-fixed,4,300;405;525;675,0.2479644133945576,0.18509401709203685,0.46673896616480454,0.5941021385932185,0.9697977433201567,0.8948884530522424,0.811238462573099,0.9983128464690287,0.0016871535309713184,0.9556650246305418,0.8839627805145046,28,19,42,105
Random-K4-461,Random-fixed,4,385;555;605;700,0.2645968379503087,0.1979518037375861,0.5486198092507619,0.6769863001112059,0.9655384035866765,0.8460799738904317,0.7628842722882039,0.9551699204627621,0.04483007953723789,0.9107827038861521,0.7432950191570881,16,8,42,50
Random-K4-462,Random-fixed,4,430;570;625;645,0.3048467410112627,0.19083873268034768,0.5667755927650027,0.7944595567867947,0.9604574376462085,0.8612717136199708,0.7644800854846578,0.8951554591467824,0.10484454085321765,0.6967706622879036,0.19704433497536944,0,0,42,20
Random-K4-463,Random-fixed,4,425;510;675;700,0.2903345254447332,0.19992041895127566,0.5778456478231225,0.8085468578329957,0.9594622021469169,0.8629885644007342,0.7652644651380376,0.9028681610026512,0.09713183899734876,0.7531472359058566,0.24958949096880134,1,0,42,25
Random-K4-464,Random-fixed,4,370;495;590;655,0.24955082113880164,0.19312921504570368,0.459578341421426,0.6427319298508322,0.9706803659192748,0.8895968071529794,0.7816336516705458,0.9681851048445409,0.03181489515545915,0.9441707717569787,0.8264915161466886,27,13,42,65
Random-K4-465,Random-fixed,4,345;435;465;610,0.25612270542808535,0.18725875612036222,0.48325545392660935,0.5645456675237,0.9724294842223162,0.9116129811315483,0.8379776565889128,0.9816823330923115,0.0183176669076886,0.9819376026272578,0.8938149972632732,28,28,42,30
Random-K4-466,Random-fixed,4,360;380;530;695,0.2727427694642614,0.19297200653888757,0.5165743816808053,0.7071036414427733,0.9670443898902272,0.8690736582043141,0.7514302066651642,0.9898770788141721,0.01012292118582791,0.9578544061302682,0.8319649698960043,24,16,42,20
Random-K4-467,Random-fixed,4,485;545;585;645,0.2571212755838643,0.1826795300818938,0.47856991689601797,0.7862886377949219,0.9697726718006318,0.8836987941778424,0.8132839558090926,0.8609303446613642,0.13906965533863583,0.551176792556103,0.20963327859879585,0,0,42,40
Random-K4-468,Random-fixed,4,355;460;560;680,0.28388162676225787,0.20171804454064676,0.5409977800490162,0.614616110067909,0.9684057762718025,0.8950146686897155,0.8052077757225554,0.9746926970354303,0.025307302964569775,0.9781061850027366,0.9211822660098522,29,26,42,100
Random-K4-469,Random-fixed,4,320;400;590;695,0.24006673145745647,0.17492320213843,0.40177955423043,0.5591829833393727,0.9731681391074126,0.9176568993339306,0.8320495895130118,0.9927693420101229,0.0072306579898770785,0.9709906951286261,0.9217296113847838,29,21,42,80
Random-K4-470,Random-fixed,4,330;360;470;510,0.257634462336556,0.19544315125830228,0.48599215539136953,0.596324264858677,0.9737231469049269,0.9129099429542591,0.8050124947723765,0.9915642323451435,0.008435767654856591,0.975369458128079,0.9211822660098522,29,25,42,30
Random-K4-471,Random-fixed,4,380;415;465;505,0.24347070922859107,0.18376209407138827,0.534700661485361,0.7791000684132424,0.9712660320649233,0.8641011178333222,0.7659715356643493,0.970354302241504,0.02964569775849602,0.9261083743842365,0.7285166940339354,25,7,42,35
Random-K4-472,Random-fixed,4,485;540;610;655,0.25333658571561013,0.18510536298101668,0.47419950811474054,0.7715861660947975,0.9693598605605117,0.8855309685529411,0.8155436832078425,0.8609303446613642,0.13906965533863583,0.5467980295566502,0.10892172961138478,0,0,42,45
Random-K4-473,Random-fixed,4,340;360;415;440,0.229968630606611,0.1717224205580621,0.5263442276102572,0.570103913183865,0.9762631971495657,0.9031143209583818,0.8324348085186003,0.9944564955410943,0.00554350445890576,0.9770114942528736,0.9376026272577997,29,26,42,20
Random-K4-474,Random-fixed,4,375;450;475;670,0.21969045305568757,0.1738811327096933,0.49399509894019755,0.6388132473877431,0.975750065758525,0.9006172435394072,0.8100508242043164,0.9590262713906965,0.04097372860930345,0.9430760810071154,0.6617405582922824,25,11,42,25
Random-K4-475,Random-fixed,4,310;345;385;430,0.2039056968880339,0.1729103707010185,0.4430284090844583,0.5089553245745326,0.9806982617743445,0.9206028444375752,0.8628136861560955,0.9966256929380574,0.003374307061942637,0.9693486590038315,0.9085933223864259,29,24,42,35
Random-K4-476,Random-fixed,4,355;385;470;615,0.25943349175834224,0.196626084969898,0.500420368720871,0.6798162877324424,0.9716077991907991,0.8912074733992865,0.7803449912794631,0.9857797059532417,0.014220294046758255,0.9709906951286261,0.9058565955117679,29,26,42,30
Random-K4-477,Random-fixed,4,325;395;415;640,0.2129820189655605,0.16831201394578363,0.366213941024307,0.5185462304174503,0.9775671528269119,0.9327471287511777,0.8557105659586902,0.9910821884791516,0.008917811520848397,0.9726327312534209,0.9293924466338259,29,23,42,20
Random-K4-478,Random-fixed,4,335;420;515;640,0.24262651693384854,0.19144942797774367,0.4734248107242993,0.5652927024871968,0.9732723728202997,0.9175303253120186,0.826370137545092,0.9891540130151844,0.010845986984815618,0.9731800766283524,0.9080459770114943,29,26,42,85
Random-K4-479,Random-fixed,4,340;520;610;695,0.2750163224790135,0.1963407790046233,0.5336416720501292,0.6042451130566777,0.9687372921522807,0.9013139653948382,0.7968852572410587,0.9840925524222705,0.015907447577729574,0.926655719759168,0.756431308155446,20,7,42,85
Random-K4-480,Random-fixed,4,320;470;580;685,0.23226503727682082,0.17644061460234203,0.42711075303125173,0.6015795006008154,0.9742885997364588,0.9086222576582501,0.7988149358693118,0.9927693420101229,0.0072306579898770785,0.9748221127531472,0.909688013136289,29,25,42,105
Random-K4-481,Random-fixed,4,315;575;625;680,0.23870264271743458,0.18042681462940072,0.4693356005814257,0.6067050112419791,0.9722626568023562,0.8879148061707713,0.8086496411857755,0.9959026271390696,0.0040973728609303445,0.8669950738916257,0.5905856595511768,7,2,42,50
Random-K4-482,Random-fixed,4,340;410;475;700,0.24719533268846866,0.18490839533161327,0.5092016475104736,0.5513679872936026,0.9751483327979511,0.9021819248021649,0.8350753330711721,0.9840925524222705,0.015907447577729574,0.9808429118773946,0.9507389162561576,29,29,42,65
Random-K4-483,Random-fixed,4,475;520;560;695,0.2631808499542346,0.1853020919764665,0.521171181656582,0.7356527222603666,0.9649738979507164,0.876533795250289,0.8138252989095609,0.8768377922390937,0.12316220776090624,0.6267104542966612,0.2375478927203065,0,0,42,40
Random-K4-484,Random-fixed,4,570;600;650;680,0.21348227103726636,0.16189302957037333,0.5127617026115692,0.6098222579453075,0.9796180318328147,0.8731600479246806,0.8227243730207521,0.6866714871053266,0.3133285128946734,0.47454844006568137,0.0842911877394636,0,0,42,30
Random-K4-485,Random-fixed,4,385;410;515;580,0.2567424909724109,0.2028293997193453,0.5628529994829617,0.6920188975565008,0.9672732096310876,0.853647328769684,0.7750200539404445,0.9763798505664015,0.023620149433598456,0.9370552818828681,0.6606458675424193,22,12,42,25
Random-K4-486,Random-fixed,4,300;470;600;685,0.24407308318084595,0.18507343902098863,0.45961500963769214,0.6380997530915019,0.9712408957587962,0.9022964642657403,0.7751882116944662,0.9983128464690287,0.0016871535309713184,0.9529282977558841,0.799671592775041,27,17,42,85
Random-K4-487,Random-fixed,4,350;440;465;685,0.27054994670113636,0.201315969470916,0.5626340485438462,0.6355218437817703,0.9716045859490645,0.8924046680325137,0.8290358407762801,0.9787900698963605,0.021209930103639432,0.9808429118773946,0.8806787082649151,28,27,42,25
Random-K4-488,Random-fixed,4,320;390;490;695,0.22519531812302748,0.17435000504736736,0.3900523175615263,0.55051624588714,0.9746987067815153,0.9208540705273861,0.8370790873864636,0.9927693420101229,0.0072306579898770785,0.9655172413793103,0.9020251778872468,29,22,42,70
Random-K4-489,Random-fixed,4,330;415;540;650,0.23872386133899046,0.18211995785974444,0.447754419381496,0.570786912584323,0.9728116512014583,0.9181825888110433,0.8217742198392773,0.9893950349481803,0.010604965051819716,0.9748221127531472,0.9107827038861521,29,24,42,85
Random-K4-490,Random-fixed,4,430;485;540;690,0.31168685017908826,0.19720393514634785,0.580777352739833,0.8927378684516725,0.956917200390419,0.8664551506999189,0.7655625304582403,0.920703784044348,0.07929621595565196,0.715927750410509,0.15599343185550082,0,0,42,55
Random-K4-491,Random-fixed,4,370;400;450;610,0.23619448072524152,0.18374597061522077,0.4947153741502806,0.7126852510946526,0.9720187469768952,0.8782249462940748,0.7787723777591623,0.9814413111593155,0.0185586888406845,0.9458128078817735,0.8106185002736727,24,11,42,30
Random-K4-492,Random-fixed,4,525;605;655;685,0.2215076134171313,0.17190233591029822,0.4691764125241086,0.612111855753201,0.9752211164069767,0.9089096193264911,0.830341147179776,0.7879006989636057,0.21209930103639432,0.5730706075533661,0.16365626710454295,0,0,42,30
Random-K4-493,Random-fixed,4,410;515;575;660,0.2808716526421951,0.19930921976914762,0.5889780153411807,0.7596277458192627,0.960036070984735,0.8546434109227639,0.76324366483901,0.9226319595083152,0.07736804049168475,0.8680897646414888,0.47454844006568137,6,0,42,60
Random-K4-494,Random-fixed,4,315;435;485;635,0.22164149308050654,0.1750347176986192,0.4061786280611306,0.5998358658280031,0.975175716379937,0.9121740875451783,0.800149920081277,0.9959026271390696,0.0040973728609303445,0.9764641488779421,0.9348659003831418,29,27,42,50
Random-K4-495,Random-fixed,4,435;460;620;685,0.3009677490452641,0.2018303335708389,0.5588220399300167,0.7877566006999549,0.9566701965579205,0.8555053364846162,0.7855951509351151,0.930826705230176,0.06917329476982405,0.7241379310344829,0.2922824302134647,0,0,42,25
Random-K4-496,Random-fixed,4,390;500;585;700,0.2599753129302033,0.1893347493443703,0.5508115371867359,0.6760750047362896,0.9664923961281713,0.8506348502884161,0.7829286590323032,0.9448059773439383,0.0551940226560617,0.9337712096332785,0.6934865900383141,21,11,42,85
Random-K4-497,Random-fixed,4,375;420;580;650,0.22993166599504086,0.18687494940847868,0.4784390403617899,0.7496209758764395,0.9738815841407886,0.8845504243001806,0.7536489092262102,0.9640877319836105,0.03591226801638949,0.9441707717569787,0.7000547345374931,24,10,42,45
Random-K4-498,Random-fixed,4,385;580;605;630,0.2650058784614529,0.20027210814114568,0.5484360057080092,0.6753009981008019,0.9656168785340927,0.8460291839754049,0.7627914051225747,0.9551699204627621,0.04483007953723789,0.9140667761357416,0.7400109469074986,16,7,42,25
Random-K4-499,Random-fixed,4,415;470;585;680,0.29075997213478283,0.19815103259883354,0.588167228260579,0.885851349930814,0.9600728980579483,0.8523554220150726,0.7522053595776497,0.930826705230176,0.06917329476982405,0.7772304324028462,0.35030103995621237,4,0,42,55
Random-K4-500,Random-fixed,4,335;500;585;665,0.25767520837871494,0.20089772539538864,0.5185855314451083,0.6010752454817391,0.9706911198363899,0.9046790560880653,0.8007175264378912,0.9891540130151844,0.010845986984815618,0.9441707717569787,0.8243021346469621,25,11,42,80
