site_id,outer_fold,strategy,K,selected_ex,selected_ex_span_nm,lower_edge_gap_nm,upper_edge_gap_nm,rho_structure,relative_frobenius_error_fullrange,nrmse_energy_fullrange,spectral_cosine_fullrange,reconstruction_supported_fraction_fullrange,single_support_fraction_fullrange,unsupported_fraction_fullrange,target_positions_fullrange,supported_positions_fullrange,single_support_positions_fullrange,unsupported_positions_fullrange,relative_frobenius_error_interpdomain,nrmse_energy_interpdomain,spectral_cosine_interpdomain,reconstruction_supported_fraction_interpdomain,single_support_fraction_interpdomain,unsupported_fraction_interpdomain,target_positions_interpdomain,supported_positions_interpdomain,single_support_positions_interpdomain,unsupported_positions_interpdomain,relative_frobenius_error_edgeonly,nrmse_energy_edgeonly,spectral_cosine_edgeonly,reconstruction_supported_fraction_edgeonly,single_support_fraction_edgeonly,unsupported_fraction_edgeonly,target_positions_edgeonly,supported_positions_edgeonly,single_support_positions_edgeonly,unsupported_positions_edgeonly,reconstruction_supported_fraction,single_support_fraction,unsupported_fraction
S01,0,NAIG,2,425;360,65,60,275,0.9370552818828682,0.3431711049907139,0.34317110499071396,0.9420221537173884,0.9715594119064835,0.19233550253073028,0.02844058809351651,4149,4031,798,118,0.25825618378821796,0.2582561837882179,0.9666708127872115,0.9763374485596708,0.18724279835390947,0.023662551440329218,972,949,182,23,0.37760933510614864,0.37760933510614864,0.9334168087774428,0.9700975763298709,0.1938936103242052,0.029902423670129054,3177,3082,616,95,0.9715594119064835,0.19233550253073028,0.02844058809351651
S01,0,NAIG,3,425;360;620,260,60,80,0.9403393541324576,0.33794522555870854,0.33794522555870854,0.9443040161152336,0.9715594119064835,0.06869125090383225,0.02844058809351651,4149,4031,285,118,0.33263695333607884,0.33263695333607884,0.9432985447864176,0.991812032751869,0.051263794944820223,0.008187967248131008,2809,2786,144,23,0.3502551368531149,0.3502551368531148,0.9555293363919811,0.9291044776119403,0.10522388059701493,0.0708955223880597,1340,1245,141,95,0.9715594119064835,0.06869125090383225,0.02844058809351651
S01,0,NAIG,4,425;360;620;500,260,60,80,0.9354132457580736,0.3420752980869568,0.34207529808695686,0.9439581438091406,0.9715594119064835,0.06869125090383225,0.02844058809351651,4149,4031,285,118,0.33555279234797863,0.3355527923479787,0.9426080823906029,0.991812032751869,0.051263794944820223,0.008187967248131008,2809,2786,144,23,0.3571196069867286,0.3571196069867286,0.9560853607946557,0.9291044776119403,0.10522388059701493,0.0708955223880597,1340,1245,141,95,0.9715594119064835,0.06869125090383225,0.02844058809351651
S01,0,NAIG,6,425;360;620;500;465;305,315,5,80,0.9239189928845104,0.3345113561969025,0.3345113561969025,0.9436158097790279,0.997589780670041,0.026030368763557483,0.002410219329959026,4149,4139,108,10,0.33626874718537075,0.3362687471853707,0.9441430310397813,0.9978260869565218,0.026630434782608695,0.002173913043478261,3680,3672,98,8,0.3053820892257115,0.3053820892257115,0.9688734914723147,0.9957356076759062,0.021321961620469083,0.0042643923240938165,469,467,10,2,0.997589780670041,0.026030368763557483,0.002410219329959026
S01,0,NAIG,8,425;360;620;500;465;305;540;660,355,5,40,0.9195402298850576,0.33695216768417197,0.33695216768417197,0.9415876295387926,0.997589780670041,0.026030368763557483,0.002410219329959026,4149,4139,108,10,0.3370222096580074,0.33702220965800733,0.9417091586937494,0.997948717948718,0.025128205128205128,0.0020512820512820513,3900,3892,98,8,0.33518296791512253,0.3351829679151226,0.9575526592598901,0.9919678714859438,0.040160642570281124,0.008032128514056224,249,247,10,2,0.997589780670041,0.026030368763557483,0.002410219329959026
S01,0,Uniform,2,300;700,400,0,0,0.7203065134099618,0.327355263442868,0.327355263442868,0.950043523151404,0.9115449505905038,0.606411183417691,0.08845504940949626,4149,3782,2516,367,0.327355263442868,0.327355263442868,0.950043523151404,0.9115449505905038,0.606411183417691,0.08845504940949626,4149,3782,2516,367,,,,,,,0,0,0,0,0.9115449505905038,0.606411183417691,0.08845504940949626
S01,0,Uniform,3,300;500;700,400,0,0,0.8171866447728517,0.30757684745122343,0.30757684745122343,0.9574818961531435,0.9363702096890817,0.18775608580380815,0.0636297903109183,4149,3885,779,264,0.30757684745122343,0.30757684745122343,0.9574818961531435,0.9363702096890817,0.18775608580380815,0.0636297903109183,4149,3885,779,264,,,,,,,0,0,0,0,0.9363702096890817,0.18775608580380815,0.0636297903109183
S01,0,Uniform,4,300;435;565;700,400,0,0,0.9069512862616312,0.3116320509885442,0.3116320509885442,0.9531934357656187,0.9983128464690287,0.1099060014461316,0.0016871535309713184,4149,4142,456,7,0.3116320509885442,0.3116320509885442,0.9531934357656187,0.9983128464690287,0.1099060014461316,0.0016871535309713184,4149,4142,456,7,,,,,,,0,0,0,0,0.9983128464690287,0.1099060014461316,0.0016871535309713184
S01,0,Uniform,6,300;380;460;540;620;700,400,0,0,0.8582375478927203,0.21981975094758682,0.21981975094758682,0.9759571781574108,0.9983128464690287,0.04338394793926247,0.0016871535309713184,4149,4142,180,7,0.21981975094758682,0.21981975094758682,0.9759571781574108,0.9983128464690287,0.04338394793926247,0.0016871535309713184,4149,4142,180,7,,,,,,,0,0,0,0,0.9983128464690287,0.04338394793926247,0.0016871535309713184
S01,0,Uniform,8,300;355;415;470;530;585;645;700,400,0,0,0.949096880131363,0.18686362580781685,0.18686362580781682,0.9825785527360721,0.9983128464690287,0.023620149433598456,0.0016871535309713184,4149,4142,98,7,0.18686362580781685,0.18686362580781682,0.9825785527360721,0.9983128464690287,0.023620149433598456,0.0016871535309713184,4149,4142,98,7,,,,,,,0,0,0,0,0.9983128464690287,0.023620149433598456,0.0016871535309713184
S02,1,NAIG,2,365;620,255,65,80,0.9578544061302684,0.2865436128203683,0.2865436128203682,0.9581198508447449,0.9681851048445409,0.6244878283923837,0.03181489515545915,4149,4017,2591,132,0.3192341124666924,0.3192341124666923,0.9486929618498642,0.9912280701754386,0.623172514619883,0.008771929824561403,2736,2712,1705,24,0.20799749214683896,0.20799749214683902,0.9793259990002696,0.9235668789808917,0.627034677990092,0.07643312101910828,1413,1305,886,108,0.9681851048445409,0.6244878283923837,0.03181489515545915
S02,1,NAIG,3,365;620;450,255,65,80,0.8741105637657363,0.2894734227446678,0.28947342274466786,0.957471065512639,0.9681851048445409,0.10315738732224633,0.03181489515545915,4149,4017,428,132,0.31492104476860366,0.31492104476860366,0.9491777030950826,0.9912280701754386,0.08114035087719298,0.008771929824561403,2736,2712,222,24,0.2315727286179201,0.23157272861792022,0.9763186128574575,0.9235668789808917,0.14578910120311395,0.07643312101910828,1413,1305,206,108,0.9681851048445409,0.10315738732224633,0.03181489515545915
S02,1,NAIG,4,365;620;450;695,330,65,5,0.875752599890531,0.2866160834275745,0.28661608342757455,0.9582257302870886,0.9681851048445409,0.10315738732224633,0.03181489515545915,4149,4017,428,132,0.3124083041847794,0.31240830418477933,0.9499482774880672,0.9922655494682565,0.07154366741862714,0.007734450531743474,3103,3079,222,24,0.21264406107802328,0.2126440610780232,0.9790301511567373,0.8967495219885278,0.19694072657743786,0.10325047801147227,1046,938,206,108,0.9681851048445409,0.10315738732224633,0.03181489515545915
S02,1,NAIG,6,365;620;450;695;545;425,330,65,5,0.9469074986316368,0.7306087894888652,0.7306087894888652,0.8617272759531899,0.9681851048445409,0.026271390696553387,0.03181489515545915,4149,4017,109,132,0.8590136410633583,0.8590136410633584,0.8411315712931892,0.9922655494682565,0.010634869481147276,0.007734450531743474,3103,3079,33,24,0.21420258494211142,0.21420258494211142,0.9788581952549108,0.8967495219885278,0.07265774378585087,0.10325047801147227,1046,938,76,108,0.9681851048445409,0.026271390696553387,0.03181489515545915
S02,1,NAIG,8,365;620;450;695;545;425;475;505,330,65,5,0.94471811713191,0.28378603068265246,0.28378603068265246,0.9588956932628887,0.9681851048445409,0.026271390696553387,0.03181489515545915,4149,4017,109,132,0.3087125543229646,0.3087125543229647,0.9517916469020165,0.9922655494682565,0.010634869481147276,0.007734450531743474,3103,3079,33,24,0.21267728511499187,0.21267728511499187,0.9790302810140006,0.8967495219885278,0.07265774378585087,0.10325047801147227,1046,938,76,108,0.9681851048445409,0.026271390696553387,0.03181489515545915
S02,1,Uniform,2,300;700,400,0,0,0.878489326765189,0.28257566110062066,0.2825756611006207,0.9619646347128836,0.9115449505905038,0.606411183417691,0.08845504940949626,4149,3782,2516,367,0.28257566110062066,0.2825756611006207,0.9619646347128836,0.9115449505905038,0.606411183417691,0.08845504940949626,4149,3782,2516,367,,,,,,,0,0,0,0,0.9115449505905038,0.606411183417691,0.08845504940949626
S02,1,Uniform,3,300;500;700,400,0,0,0.929392446633826,0.26930503952799056,0.2693050395279905,0.9664143333877,0.9363702096890817,0.18775608580380815,0.0636297903109183,4149,3885,779,264,0.26930503952799056,0.2693050395279905,0.9664143333877,0.9363702096890817,0.18775608580380815,0.0636297903109183,4149,3885,779,264,,,,,,,0,0,0,0,0.9363702096890817,0.18775608580380815,0.0636297903109183
S02,1,Uniform,4,300;435;565;700,400,0,0,0.955665024630542,0.26090684514436874,0.26090684514436874,0.9654460085729322,0.9983128464690287,0.1099060014461316,0.0016871535309713184,4149,4142,456,7,0.26090684514436874,0.26090684514436874,0.9654460085729322,0.9983128464690287,0.1099060014461316,0.0016871535309713184,4149,4142,456,7,,,,,,,0,0,0,0,0.9983128464690287,0.1099060014461316,0.0016871535309713184
S02,1,Uniform,6,300;380;460;540;620;700,400,0,0,0.9753694581280788,0.20980978589186977,0.20980978589186972,0.978491424264273,0.9983128464690287,0.04338394793926247,0.0016871535309713184,4149,4142,180,7,0.20980978589186977,0.20980978589186972,0.978491424264273,0.9983128464690287,0.04338394793926247,0.0016871535309713184,4149,4142,180,7,,,,,,,0,0,0,0,0.9983128464690287,0.04338394793926247,0.0016871535309713184
S02,1,Uniform,8,300;355;415;470;530;585;645;700,400,0,0,0.9863163656267104,0.19434151799463312,0.19434151799463312,0.9816294751453801,0.9983128464690287,0.023620149433598456,0.0016871535309713184,4149,4142,98,7,0.19434151799463312,0.19434151799463312,0.9816294751453801,0.9983128464690287,0.023620149433598456,0.0016871535309713184,4149,4142,98,7,,,,,,,0,0,0,0,0.9983128464690287,0.023620149433598456,0.0016871535309713184
S03,2,NAIG,2,470;545,75,170,155,0.3979200875752601,0.7777479969515391,0.7777479969515391,0.8682671970964001,0.8522535550735116,0.20703784044348036,0.1477464449264883,4149,3536,859,613,0.5721852972859857,0.5721852972859854,0.9510720389855389,0.9543209876543209,0.21358024691358024,0.04567901234567901,810,773,173,37,0.8261558964514341,0.8261558964514343,0.8458762274525634,0.8274932614555256,0.20545073375262055,0.1725067385444744,3339,2763,686,576,0.8522535550735116,0.20703784044348036,0.1477464449264883
S03,2,NAIG,3,470;545;620,150,170,80,0.4094143404488232,0.6101602573885209,0.6101602573885208,0.901778812704232,0.8522535550735116,0.12966979995179562,0.1477464449264883,4149,3536,538,613,0.40078442340348386,0.40078442340348386,0.9741008762581859,0.9723053892215568,0.07784431137724551,0.027694610778443114,1336,1299,104,37,0.6684541872136317,0.6684541872136316,0.8771038562872806,0.795236402417348,0.15428368290081762,0.20476359758265197,2813,2237,434,576,0.8522535550735116,0.12966979995179562,0.1477464449264883
S03,2,NAIG,4,470;545;620;425,195,125,80,0.6568144499178982,0.714717812047796,0.7147178120477958,0.8499694839673033,0.9346830561581104,0.11424439624005785,0.06531694384188962,4149,3878,474,271,0.5951672645016506,0.5951672645016506,0.894274313249986,0.9957983193277311,0.06880252100840337,0.004201680672268907,1904,1896,131,8,0.805557724418617,0.805557724418617,0.8141441922839577,0.8828507795100222,0.15278396436525613,0.11714922048997772,2245,1982,343,263,0.9346830561581104,0.11424439624005785,0.06531694384188962
S03,2,NAIG,6,470;545;620;425;375;305,315,5,80,0.935960591133005,0.48486348154440945,0.48486348154440945,0.8749997844845245,0.997589780670041,0.03856350927934442,0.002410219329959026,4149,4139,160,10,0.47844686396000097,0.478446863960001,0.879587811975199,0.9978260869565218,0.03994565217391304,0.002173913043478261,3680,3672,147,8,0.5960917109681116,0.5960917109681118,0.8589400733645994,0.9957356076759062,0.02771855010660981,0.0042643923240938165,469,467,13,2,0.997589780670041,0.03856350927934442,0.002410219329959026
S03,2,NAIG,8,470;545;620;425;375;305;445;675,370,5,25,0.929392446633826,0.7190610384657374,0.7190610384657375,0.8662396281279222,0.997589780670041,0.03856350927934442,0.002410219329959026,4149,4139,160,10,0.7182776035609115,0.7182776035609116,0.8676727416171245,0.9979843789367598,0.037037037037037035,0.002015621063240111,3969,3961,147,8,0.7445158320207667,0.7445158320207668,0.8174754244924631,0.9888888888888889,0.07222222222222222,0.011111111111111112,180,178,13,2,0.997589780670041,0.03856350927934442,0.002410219329959026
S03,2,Uniform,2,300;700,400,0,0,0.3349753694581281,0.4622412057781667,0.46224120577816674,0.8927509618719254,0.9115449505905038,0.606411183417691,0.08845504940949626,4149,3782,2516,367,0.4622412057781667,0.46224120577816674,0.8927509618719254,0.9115449505905038,0.606411183417691,0.08845504940949626,4149,3782,2516,367,,,,,,,0,0,0,0,0.9115449505905038,0.606411183417691,0.08845504940949626
S03,2,Uniform,3,300;500;700,400,0,0,0.8193760262725781,0.38083239963083904,0.38083239963083904,0.9247508769844942,0.9363702096890817,0.18775608580380815,0.0636297903109183,4149,3885,779,264,0.38083239963083904,0.38083239963083904,0.9247508769844942,0.9363702096890817,0.18775608580380815,0.0636297903109183,4149,3885,779,264,,,,,,,0,0,0,0,0.9363702096890817,0.18775608580380815,0.0636297903109183
S03,2,Uniform,4,300;435;565;700,400,0,0,0.9014778325123152,0.33647287329574027,0.3364728732957403,0.9457036006607438,0.9983128464690287,0.1099060014461316,0.0016871535309713184,4149,4142,456,7,0.33647287329574027,0.3364728732957403,0.9457036006607438,0.9983128464690287,0.1099060014461316,0.0016871535309713184,4149,4142,456,7,,,,,,,0,0,0,0,0.9983128464690287,0.1099060014461316,0.0016871535309713184
S03,2,Uniform,6,300;380;460;540;620;700,400,0,0,0.9403393541324576,0.18670084578600563,0.18670084578600565,0.9824227513217737,0.9983128464690287,0.04338394793926247,0.0016871535309713184,4149,4142,180,7,0.18670084578600563,0.18670084578600565,0.9824227513217737,0.9983128464690287,0.04338394793926247,0.0016871535309713184,4149,4142,180,7,,,,,,,0,0,0,0,0.9983128464690287,0.04338394793926247,0.0016871535309713184
S03,2,Uniform,8,300;355;415;470;530;585;645;700,400,0,0,0.9824849480021896,0.17345983799122053,0.17345983799122058,0.9863949282249332,0.9983128464690287,0.023620149433598456,0.0016871535309713184,4149,4142,98,7,0.17345983799122053,0.17345983799122058,0.9863949282249332,0.9983128464690287,0.023620149433598456,0.0016871535309713184,4149,4142,98,7,,,,,,,0,0,0,0,0.9983128464690287,0.023620149433598456,0.0016871535309713184
S04,3,NAIG,2,425;360,65,60,275,0.9841269841269844,0.5968085181717399,0.59680851817174,0.8368246058046837,0.9715594119064835,0.19233550253073028,0.02844058809351651,4149,4031,798,118,0.6804181979831861,0.680418197983186,0.8837653581667976,0.9763374485596708,0.18724279835390947,0.023662551440329218,972,949,182,23,0.5618370651012972,0.5618370651012972,0.8333386753332793,0.9700975763298709,0.1938936103242052,0.029902423670129054,3177,3082,616,95,0.9715594119064835,0.19233550253073028,0.02844058809351651
S04,3,NAIG,3,425;360;620,260,60,80,0.9868637110016422,0.59615131757843,0.59615131757843,0.8366339061732544,0.9715594119064835,0.06869125090383225,0.02844058809351651,4149,4031,285,118,0.7845629994968671,0.7845629994968671,0.8725862689760593,0.991812032751869,0.051263794944820223,0.008187967248131008,2809,2786,144,23,0.4725260431608028,0.4725260431608029,0.8877361034567044,0.9291044776119403,0.10522388059701493,0.0708955223880597,1340,1245,141,95,0.9715594119064835,0.06869125090383225,0.02844058809351651
S04,3,NAIG,4,425;360;620;465,260,60,80,0.9737274220032844,0.562933033246591,0.562933033246591,0.8438174701904086,0.9715594119064835,0.02964569775849602,0.02844058809351651,4149,4031,123,118,0.7069297094929212,0.7069297094929211,0.8628430612552918,0.991812032751869,0.014951940192239232,0.008187967248131008,2809,2786,42,23,0.4733167293079527,0.4733167293079527,0.8868729981100837,0.9291044776119403,0.06044776119402985,0.0708955223880597,1340,1245,81,95,0.9715594119064835,0.02964569775849602,0.02844058809351651
S04,3,NAIG,6,425;360;620;465;545;525,260,60,80,0.9770114942528736,0.5586938063392827,0.5586938063392827,0.8443315730273279,0.9715594119064835,0.02964569775849602,0.02844058809351651,4149,4031,123,118,0.6979879562585072,0.6979879562585073,0.8597048885477918,0.991812032751869,0.014951940192239232,0.008187967248131008,2809,2786,42,23,0.4724817934856081,0.4724817934856082,0.8877896099240193,0.9291044776119403,0.06044776119402985,0.0708955223880597,1340,1245,81,95,0.9715594119064835,0.02964569775849602,0.02844058809351651
S04,3,NAIG,8,425;360;620;465;545;525;505;695,335,60,5,0.9786535303776684,0.5568845664047015,0.5568845664047015,0.8447359383242781,0.9715594119064835,0.02964569775849602,0.02844058809351651,4149,4031,123,118,0.6863966809434026,0.6863966809434026,0.8605595567202653,0.9927581863979849,0.01322418136020151,0.007241813602015114,3176,3153,42,23,0.47478667284255516,0.4747866728425554,0.8868679548503526,0.9023638232271326,0.08324768756423433,0.09763617677286741,973,878,81,95,0.9715594119064835,0.02964569775849602,0.02844058809351651
S04,3,Uniform,2,300;700,400,0,0,0.9064039408866996,0.4337658040580569,0.43376580405805687,0.9147387458482099,0.9115449505905038,0.606411183417691,0.08845504940949626,4149,3782,2516,367,0.4337658040580569,0.43376580405805687,0.9147387458482099,0.9115449505905038,0.606411183417691,0.08845504940949626,4149,3782,2516,367,,,,,,,0,0,0,0,0.9115449505905038,0.606411183417691,0.08845504940949626
S04,3,Uniform,3,300;500;700,400,0,0,0.9682539682539684,0.43393372731486496,0.433933727314865,0.9186975621832895,0.9363702096890817,0.18775608580380815,0.0636297903109183,4149,3885,779,264,0.43393372731486496,0.433933727314865,0.9186975621832895,0.9363702096890817,0.18775608580380815,0.0636297903109183,4149,3885,779,264,,,,,,,0,0,0,0,0.9363702096890817,0.18775608580380815,0.0636297903109183
S04,3,Uniform,4,300;435;565;700,400,0,0,0.9792008757526,0.4423983051400265,0.44239830514002654,0.9176312606851779,0.9983128464690287,0.1099060014461316,0.0016871535309713184,4149,4142,456,7,0.4423983051400265,0.44239830514002654,0.9176312606851779,0.9983128464690287,0.1099060014461316,0.0016871535309713184,4149,4142,456,7,,,,,,,0,0,0,0,0.9983128464690287,0.1099060014461316,0.0016871535309713184
S04,3,Uniform,6,300;380;460;540;620;700,400,0,0,0.9906951286261632,0.4250998923174594,0.4250998923174594,0.912732612465352,0.9983128464690287,0.04338394793926247,0.0016871535309713184,4149,4142,180,7,0.4250998923174594,0.4250998923174594,0.912732612465352,0.9983128464690287,0.04338394793926247,0.0016871535309713184,4149,4142,180,7,,,,,,,0,0,0,0,0.9983128464690287,0.04338394793926247,0.0016871535309713184
S04,3,Uniform,8,300;355;415;470;530;585;645;700,400,0,0,0.9928845101258896,0.3580493935409186,0.35804939354091875,0.9349537912339788,0.9983128464690287,0.023620149433598456,0.0016871535309713184,4149,4142,98,7,0.3580493935409186,0.35804939354091875,0.9349537912339788,0.9983128464690287,0.023620149433598456,0.0016871535309713184,4149,4142,98,7,,,,,,,0,0,0,0,0.9983128464690287,0.023620149433598456,0.0016871535309713184
S05,4,NAIG,2,365;620,255,65,80,0.8385331143951834,0.20556275510622873,0.20556275510622876,0.9794508008308539,0.9681851048445409,0.6244878283923837,0.03181489515545915,4149,4017,2591,132,0.21583387133354143,0.2158338713335414,0.9795618829797763,0.9912280701754386,0.623172514619883,0.008771929824561403,2736,2712,1705,24,0.1917977877953466,0.19179778779534662,0.9815252023630553,0.9235668789808917,0.627034677990092,0.07643312101910828,1413,1305,886,108,0.9681851048445409,0.6244878283923837,0.03181489515545915
S05,4,NAIG,3,365;620;435,255,65,80,0.9627805145046526,0.20302804632887148,0.2030280463288715,0.9796244307389156,0.9681851048445409,0.07977825982164377,0.03181489515545915,4149,4017,331,132,0.20654954304340348,0.20654954304340342,0.9799542909032334,0.9912280701754386,0.059941520467836254,0.008771929824561403,2736,2712,164,24,0.19848851268786247,0.1984885126878625,0.9801091468117115,0.9235668789808917,0.11818825194621373,0.07643312101910828,1413,1305,167,108,0.9681851048445409,0.07977825982164377,0.03181489515545915
S05,4,NAIG,4,365;620;435;545,255,65,80,0.9644225506294472,0.19610230138183107,0.19610230138183107,0.9808178535860873,0.9681851048445409,0.07977825982164377,0.03181489515545915,4149,4017,331,132,0.19671967134933332,0.19671967134933332,0.9814892585834073,0.9912280701754386,0.059941520467836254,0.008771929824561403,2736,2712,164,24,0.19531932677246905,0.19531932677246905,0.9807900290767793,0.9235668789808917,0.11818825194621373,0.07643312101910828,1413,1305,167,108,0.9681851048445409,0.07977825982164377,0.03181489515545915
S05,4,NAIG,6,365;620;435;545;475;345,275,45,80,0.9846743295019158,0.23526780454012178,0.23526780454012178,0.9759127495771639,0.9930103639431188,0.036153289949385395,0.0069896360568811764,4149,4120,150,29,0.2554258659979509,0.255425865997951,0.9748565748268067,0.9990112063282794,0.018787079762689517,0.000988793671720501,3034,3031,57,3,0.1944576635673111,0.1944576635673111,0.981049010239935,0.9766816143497757,0.08340807174887892,0.023318385650224215,1115,1089,93,26,0.9930103639431188,0.036153289949385395,0.0069896360568811764
S05,4,NAIG,8,365;620;435;545;475;345;305;505,315,5,80,0.9863163656267104,0.19305328389768842,0.19305328389768842,0.9811971912302506,0.997589780670041,0.00457941672692215,0.002410219329959026,4149,4139,19,10,0.19172882748005352,0.19172882748005354,0.9814920520640159,0.9978260869565218,0.004347826086956522,0.002173913043478261,3680,3672,16,8,0.20851815276995123,0.20851815276995123,0.9795356204804977,0.9957356076759062,0.006396588486140725,0.0042643923240938165,469,467,3,2,0.997589780670041,0.00457941672692215,0.002410219329959026
S05,4,Uniform,2,300;700,400,0,0,0.6962233169129721,0.21731351738565657,0.2173135173856566,0.9769431601688946,0.9115449505905038,0.606411183417691,0.08845504940949626,4149,3782,2516,367,0.21731351738565657,0.2173135173856566,0.9769431601688946,0.9115449505905038,0.606411183417691,0.08845504940949626,4149,3782,2516,367,,,,,,,0,0,0,0,0.9115449505905038,0.606411183417691,0.08845504940949626
S05,4,Uniform,3,300;500;700,400,0,0,0.8412698412698415,0.18542961706384867,0.1854296170638487,0.9826605831713452,0.9363702096890817,0.18775608580380815,0.0636297903109183,4149,3885,779,264,0.18542961706384867,0.1854296170638487,0.9826605831713452,0.9363702096890817,0.18775608580380815,0.0636297903109183,4149,3885,779,264,,,,,,,0,0,0,0,0.9363702096890817,0.18775608580380815,0.0636297903109183
S05,4,Uniform,4,300;435;565;700,400,0,0,0.9195402298850576,0.18870620654576012,0.1887062065457601,0.9820443288479297,0.9983128464690287,0.1099060014461316,0.0016871535309713184,4149,4142,456,7,0.18870620654576012,0.1887062065457601,0.9820443288479297,0.9983128464690287,0.1099060014461316,0.0016871535309713184,4149,4142,456,7,,,,,,,0,0,0,0,0.9983128464690287,0.1099060014461316,0.0016871535309713184
S05,4,Uniform,6,300;380;460;540;620;700,400,0,0,0.9430760810071156,0.17843954044056512,0.17843954044056512,0.9840413075470806,0.9983128464690287,0.04338394793926247,0.0016871535309713184,4149,4142,180,7,0.17843954044056512,0.17843954044056512,0.9840413075470806,0.9983128464690287,0.04338394793926247,0.0016871535309713184,4149,4142,180,7,,,,,,,0,0,0,0,0.9983128464690287,0.04338394793926247,0.0016871535309713184
S05,4,Uniform,8,300;355;415;470;530;585;645;700,400,0,0,0.9852216748768474,0.1719851548689386,0.1719851548689386,0.9860141034011202,0.9983128464690287,0.023620149433598456,0.0016871535309713184,4149,4142,98,7,0.1719851548689386,0.1719851548689386,0.9860141034011202,0.9983128464690287,0.023620149433598456,0.0016871535309713184,4149,4142,98,7,,,,,,,0,0,0,0,0.9983128464690287,0.023620149433598456,0.0016871535309713184
S06,5,NAIG,2,365;425,60,65,275,0.9693486590038316,0.6101482217164914,0.6101482217164914,0.8060942325072347,0.9681851048445409,0.19040732706676308,0.03181489515545915,4149,4017,790,132,0.4871653031888763,0.4871653031888763,0.8752345043020758,0.9733036707452726,0.17908787541713014,0.026696329254727477,899,875,161,24,0.6666821819123484,0.6666821819123483,0.7705243644893159,0.9667692307692307,0.19353846153846155,0.03323076923076923,3250,3142,629,108,0.9681851048445409,0.19040732706676308,0.03181489515545915
S06,5,NAIG,3,365;425;610,245,65,90,0.9781061850027368,0.609841765940359,0.609841765940359,0.8053492256866607,0.9681851048445409,0.06531694384188962,0.03181489515545915,4149,4017,271,132,0.5344455345314476,0.5344455345314476,0.8482870461034987,0.9910414333706606,0.048525569242254575,0.008958566629339306,2679,2655,130,24,0.8149415707495093,0.8149415707495095,0.8121115147413118,0.926530612244898,0.09591836734693877,0.07346938775510205,1470,1362,141,108,0.9681851048445409,0.06531694384188962,0.03181489515545915
S06,5,NAIG,4,365;425;610;545,245,65,90,0.9770114942528736,0.6110132215113956,0.6110132215113956,0.8056072242732015,0.9681851048445409,0.06531694384188962,0.03181489515545915,4149,4017,271,132,0.5362467147910394,0.5362467147910394,0.8463186298477621,0.9910414333706606,0.048525569242254575,0.008958566629339306,2679,2655,130,24,0.8147834278805195,0.8147834278805197,0.8136570929277384,0.926530612244898,0.09591836734693877,0.07346938775510205,1470,1362,141,108,0.9681851048445409,0.06531694384188962,0.03181489515545915
S06,5,NAIG,6,365;425;610;545;505;450,245,65,90,0.9436234263820472,0.5675364043500734,0.5675364043500734,0.8423456801144761,0.9681851048445409,0.026271390696553387,0.03181489515545915,4149,4017,109,132,0.4707690814090536,0.47076908140905355,0.8822575443607203,0.9910414333706606,0.012318029115341545,0.008958566629339306,2679,2655,33,24,0.8138883509242013,0.8138883509242015,0.817341254856256,0.926530612244898,0.05170068027210884,0.07346938775510205,1470,1362,76,108,0.9681851048445409,0.026271390696553387,0.03181489515545915
S06,5,NAIG,8,365;425;610;545;505;450;305;695,390,5,5,0.9688013136289,0.6521715687548343,0.6521715687548344,0.7623170228204911,0.997589780670041,0.02940467582550012,0.002410219329959026,4149,4139,122,10,0.6458428481248036,0.6458428481248037,0.7716587862627801,0.998023227081789,0.02742772424017791,0.0019767729182110206,4047,4039,111,8,1.0158378904205925,1.0158378904205925,0.8099058134370178,0.9803921568627451,0.10784313725490197,0.0196078431372549,102,100,11,2,0.997589780670041,0.02940467582550012,0.002410219329959026
S06,5,Uniform,2,300;700,400,0,0,0.8149972632731254,0.6458905269782164,0.6458905269782164,0.7832669019475084,0.9115449505905038,0.606411183417691,0.08845504940949626,4149,3782,2516,367,0.6458905269782164,0.6458905269782164,0.7832669019475084,0.9115449505905038,0.606411183417691,0.08845504940949626,4149,3782,2516,367,,,,,,,0,0,0,0,0.9115449505905038,0.606411183417691,0.08845504940949626
S06,5,Uniform,3,300;500;700,400,0,0,0.9020251778872468,0.6383526079779658,0.6383526079779658,0.7820889947878827,0.9363702096890817,0.18775608580380815,0.0636297903109183,4149,3885,779,264,0.6383526079779658,0.6383526079779658,0.7820889947878827,0.9363702096890817,0.18775608580380815,0.0636297903109183,4149,3885,779,264,,,,,,,0,0,0,0,0.9363702096890817,0.18775608580380815,0.0636297903109183
S06,5,Uniform,4,300;435;565;700,400,0,0,0.9830322933771212,0.627489671410028,0.6274896714100279,0.7789630282734716,0.9983128464690287,0.1099060014461316,0.0016871535309713184,4149,4142,456,7,0.627489671410028,0.6274896714100279,0.7789630282734716,0.9983128464690287,0.1099060014461316,0.0016871535309713184,4149,4142,456,7,,,,,,,0,0,0,0,0.9983128464690287,0.1099060014461316,0.0016871535309713184
S06,5,Uniform,6,300;380;460;540;620;700,400,0,0,0.981937602627258,0.5648078342247765,0.5648078342247765,0.8285099263059743,0.9983128464690287,0.04338394793926247,0.0016871535309713184,4149,4142,180,7,0.5648078342247765,0.5648078342247765,0.8285099263059743,0.9983128464690287,0.04338394793926247,0.0016871535309713184,4149,4142,180,7,,,,,,,0,0,0,0,0.9983128464690287,0.04338394793926247,0.0016871535309713184
S06,5,Uniform,8,300;355;415;470;530;585;645;700,400,0,0,0.9906951286261632,0.5449812609236478,0.5449812609236477,0.8385035477711716,0.9983128464690287,0.023620149433598456,0.0016871535309713184,4149,4142,98,7,0.5449812609236478,0.5449812609236477,0.8385035477711716,0.9983128464690287,0.023620149433598456,0.0016871535309713184,4149,4142,98,7,,,,,,,0,0,0,0,0.9983128464690287,0.023620149433598456,0.0016871535309713184
S07,6,NAIG,2,365;425,60,65,275,0.8659003831417625,0.2716464068492699,0.2716464068492699,0.9657966596222051,0.9681851048445409,0.19040732706676308,0.03181489515545915,4149,4017,790,132,0.21296391325407035,0.21296391325407035,0.9792811769491409,0.9733036707452726,0.17908787541713014,0.026696329254727477,899,875,161,24,0.29387480748801337,0.2938748074880135,0.9598495182816332,0.9667692307692307,0.19353846153846155,0.03323076923076923,3250,3142,629,108,0.9681851048445409,0.19040732706676308,0.03181489515545915
S07,6,NAIG,3,365;425;480,115,65,220,0.8461959496442256,0.2730020780733993,0.2730020780733994,0.964826273426123,0.9681851048445409,0.049168474331164135,0.03181489515545915,4149,4017,204,132,0.2753704641920684,0.27537046419206845,0.9623966782620836,0.9847328244274809,0.056615776081424936,0.015267175572519083,1572,1548,89,24,0.2710559332916412,0.2710559332916412,0.9673076735576012,0.9580908032596042,0.0446255335661622,0.04190919674039581,2577,2469,115,108,0.9681851048445409,0.049168474331164135,0.03181489515545915
S07,6,NAIG,4,365;425;480;575,210,65,125,0.8872468527640942,0.2681816454573231,0.2681816454573231,0.9655673217000074,0.9681851048445409,0.049168474331164135,0.03181489515545915,4149,4017,204,132,0.28230307653718034,0.28230307653718034,0.9598948734334525,0.9901920719248059,0.03637106661217818,0.009807928075194115,2447,2423,89,24,0.2521535302310007,0.2521535302310007,0.9725517069693163,0.936545240893067,0.06756756756756757,0.06345475910693302,1702,1594,115,108,0.9681851048445409,0.049168474331164135,0.03181489515545915
S07,6,NAIG,6,365;425;480;575;510;305,270,5,125,0.9540229885057474,0.3213498276124626,0.32134982761246256,0.9507029540803884,0.997589780670041,0.02940467582550012,0.002410219329959026,4149,4139,122,10,0.3171120554469434,0.3171120554469434,0.9547869350864486,0.9976408139191979,0.03273370687112946,0.0023591860808021233,3391,3383,111,8,0.3886795702756592,0.38867957027565914,0.9516583781320762,0.9973614775725593,0.014511873350923483,0.002638522427440633,758,756,11,2,0.997589780670041,0.02940467582550012,0.002410219329959026
S07,6,NAIG,8,365;425;480;575;510;305;695;625,390,5,5,0.9715380405035576,0.30701958809734203,0.30701958809734203,0.9555505177863267,0.997589780670041,0.02940467582550012,0.002410219329959026,4149,4139,122,10,0.30490971990805715,0.30490971990805715,0.9577916568904622,0.998023227081789,0.02742772424017791,0.0019767729182110206,4047,4039,111,8,0.36860262538031074,0.3686026253803107,0.9670655359074779,0.9803921568627451,0.10784313725490197,0.0196078431372549,102,100,11,2,0.997589780670041,0.02940467582550012,0.002410219329959026
S07,6,Uniform,2,300;700,400,0,0,0.5593869731800767,0.32627734940041875,0.32627734940041864,0.9551992488199629,0.9115449505905038,0.606411183417691,0.08845504940949626,4149,3782,2516,367,0.32627734940041875,0.32627734940041864,0.9551992488199629,0.9115449505905038,0.606411183417691,0.08845504940949626,4149,3782,2516,367,,,,,,,0,0,0,0,0.9115449505905038,0.606411183417691,0.08845504940949626
S07,6,Uniform,3,300;500;700,400,0,0,0.8308702791461414,0.31251966721072727,0.31251966721072727,0.9622107253518082,0.9363702096890817,0.18775608580380815,0.0636297903109183,4149,3885,779,264,0.31251966721072727,0.31251966721072727,0.9622107253518082,0.9363702096890817,0.18775608580380815,0.0636297903109183,4149,3885,779,264,,,,,,,0,0,0,0,0.9363702096890817,0.18775608580380815,0.0636297903109183
S07,6,Uniform,4,300;435;565;700,400,0,0,0.9337712096332788,0.30866179417579576,0.30866179417579565,0.9604565923481378,0.9983128464690287,0.1099060014461316,0.0016871535309713184,4149,4142,456,7,0.30866179417579576,0.30866179417579565,0.9604565923481378,0.9983128464690287,0.1099060014461316,0.0016871535309713184,4149,4142,456,7,,,,,,,0,0,0,0,0.9983128464690287,0.1099060014461316,0.0016871535309713184
S07,6,Uniform,6,300;380;460;540;620;700,400,0,0,0.9589490968801314,0.2739200048154785,0.2739200048154784,0.9638378383861194,0.9983128464690287,0.04338394793926247,0.0016871535309713184,4149,4142,180,7,0.2739200048154785,0.2739200048154784,0.9638378383861194,0.9983128464690287,0.04338394793926247,0.0016871535309713184,4149,4142,180,7,,,,,,,0,0,0,0,0.9983128464690287,0.04338394793926247,0.0016871535309713184
S07,6,Uniform,8,300;355;415;470;530;585;645;700,400,0,0,0.984126984126984,0.24914698634866095,0.24914698634866095,0.9685776767483136,0.9983128464690287,0.023620149433598456,0.0016871535309713184,4149,4142,98,7,0.24914698634866095,0.24914698634866095,0.9685776767483136,0.9983128464690287,0.023620149433598456,0.0016871535309713184,4149,4142,98,7,,,,,,,0,0,0,0,0.9983128464690287,0.023620149433598456,0.0016871535309713184
S08,7,NAIG,2,365;425,60,65,275,0.934865900383142,0.18468530061766633,0.18468530061766633,0.9848261357936363,0.9681851048445409,0.19040732706676308,0.03181489515545915,4149,4017,790,132,0.14638745826295335,0.14638745826295338,0.9899605537485204,0.9733036707452726,0.17908787541713014,0.026696329254727477,899,875,161,24,0.19774176910110605,0.19774176910110602,0.9829537195801604,0.9667692307692307,0.19353846153846155,0.03323076923076923,3250,3142,629,108,0.9681851048445409,0.19040732706676308,0.03181489515545915
S08,7,NAIG,3,365;425;480,115,65,220,0.9408866995073892,0.1844519370530696,0.18445193705306961,0.9834198625513263,0.9681851048445409,0.049168474331164135,0.03181489515545915,4149,4017,204,132,0.15554536415889214,0.1555453641588921,0.9882750955612124,0.9847328244274809,0.056615776081424936,0.015267175572519083,1572,1548,89,24,0.20329066060176967,0.20329066060176962,0.9798065839075858,0.9580908032596042,0.0446255335661622,0.04190919674039581,2577,2469,115,108,0.9681851048445409,0.049168474331164135,0.03181489515545915
S08,7,NAIG,4,365;425;480;620,255,65,80,0.9408866995073892,0.18119926900548836,0.18119926900548836,0.9840659129365743,0.9681851048445409,0.049168474331164135,0.03181489515545915,4149,4017,204,132,0.16187153126678328,0.16187153126678325,0.9868751439073578,0.9912280701754386,0.03252923976608187,0.008771929824561403,2736,2712,89,24,0.20685116154371963,0.20685116154371957,0.9807898637131709,0.9235668789808917,0.08138711960368011,0.07643312101910828,1413,1305,115,108,0.9681851048445409,0.049168474331164135,0.03181489515545915
S08,7,NAIG,6,365;425;480;620;545;330,290,30,80,0.9447181171319105,0.18836443774155698,0.18836443774155698,0.9830624659415346,0.9893950349481803,0.021209930103639432,0.010604965051819716,4149,4105,88,44,0.17776477095820137,0.17776477095820134,0.9843184287669068,0.9957173447537473,0.016518813092688895,0.004282655246252677,3269,3255,54,14,0.22370371518134585,0.22370371518134582,0.981724920392753,0.9659090909090909,0.038636363636363635,0.03409090909090909,880,850,34,30,0.9893950349481803,0.021209930103639432,0.010604965051819716
S08,7,NAIG,8,365;425;480;620;545;330;505;400,290,30,80,0.9742747673782158,0.19368103040306067,0.19368103040306067,0.9833968487119278,0.9893950349481803,0.01277416244878284,0.010604965051819716,4149,4105,53,44,0.18507142947740682,0.18507142947740685,0.9841392071949422,0.9957173447537473,0.00948302233098807,0.004282655246252677,3269,3255,31,14,0.22304330826611832,0.2230433082661183,0.9822318678873195,0.9659090909090909,0.025,0.03409090909090909,880,850,22,30,0.9893950349481803,0.01277416244878284,0.010604965051819716
S08,7,Uniform,2,300;700,400,0,0,0.8483853311439519,0.188186769187737,0.18818676918773702,0.982188174072459,0.9115449505905038,0.606411183417691,0.08845504940949626,4149,3782,2516,367,0.188186769187737,0.18818676918773702,0.982188174072459,0.9115449505905038,0.606411183417691,0.08845504940949626,4149,3782,2516,367,,,,,,,0,0,0,0,0.9115449505905038,0.606411183417691,0.08845504940949626
S08,7,Uniform,3,300;500;700,400,0,0,0.8587848932676518,0.17322150653371715,0.17322150653371712,0.9854296411750552,0.9363702096890817,0.18775608580380815,0.0636297903109183,4149,3885,779,264,0.17322150653371715,0.17322150653371712,0.9854296411750552,0.9363702096890817,0.18775608580380815,0.0636297903109183,4149,3885,779,264,,,,,,,0,0,0,0,0.9363702096890817,0.18775608580380815,0.0636297903109183
S08,7,Uniform,4,300;435;565;700,400,0,0,0.908593322386426,0.17137910114582772,0.1713791011458277,0.9857878687741276,0.9983128464690287,0.1099060014461316,0.0016871535309713184,4149,4142,456,7,0.17137910114582772,0.1713791011458277,0.9857878687741276,0.9983128464690287,0.1099060014461316,0.0016871535309713184,4149,4142,456,7,,,,,,,0,0,0,0,0.9983128464690287,0.1099060014461316,0.0016871535309713184
S08,7,Uniform,6,300;380;460;540;620;700,400,0,0,0.9064039408866996,0.16275798215681425,0.16275798215681422,0.9867495280496879,0.9983128464690287,0.04338394793926247,0.0016871535309713184,4149,4142,180,7,0.16275798215681425,0.16275798215681422,0.9867495280496879,0.9983128464690287,0.04338394793926247,0.0016871535309713184,4149,4142,180,7,,,,,,,0,0,0,0,0.9983128464690287,0.04338394793926247,0.0016871535309713184
S08,7,Uniform,8,300;355;415;470;530;585;645;700,400,0,0,0.976464148877942,0.1574840091159254,0.15748400911592533,0.9876273484281937,0.9983128464690287,0.023620149433598456,0.0016871535309713184,4149,4142,98,7,0.1574840091159254,0.15748400911592533,0.9876273484281937,0.9983128464690287,0.023620149433598456,0.0016871535309713184,4149,4142,98,7,,,,,,,0,0,0,0,0.9983128464690287,0.023620149433598456,0.0016871535309713184
S09,8,NAIG,2,365;425,60,65,275,0.9485495347564314,0.18420697506756806,0.18420697506756806,0.9841336245309243,0.9681851048445409,0.19040732706676308,0.03181489515545915,4149,4017,790,132,0.1647013018283455,0.1647013018283455,0.9882357008337664,0.9733036707452726,0.17908787541713014,0.026696329254727477,899,875,161,24,0.19032622653068598,0.190326226530686,0.9827756766273625,0.9667692307692307,0.19353846153846155,0.03323076923076923,3250,3142,629,108,0.9681851048445409,0.19040732706676308,0.03181489515545915
S09,8,NAIG,3,365;425;480,115,65,220,0.9655172413793104,0.1711728366011811,0.17117283660118113,0.9856349540917121,0.9681851048445409,0.049168474331164135,0.03181489515545915,4149,4017,204,132,0.1782984456841316,0.17829844568413164,0.9866735555410858,0.9847328244274809,0.056615776081424936,0.015267175572519083,1572,1548,89,24,0.16690033213390923,0.16690033213390917,0.9859737901607503,0.9580908032596042,0.0446255335661622,0.04190919674039581,2577,2469,115,108,0.9681851048445409,0.049168474331164135,0.03181489515545915
S09,8,NAIG,4,365;425;480;620,255,65,80,0.9671592775041052,0.17198092513376753,0.17198092513376753,0.9855999970754242,0.9681851048445409,0.049168474331164135,0.03181489515545915,4149,4017,204,132,0.1745910683930663,0.17459106839306623,0.9867490693447185,0.9912280701754386,0.03252923976608187,0.008771929824561403,2736,2712,89,24,0.16895534454325986,0.1689553445432599,0.9856665009318232,0.9235668789808917,0.08138711960368011,0.07643312101910828,1413,1305,115,108,0.9681851048445409,0.049168474331164135,0.03181489515545915
S09,8,NAIG,6,365;425;480;620;545;330,290,30,80,0.9775588396278052,0.2439253294298589,0.2439253294298589,0.9755328231054942,0.9893950349481803,0.021209930103639432,0.010604965051819716,4149,4105,88,44,0.2614266991156874,0.26142669911568744,0.9736428426825732,0.9957173447537473,0.016518813092688895,0.004282655246252677,3269,3255,54,14,0.18360809334021186,0.18360809334021186,0.9836691404967658,0.9659090909090909,0.038636363636363635,0.03409090909090909,880,850,34,30,0.9893950349481803,0.021209930103639432,0.010604965051819716
S09,8,NAIG,8,365;425;480;620;545;330;505;305,315,5,80,0.9786535303776684,0.23172333201285647,0.23172333201285641,0.9751073251394629,0.9983128464690287,0.009640877319836105,0.0016871535309713184,4149,4142,40,7,0.23430098000569768,0.2343009800056977,0.974536219876533,0.9983695652173913,0.00923913043478261,0.0016304347826086956,3680,3674,34,6,0.2012011825698341,0.2012011825698341,0.9813955252499122,0.997867803837953,0.01279317697228145,0.0021321961620469083,469,468,6,1,0.9983128464690287,0.009640877319836105,0.0016871535309713184
S09,8,Uniform,2,300;700,400,0,0,0.7712096332785988,0.2247111066133422,0.22471110661334218,0.9758975425570943,0.9115449505905038,0.606411183417691,0.08845504940949626,4149,3782,2516,367,0.2247111066133422,0.22471110661334218,0.9758975425570943,0.9115449505905038,0.606411183417691,0.08845504940949626,4149,3782,2516,367,,,,,,,0,0,0,0,0.9115449505905038,0.606411183417691,0.08845504940949626
S09,8,Uniform,3,300;500;700,400,0,0,0.9036672140120416,0.1992801398938974,0.1992801398938974,0.9799465123953962,0.9363702096890817,0.18775608580380815,0.0636297903109183,4149,3885,779,264,0.1992801398938974,0.1992801398938974,0.9799465123953962,0.9363702096890817,0.18775608580380815,0.0636297903109183,4149,3885,779,264,,,,,,,0,0,0,0,0.9363702096890817,0.18775608580380815,0.0636297903109183
S09,8,Uniform,4,300;435;565;700,400,0,0,0.9518336070060208,0.20507869936416298,0.20507869936416298,0.9787727598124063,0.9983128464690287,0.1099060014461316,0.0016871535309713184,4149,4142,456,7,0.20507869936416298,0.20507869936416298,0.9787727598124063,0.9983128464690287,0.1099060014461316,0.0016871535309713184,4149,4142,456,7,,,,,,,0,0,0,0,0.9983128464690287,0.1099060014461316,0.0016871535309713184
S09,8,Uniform,6,300;380;460;540;620;700,400,0,0,0.9715380405035576,0.19623624009384819,0.1962362400938482,0.9806675537325014,0.9983128464690287,0.04338394793926247,0.0016871535309713184,4149,4142,180,7,0.19623624009384819,0.1962362400938482,0.9806675537325014,0.9983128464690287,0.04338394793926247,0.0016871535309713184,4149,4142,180,7,,,,,,,0,0,0,0,0.9983128464690287,0.04338394793926247,0.0016871535309713184
S09,8,Uniform,8,300;355;415;470;530;585;645;700,400,0,0,0.9896004378763,0.167953973710123,0.167953973710123,0.9865283947819796,0.9983128464690287,0.023620149433598456,0.0016871535309713184,4149,4142,98,7,0.167953973710123,0.167953973710123,0.9865283947819796,0.9983128464690287,0.023620149433598456,0.0016871535309713184,4149,4142,98,7,,,,,,,0,0,0,0,0.9983128464690287,0.023620149433598456,0.0016871535309713184
S10,9,NAIG,2,365;425,60,65,275,0.9698960043787632,0.2754662944825802,0.27546629448258014,0.9633329567412288,0.9681851048445409,0.19040732706676308,0.03181489515545915,4149,4017,790,132,0.24941388231281753,0.24941388231281755,0.9735887161027471,0.9733036707452726,0.17908787541713014,0.026696329254727477,899,875,161,24,0.2843643005576759,0.2843643005576759,0.9599000629406419,0.9667692307692307,0.19353846153846155,0.03323076923076923,3250,3142,629,108,0.9681851048445409,0.19040732706676308,0.03181489515545915
S10,9,NAIG,3,365;425;620,255,65,80,0.9748221127531472,0.2743506809641608,0.2743506809641608,0.9635055979646328,0.9681851048445409,0.06531694384188962,0.03181489515545915,4149,4017,271,132,0.34400970954247606,0.3440097095424761,0.9574744059454907,0.9912280701754386,0.04751461988304093,0.008771929824561403,2736,2712,130,24,0.2245975992334411,0.22459759923344105,0.9748579782571017,0.9235668789808917,0.09978768577494693,0.07643312101910828,1413,1305,141,108,0.9681851048445409,0.06531694384188962,0.03181489515545915
S10,9,NAIG,4,365;425;620;450,255,65,80,0.9742747673782156,0.2328776843940264,0.2328776843940263,0.9726967190990059,0.9681851048445409,0.026271390696553387,0.03181489515545915,4149,4017,109,132,0.24555149167388635,0.24555149167388635,0.9735879438913885,0.9912280701754386,0.01206140350877193,0.008771929824561403,2736,2712,33,24,0.22524996529411628,0.22524996529411628,0.9746666467675712,0.9235668789808917,0.0537862703467799,0.07643312101910828,1413,1305,76,108,0.9681851048445409,0.026271390696553387,0.03181489515545915
S10,9,NAIG,6,365;425;620;450;545;695,330,65,5,0.980295566502463,0.23063795375671753,0.2306379537567175,0.9731634878038428,0.9681851048445409,0.026271390696553387,0.03181489515545915,4149,4017,109,132,0.2384332732875394,0.23843327328753938,0.9745530315328285,0.9922655494682565,0.010634869481147276,0.007734450531743474,3103,3079,33,24,0.225781361591413,0.22578136159141302,0.974607472941097,0.8967495219885278,0.07265774378585087,0.10325047801147227,1046,938,76,108,0.9681851048445409,0.026271390696553387,0.03181489515545915
S10,9,NAIG,8,365;425;620;450;545;695;505;475,330,65,5,0.9666119321291736,0.22699919177879863,0.2269991917787986,0.9739401472406272,0.9681851048445409,0.026271390696553387,0.03181489515545915,4149,4017,109,132,0.22902559970729858,0.22902559970729858,0.975714987706461,0.9922655494682565,0.010634869481147276,0.007734450531743474,3103,3079,33,24,0.22576190846149052,0.22576190846149055,0.9746148719426934,0.8967495219885278,0.07265774378585087,0.10325047801147227,1046,938,76,108,0.9681851048445409,0.026271390696553387,0.03181489515545915
S10,9,Uniform,2,300;700,400,0,0,0.8489326765188834,0.3239405714264444,0.3239405714264444,0.9477322571132744,0.9115449505905038,0.606411183417691,0.08845504940949626,4149,3782,2516,367,0.3239405714264444,0.3239405714264444,0.9477322571132744,0.9115449505905038,0.606411183417691,0.08845504940949626,4149,3782,2516,367,,,,,,,0,0,0,0,0.9115449505905038,0.606411183417691,0.08845504940949626
S10,9,Uniform,3,300;500;700,400,0,0,0.9556650246305418,0.32006495835375715,0.3200649583537571,0.9517461285422246,0.9363702096890817,0.18775608580380815,0.0636297903109183,4149,3885,779,264,0.32006495835375715,0.3200649583537571,0.9517461285422246,0.9363702096890817,0.18775608580380815,0.0636297903109183,4149,3885,779,264,,,,,,,0,0,0,0,0.9363702096890817,0.18775608580380815,0.0636297903109183
S10,9,Uniform,4,300;435;565;700,400,0,0,0.976464148877942,0.33058192893840027,0.33058192893840027,0.9507656677935968,0.9983128464690287,0.1099060014461316,0.0016871535309713184,4149,4142,456,7,0.33058192893840027,0.33058192893840027,0.9507656677935968,0.9983128464690287,0.1099060014461316,0.0016871535309713184,4149,4142,456,7,,,,,,,0,0,0,0,0.9983128464690287,0.1099060014461316,0.0016871535309713184
S10,9,Uniform,6,300;380;460;540;620;700,400,0,0,0.9890530925013684,0.3000909388247618,0.3000909388247618,0.9550749424718529,0.9983128464690287,0.04338394793926247,0.0016871535309713184,4149,4142,180,7,0.3000909388247618,0.3000909388247618,0.9550749424718529,0.9983128464690287,0.04338394793926247,0.0016871535309713184,4149,4142,180,7,,,,,,,0,0,0,0,0.9983128464690287,0.04338394793926247,0.0016871535309713184
S10,9,Uniform,8,300;355;415;470;530;585;645;700,400,0,0,0.9950738916256158,0.2518483130967748,0.2518483130967748,0.9691169625751462,0.9983128464690287,0.023620149433598456,0.0016871535309713184,4149,4142,98,7,0.2518483130967748,0.2518483130967748,0.9691169625751462,0.9983128464690287,0.023620149433598456,0.0016871535309713184,4149,4142,98,7,,,,,,,0,0,0,0,0.9983128464690287,0.023620149433598456,0.0016871535309713184
S11,10,NAIG,2,365;425,60,65,275,0.9430760810071156,0.23805643713539332,0.2380564371353933,0.9753794916558921,0.9681851048445409,0.19040732706676308,0.03181489515545915,4149,4017,790,132,0.22303372246041756,0.2230337224604175,0.9791868624601998,0.9733036707452726,0.17908787541713014,0.026696329254727477,899,875,161,24,0.24355075334759926,0.2435507533475993,0.9739225191263662,0.9667692307692307,0.19353846153846155,0.03323076923076923,3250,3142,629,108,0.9681851048445409,0.19040732706676308,0.03181489515545915
S11,10,NAIG,3,365;425;480,115,65,220,0.9551176792556104,0.2193459312538267,0.21934593125382668,0.9779372401753493,0.9681851048445409,0.049168474331164135,0.03181489515545915,4149,4017,204,132,0.24822797388622522,0.24822797388622522,0.9744812829623596,0.9847328244274809,0.056615776081424936,0.015267175572519083,1572,1548,89,24,0.20017355083780666,0.2001735508378066,0.9806747650822153,0.9580908032596042,0.0446255335661622,0.04190919674039581,2577,2469,115,108,0.9681851048445409,0.049168474331164135,0.03181489515545915
S11,10,NAIG,4,365;425;480;620,255,65,80,0.9534756431308156,0.21895262962621864,0.21895262962621861,0.97802713611305,0.9681851048445409,0.049168474331164135,0.03181489515545915,4149,4017,204,132,0.23076777140861018,0.23076777140861018,0.9773612738422972,0.9912280701754386,0.03252923976608187,0.008771929824561403,2736,2712,89,24,0.20698591406433692,0.20698591406433683,0.9792280068547824,0.9235668789808917,0.08138711960368011,0.07643312101910828,1413,1305,115,108,0.9681851048445409,0.049168474331164135,0.03181489515545915
S11,10,NAIG,6,365;425;480;620;545;330,290,30,80,0.9715380405035576,0.29344661591821847,0.29344661591821847,0.9665077924329316,0.9893950349481803,0.021209930103639432,0.010604965051819716,4149,4105,88,44,0.3019562134412935,0.3019562134412935,0.9631028574878956,0.9957173447537473,0.016518813092688895,0.004282655246252677,3269,3255,54,14,0.26552887050974633,0.2655288705097463,0.9770316337206736,0.9659090909090909,0.038636363636363635,0.03409090909090909,880,850,34,30,0.9893950349481803,0.021209930103639432,0.010604965051819716
S11,10,NAIG,8,365;425;480;620;545;330;505;305,315,5,80,0.9737274220032842,0.2639628023836763,0.2639628023836763,0.9646192488357911,0.9983128464690287,0.009640877319836105,0.0016871535309713184,4149,4142,40,7,0.2620832213489939,0.262083221348994,0.9650492517441712,0.9983695652173913,0.00923913043478261,0.0016304347826086956,3680,3674,34,6,0.29112882873339735,0.29112882873339735,0.9788620294185036,0.997867803837953,0.01279317697228145,0.0021321961620469083,469,468,6,1,0.9983128464690287,0.009640877319836105,0.0016871535309713184
S11,10,Uniform,2,300;700,400,0,0,0.7931034482758622,0.2619179051398478,0.2619179051398478,0.9668412076204576,0.9115449505905038,0.606411183417691,0.08845504940949626,4149,3782,2516,367,0.2619179051398478,0.2619179051398478,0.9668412076204576,0.9115449505905038,0.606411183417691,0.08845504940949626,4149,3782,2516,367,,,,,,,0,0,0,0,0.9115449505905038,0.606411183417691,0.08845504940949626
S11,10,Uniform,3,300;500;700,400,0,0,0.909688013136289,0.2558778823539781,0.2558778823539781,0.9703049749115866,0.9363702096890817,0.18775608580380815,0.0636297903109183,4149,3885,779,264,0.2558778823539781,0.2558778823539781,0.9703049749115866,0.9363702096890817,0.18775608580380815,0.0636297903109183,4149,3885,779,264,,,,,,,0,0,0,0,0.9363702096890817,0.18775608580380815,0.0636297903109183
S11,10,Uniform,4,300;435;565;700,400,0,0,0.9485495347564314,0.2637237504303027,0.26372375043030266,0.9678764444726567,0.9983128464690287,0.1099060014461316,0.0016871535309713184,4149,4142,456,7,0.2637237504303027,0.26372375043030266,0.9678764444726567,0.9983128464690287,0.1099060014461316,0.0016871535309713184,4149,4142,456,7,,,,,,,0,0,0,0,0.9983128464690287,0.1099060014461316,0.0016871535309713184
S11,10,Uniform,6,300;380;460;540;620;700,400,0,0,0.9540229885057472,0.24428203929153208,0.24428203929153208,0.9702103098353627,0.9983128464690287,0.04338394793926247,0.0016871535309713184,4149,4142,180,7,0.24428203929153208,0.24428203929153208,0.9702103098353627,0.9983128464690287,0.04338394793926247,0.0016871535309713184,4149,4142,180,7,,,,,,,0,0,0,0,0.9983128464690287,0.04338394793926247,0.0016871535309713184
S11,10,Uniform,8,300;355;415;470;530;585;645;700,400,0,0,0.9841269841269842,0.18968189175429165,0.18968189175429162,0.9819431266265356,0.9983128464690287,0.023620149433598456,0.0016871535309713184,4149,4142,98,7,0.18968189175429165,0.18968189175429162,0.9819431266265356,0.9983128464690287,0.023620149433598456,0.0016871535309713184,4149,4142,98,7,,,,,,,0,0,0,0,0.9983128464690287,0.023620149433598456,0.0016871535309713184
S12,11,NAIG,2,365;425,60,65,275,0.9020251778872468,0.21078947840751147,0.21078947840751147,0.979197259288967,0.9681851048445409,0.19040732706676308,0.03181489515545915,4149,4017,790,132,0.1910162121423697,0.19101621214236975,0.9840727098520582,0.9733036707452726,0.17908787541713014,0.026696329254727477,899,875,161,24,0.21747085280623202,0.21747085280623196,0.9774709697761976,0.9667692307692307,0.19353846153846155,0.03323076923076923,3250,3142,629,108,0.9681851048445409,0.19040732706676308,0.03181489515545915
S12,11,NAIG,3,365;425;480,115,65,220,0.9529282977558836,0.2022252841054527,0.2022252841054527,0.980255168422272,0.9681851048445409,0.049168474331164135,0.03181489515545915,4149,4017,204,132,0.21391134712855833,0.21391134712855828,0.9797336928196965,0.9847328244274809,0.056615776081424936,0.015267175572519083,1572,1548,89,24,0.19501941356061894,0.1950194135606189,0.9810494674924722,0.9580908032596042,0.0446255335661622,0.04190919674039581,2577,2469,115,108,0.9681851048445409,0.049168474331164135,0.03181489515545915
S12,11,NAIG,4,365;425;480;620,255,65,80,0.9562123700054737,0.2004067540891034,0.20040675408910347,0.9806530145449408,0.9681851048445409,0.049168474331164135,0.03181489515545915,4149,4017,204,132,0.20031083126195715,0.20031083126195712,0.9817244203359777,0.9912280701754386,0.03252923976608187,0.008771929824561403,2736,2712,89,24,0.20050487122200297,0.20050487122200294,0.9799413601809066,0.9235668789808917,0.08138711960368011,0.07643312101910828,1413,1305,115,108,0.9681851048445409,0.049168474331164135,0.03181489515545915
S12,11,NAIG,6,365;425;480;620;545;330,290,30,80,0.9359605911330048,0.27086946881468577,0.2708694688146858,0.9710928565300881,0.9893950349481803,0.021209930103639432,0.010604965051819716,4149,4105,88,44,0.28144207377504427,0.28144207377504427,0.9699826139116641,0.9957173447537473,0.016518813092688895,0.004282655246252677,3269,3255,54,14,0.23775752155467691,0.23775752155467691,0.9752035316882887,0.9659090909090909,0.038636363636363635,0.03409090909090909,880,850,34,30,0.9893950349481803,0.021209930103639432,0.010604965051819716
S12,11,NAIG,8,365;425;480;620;545;330;400;505,290,30,80,0.9633278598795842,0.22291960759994967,0.22291960759994975,0.9776686788843264,0.9893950349481803,0.01277416244878284,0.010604965051819716,4149,4105,53,44,0.21855698143779229,0.21855698143779229,0.9783962501515677,0.9957173447537473,0.00948302233098807,0.004282655246252677,3269,3255,31,14,0.23504897065343883,0.23504897065343885,0.9756276403445103,0.9659090909090909,0.025,0.03409090909090909,880,850,22,30,0.9893950349481803,0.01277416244878284,0.010604965051819716
S12,11,Uniform,2,300;700,400,0,0,0.8160919540229885,0.22640166272725012,0.22640166272725015,0.9741856073723025,0.9115449505905038,0.606411183417691,0.08845504940949626,4149,3782,2516,367,0.22640166272725012,0.22640166272725015,0.9741856073723025,0.9115449505905038,0.606411183417691,0.08845504940949626,4149,3782,2516,367,,,,,,,0,0,0,0,0.9115449505905038,0.606411183417691,0.08845504940949626
S12,11,Uniform,3,300;500;700,400,0,0,0.9250136836343734,0.2113110458876947,0.21131104588769478,0.9778096029128881,0.9363702096890817,0.18775608580380815,0.0636297903109183,4149,3885,779,264,0.2113110458876947,0.21131104588769478,0.9778096029128881,0.9363702096890817,0.18775608580380815,0.0636297903109183,4149,3885,779,264,,,,,,,0,0,0,0,0.9363702096890817,0.18775608580380815,0.0636297903109183
S12,11,Uniform,4,300;435;565;700,400,0,0,0.9792008757526,0.21936039870856702,0.21936039870856705,0.976070043431952,0.9983128464690287,0.1099060014461316,0.0016871535309713184,4149,4142,456,7,0.21936039870856702,0.21936039870856705,0.976070043431952,0.9983128464690287,0.1099060014461316,0.0016871535309713184,4149,4142,456,7,,,,,,,0,0,0,0,0.9983128464690287,0.1099060014461316,0.0016871535309713184
S12,11,Uniform,6,300;380;460;540;620;700,400,0,0,0.9501915708812264,0.2025180204877207,0.20251802048772075,0.9792789745639773,0.9983128464690287,0.04338394793926247,0.0016871535309713184,4149,4142,180,7,0.2025180204877207,0.20251802048772075,0.9792789745639773,0.9983128464690287,0.04338394793926247,0.0016871535309713184,4149,4142,180,7,,,,,,,0,0,0,0,0.9983128464690287,0.04338394793926247,0.0016871535309713184
S12,11,Uniform,8,300;355;415;470;530;585;645;700,400,0,0,0.9912424740010948,0.18069930464580053,0.18069930464580056,0.9838873267059056,0.9983128464690287,0.023620149433598456,0.0016871535309713184,4149,4142,98,7,0.18069930464580053,0.18069930464580056,0.9838873267059056,0.9983128464690287,0.023620149433598456,0.0016871535309713184,4149,4142,98,7,,,,,,,0,0,0,0,0.9983128464690287,0.023620149433598456,0.0016871535309713184
S13,12,NAIG,2,365;425,60,65,275,0.9354132457580736,0.21370064927391483,0.21370064927391486,0.9809275912198614,0.9681851048445409,0.19040732706676308,0.03181489515545915,4149,4017,790,132,0.1984907470778301,0.19849074707783007,0.9825283372295529,0.9733036707452726,0.17908787541713014,0.026696329254727477,899,875,161,24,0.2194017616727863,0.21940176167278627,0.9803889612597741,0.9667692307692307,0.19353846153846155,0.03323076923076923,3250,3142,629,108,0.9681851048445409,0.19040732706676308,0.03181489515545915
S13,12,NAIG,3,365;425;480,115,65,220,0.9578544061302684,0.1996236791881607,0.19962367918816074,0.9824794787355375,0.9681851048445409,0.049168474331164135,0.03181489515545915,4149,4017,204,132,0.21532051072106087,0.21532051072106087,0.9804676881200474,0.9847328244274809,0.056615776081424936,0.015267175572519083,1572,1548,89,24,0.1889783979001359,0.1889783979001359,0.98387841197855,0.9580908032596042,0.0446255335661622,0.04190919674039581,2577,2469,115,108,0.9681851048445409,0.049168474331164135,0.03181489515545915
S13,12,NAIG,4,365;425;480;620,255,65,80,0.9584017515052,0.19829863372674122,0.19829863372674128,0.982306678834831,0.9681851048445409,0.049168474331164135,0.03181489515545915,4149,4017,204,132,0.20499595815396712,0.2049959581539671,0.9824688403206147,0.9912280701754386,0.03252923976608187,0.008771929824561403,2736,2712,89,24,0.1908652282049457,0.19086522820494572,0.9825499757899719,0.9235668789808917,0.08138711960368011,0.07643312101910828,1413,1305,115,108,0.9681851048445409,0.049168474331164135,0.03181489515545915
S13,12,NAIG,6,365;425;480;620;545;685,320,65,15,0.9441707717569788,0.19460824021048048,0.19460824021048048,0.9826859997223658,0.9681851048445409,0.049168474331164135,0.03181489515545915,4149,4017,204,132,0.19704294888039076,0.19704294888039076,0.9830000218059369,0.9921722113502935,0.02902804957599478,0.007827788649706457,3066,3042,89,24,0.19157192378592877,0.19157192378592872,0.9824827329000695,0.9002770083102493,0.1061865189289012,0.0997229916897507,1083,975,115,108,0.9681851048445409,0.049168474331164135,0.03181489515545915
S13,12,NAIG,8,365;425;480;620;545;685;505;450,320,65,15,0.9616858237547894,0.18916299285700722,0.18916299285700724,0.9829385349151636,0.9681851048445409,0.026271390696553387,0.03181489515545915,4149,4017,109,132,0.18701849830176248,0.18701849830176248,0.9833403255903695,0.9921722113502935,0.010763209393346379,0.007827788649706457,3066,3042,33,24,0.1917671522892451,0.19176715228924504,0.9824442924562976,0.9002770083102493,0.07017543859649122,0.0997229916897507,1083,975,76,108,0.9681851048445409,0.026271390696553387,0.03181489515545915
S13,12,Uniform,2,300;700,400,0,0,0.7903667214012041,0.2430146771654591,0.2430146771654591,0.9703818588393666,0.9115449505905038,0.606411183417691,0.08845504940949626,4149,3782,2516,367,0.2430146771654591,0.2430146771654591,0.9703818588393666,0.9115449505905038,0.606411183417691,0.08845504940949626,4149,3782,2516,367,,,,,,,0,0,0,0,0.9115449505905038,0.606411183417691,0.08845504940949626
S13,12,Uniform,3,300;500;700,400,0,0,0.8626163108921729,0.23535722789845617,0.23535722789845623,0.9732259508455102,0.9363702096890817,0.18775608580380815,0.0636297903109183,4149,3885,779,264,0.23535722789845617,0.23535722789845623,0.9732259508455102,0.9363702096890817,0.18775608580380815,0.0636297903109183,4149,3885,779,264,,,,,,,0,0,0,0,0.9363702096890817,0.18775608580380815,0.0636297903109183
S13,12,Uniform,4,300;435;565;700,400,0,0,0.9315818281335524,0.24786638600054853,0.24786638600054858,0.9701756240598438,0.9983128464690287,0.1099060014461316,0.0016871535309713184,4149,4142,456,7,0.24786638600054853,0.24786638600054858,0.9701756240598438,0.9983128464690287,0.1099060014461316,0.0016871535309713184,4149,4142,456,7,,,,,,,0,0,0,0,0.9983128464690287,0.1099060014461316,0.0016871535309713184
S13,12,Uniform,6,300;380;460;540;620;700,400,0,0,0.9337712096332786,0.21509979613255864,0.2150997961325587,0.9769639972842397,0.9983128464690287,0.04338394793926247,0.0016871535309713184,4149,4142,180,7,0.21509979613255864,0.2150997961325587,0.9769639972842397,0.9983128464690287,0.04338394793926247,0.0016871535309713184,4149,4142,180,7,,,,,,,0,0,0,0,0.9983128464690287,0.04338394793926247,0.0016871535309713184
S13,12,Uniform,8,300;355;415;470;530;585;645;700,400,0,0,0.9830322933771212,0.17799125508421124,0.17799125508421126,0.9842383613569741,0.9983128464690287,0.023620149433598456,0.0016871535309713184,4149,4142,98,7,0.17799125508421124,0.17799125508421126,0.9842383613569741,0.9983128464690287,0.023620149433598456,0.0016871535309713184,4149,4142,98,7,,,,,,,0,0,0,0,0.9983128464690287,0.023620149433598456,0.0016871535309713184
S14,13,NAIG,2,365;620,255,65,80,0.947454844006568,0.36990907329036626,0.3699090732903663,0.9447588142996007,0.9681851048445409,0.6244878283923837,0.03181489515545915,4149,4017,2591,132,0.5304529424973126,0.5304529424973125,0.934796732001789,0.9912280701754386,0.623172514619883,0.008771929824561403,2736,2712,1705,24,0.21994216142635492,0.21994216142635484,0.9755904491089463,0.9235668789808917,0.627034677990092,0.07643312101910828,1413,1305,886,108,0.9681851048445409,0.6244878283923837,0.03181489515545915
S14,13,NAIG,3,365;620;480,255,65,80,0.9720853858784894,0.3351861712470878,0.3351861712470879,0.9503103898510877,0.9681851048445409,0.14581826946252108,0.03181489515545915,4149,4017,605,132,0.4647058456416617,0.4647058456416616,0.9345454149617463,0.9912280701754386,0.12207602339181287,0.008771929824561403,2736,2712,334,24,0.22124433131348314,0.22124433131348314,0.9752775861527805,0.9235668789808917,0.19179051663128097,0.07643312101910828,1413,1305,271,108,0.9681851048445409,0.14581826946252108,0.03181489515545915
S14,13,NAIG,4,365;620;480;425,255,65,80,0.9737274220032842,0.28218267173967226,0.2821826717396723,0.9626888740071278,0.9681851048445409,0.049168474331164135,0.03181489515545915,4149,4017,204,132,0.3534514867352116,0.3534514867352115,0.9558136766938525,0.9912280701754386,0.03252923976608187,0.008771929824561403,2736,2712,89,24,0.22782552382364882,0.22782552382364882,0.9737103642753047,0.9235668789808917,0.08138711960368011,0.07643312101910828,1413,1305,115,108,0.9681851048445409,0.049168474331164135,0.03181489515545915
S14,13,NAIG,6,365;620;480;425;545;325,295,25,80,0.9824849480021892,0.3564762414690246,0.3564762414690246,0.9481909818976046,0.9910821884791516,0.022897083634610748,0.008917811520848397,4149,4112,95,37,0.38179486404529506,0.381794864045295,0.9409484934611159,0.9961182442520156,0.018811585547924753,0.003881755747984473,3349,3336,63,13,0.25741059902710633,0.25741059902710633,0.9727817171356254,0.97,0.04,0.03,800,776,32,24,0.9910821884791516,0.022897083634610748,0.008917811520848397
S14,13,NAIG,8,365;620;480;425;545;325;525;450,295,25,80,0.9819376026272578,0.32739108070894274,0.32739108070894274,0.9546847661577421,0.9910821884791516,0.022897083634610748,0.008917811520848397,4149,4112,95,37,0.3435364818197405,0.3435364818197405,0.9496588230800868,0.9961182442520156,0.018811585547924753,0.003881755747984473,3349,3336,63,13,0.2682188441904135,0.2682188441904135,0.9710076652272205,0.97,0.04,0.03,800,776,32,24,0.9910821884791516,0.022897083634610748,0.008917811520848397
S14,13,Uniform,2,300;700,400,0,0,0.8866995073891628,0.31438290456055207,0.3143829045605521,0.949691650313351,0.9115449505905038,0.606411183417691,0.08845504940949626,4149,3782,2516,367,0.31438290456055207,0.3143829045605521,0.949691650313351,0.9115449505905038,0.606411183417691,0.08845504940949626,4149,3782,2516,367,,,,,,,0,0,0,0,0.9115449505905038,0.606411183417691,0.08845504940949626
S14,13,Uniform,3,300;500;700,400,0,0,0.9573070607553368,0.30697056842460785,0.30697056842460785,0.9538597883808299,0.9363702096890817,0.18775608580380815,0.0636297903109183,4149,3885,779,264,0.30697056842460785,0.30697056842460785,0.9538597883808299,0.9363702096890817,0.18775608580380815,0.0636297903109183,4149,3885,779,264,,,,,,,0,0,0,0,0.9363702096890817,0.18775608580380815,0.0636297903109183
S14,13,Uniform,4,300;435;565;700,400,0,0,0.9786535303776684,0.31931489264701846,0.3193148926470185,0.9513245575699193,0.9983128464690287,0.1099060014461316,0.0016871535309713184,4149,4142,456,7,0.31931489264701846,0.3193148926470185,0.9513245575699193,0.9983128464690287,0.1099060014461316,0.0016871535309713184,4149,4142,456,7,,,,,,,0,0,0,0,0.9983128464690287,0.1099060014461316,0.0016871535309713184
S14,13,Uniform,6,300;380;460;540;620;700,400,0,0,0.9896004378763,0.2853299547679544,0.2853299547679544,0.9592694263475157,0.9983128464690287,0.04338394793926247,0.0016871535309713184,4149,4142,180,7,0.2853299547679544,0.2853299547679544,0.9592694263475157,0.9983128464690287,0.04338394793926247,0.0016871535309713184,4149,4142,180,7,,,,,,,0,0,0,0,0.9983128464690287,0.04338394793926247,0.0016871535309713184
S14,13,Uniform,8,300;355;415;470;530;585;645;700,400,0,0,0.9874110563765736,0.23754971007943187,0.23754971007943185,0.9726133489166786,0.9983128464690287,0.023620149433598456,0.0016871535309713184,4149,4142,98,7,0.23754971007943187,0.23754971007943185,0.9726133489166786,0.9983128464690287,0.023620149433598456,0.0016871535309713184,4149,4142,98,7,,,,,,,0,0,0,0,0.9983128464690287,0.023620149433598456,0.0016871535309713184
S15,14,NAIG,2,365;425,60,65,275,0.9157088122605364,0.17973215202043769,0.17973215202043769,0.9838874143576395,0.9681851048445409,0.19040732706676308,0.03181489515545915,4149,4017,790,132,0.16956828958176268,0.1695682895817627,0.9862891925366919,0.9733036707452726,0.17908787541713014,0.026696329254727477,899,875,161,24,0.18272325081300778,0.18272325081300778,0.9832365120967673,0.9667692307692307,0.19353846153846155,0.03323076923076923,3250,3142,629,108,0.9681851048445409,0.19040732706676308,0.03181489515545915
S15,14,NAIG,3,365;425;620,255,65,80,0.9277504105090312,0.17659546416781335,0.17659546416781335,0.9846431328307992,0.9681851048445409,0.06531694384188962,0.03181489515545915,4149,4017,271,132,0.17005843326085113,0.17005843326085113,0.9855490662452018,0.9912280701754386,0.04751461988304093,0.008771929824561403,2736,2712,130,24,0.18710001409509466,0.18710001409509466,0.9833963221355835,0.9235668789808917,0.09978768577494693,0.07643312101910828,1413,1305,141,108,0.9681851048445409,0.06531694384188962,0.03181489515545915
S15,14,NAIG,4,365;425;620;545,255,65,80,0.9376026272577996,0.17664495398329186,0.1766449539832919,0.9844587679552328,0.9681851048445409,0.06531694384188962,0.03181489515545915,4149,4017,271,132,0.17217256263840602,0.17217256263840608,0.9850922204803018,0.9912280701754386,0.04751461988304093,0.008771929824561403,2736,2712,130,24,0.1839390315117091,0.1839390315117091,0.9836960319581024,0.9235668789808917,0.09978768577494693,0.07643312101910828,1413,1305,141,108,0.9681851048445409,0.06531694384188962,0.03181489515545915
S15,14,NAIG,6,365;425;620;545;475;345,275,45,80,0.963327859879584,0.18235663089380139,0.18235663089380139,0.9848155846616012,0.9930103639431188,0.036153289949385395,0.0069896360568811764,4149,4120,150,29,0.18092464532290323,0.18092464532290328,0.9849876295339268,0.9990112063282794,0.018787079762689517,0.000988793671720501,3034,3031,57,3,0.18565794737273822,0.18565794737273822,0.9844233455340649,0.9766816143497757,0.08340807174887892,0.023318385650224215,1115,1089,93,26,0.9930103639431188,0.036153289949385395,0.0069896360568811764
S15,14,NAIG,8,365;425;620;545;475;345;505;305,315,5,80,0.9726327312534212,0.19293585309495254,0.19293585309495254,0.9817058650552861,0.997589780670041,0.00457941672692215,0.002410219329959026,4149,4139,19,10,0.19158652060700915,0.19158652060700918,0.981805842613874,0.9978260869565218,0.004347826086956522,0.002173913043478261,3680,3672,16,8,0.20608118820762705,0.20608118820762708,0.9822660388738729,0.9957356076759062,0.006396588486140725,0.0042643923240938165,469,467,3,2,0.997589780670041,0.00457941672692215,0.002410219329959026
S15,14,Uniform,2,300;700,400,0,0,0.8773946360153257,0.17669130038609385,0.17669130038609387,0.9842665949039989,0.9115449505905038,0.606411183417691,0.08845504940949626,4149,3782,2516,367,0.17669130038609385,0.17669130038609387,0.9842665949039989,0.9115449505905038,0.606411183417691,0.08845504940949626,4149,3782,2516,367,,,,,,,0,0,0,0,0.9115449505905038,0.606411183417691,0.08845504940949626
S15,14,Uniform,3,300;500;700,400,0,0,0.9184455391351944,0.16053334125164004,0.16053334125164004,0.9880811465646064,0.9363702096890817,0.18775608580380815,0.0636297903109183,4149,3885,779,264,0.16053334125164004,0.16053334125164004,0.9880811465646064,0.9363702096890817,0.18775608580380815,0.0636297903109183,4149,3885,779,264,,,,,,,0,0,0,0,0.9363702096890817,0.18775608580380815,0.0636297903109183
S15,14,Uniform,4,300;435;565;700,400,0,0,0.9666119321291736,0.16424413270260035,0.16424413270260038,0.9865758515554546,0.9983128464690287,0.1099060014461316,0.0016871535309713184,4149,4142,456,7,0.16424413270260035,0.16424413270260038,0.9865758515554546,0.9983128464690287,0.1099060014461316,0.0016871535309713184,4149,4142,456,7,,,,,,,0,0,0,0,0.9983128464690287,0.1099060014461316,0.0016871535309713184
S15,14,Uniform,6,300;380;460;540;620;700,400,0,0,0.9720853858784896,0.1563736326309432,0.1563736326309432,0.987702486568628,0.9983128464690287,0.04338394793926247,0.0016871535309713184,4149,4142,180,7,0.1563736326309432,0.1563736326309432,0.987702486568628,0.9983128464690287,0.04338394793926247,0.0016871535309713184,4149,4142,180,7,,,,,,,0,0,0,0,0.9983128464690287,0.04338394793926247,0.0016871535309713184
S15,14,Uniform,8,300;355;415;470;530;585;645;700,400,0,0,0.9928845101258896,0.14947804368828174,0.14947804368828174,0.9888013285370817,0.9983128464690287,0.023620149433598456,0.0016871535309713184,4149,4142,98,7,0.14947804368828174,0.14947804368828174,0.9888013285370817,0.9983128464690287,0.023620149433598456,0.0016871535309713184,4149,4142,98,7,,,,,,,0,0,0,0,0.9983128464690287,0.023620149433598456,0.0016871535309713184
S16,15,NAIG,2,365;425,60,65,275,0.9534756431308156,0.23392504171128084,0.23392504171128084,0.9734559453171963,0.9681851048445409,0.19040732706676308,0.03181489515545915,4149,4017,790,132,0.15820494966319493,0.1582049496631949,0.9883830077137736,0.9733036707452726,0.17908787541713014,0.026696329254727477,899,875,161,24,0.2558859157476455,0.2558859157476455,0.9679976672686221,0.9667692307692307,0.19353846153846155,0.03323076923076923,3250,3142,629,108,0.9681851048445409,0.19040732706676308,0.03181489515545915
S16,15,NAIG,3,365;425;480,115,65,220,0.93431855500821,0.22324259983229464,0.22324259983229464,0.9751242983313262,0.9681851048445409,0.049168474331164135,0.03181489515545915,4149,4017,204,132,0.21277269999794823,0.21277269999794823,0.9797823437375556,0.9847328244274809,0.056615776081424936,0.015267175572519083,1572,1548,89,24,0.2290841347711565,0.22908413477115647,0.973409096480491,0.9580908032596042,0.0446255335661622,0.04190919674039581,2577,2469,115,108,0.9681851048445409,0.049168474331164135,0.03181489515545915
S16,15,NAIG,4,365;425;480;620,255,65,80,0.9211822660098524,0.21923782591378058,0.21923782591378058,0.9759846076710876,0.9681851048445409,0.049168474331164135,0.03181489515545915,4149,4017,204,132,0.2037551163355815,0.20375511633558144,0.9806265853014344,0.9912280701754386,0.03252923976608187,0.008771929824561403,2736,2712,89,24,0.23379769373603304,0.23379769373603304,0.9723291450133494,0.9235668789808917,0.08138711960368011,0.07643312101910828,1413,1305,115,108,0.9681851048445409,0.049168474331164135,0.03181489515545915
S16,15,NAIG,6,365;425;480;620;545;325,295,25,80,0.9649698960043788,0.299099421297745,0.299099421297745,0.9656738186492807,0.9910821884791516,0.022897083634610748,0.008917811520848397,4149,4112,95,37,0.30990355889517635,0.30990355889517646,0.9641116866678504,0.9961182442520156,0.018811585547924753,0.003881755747984473,3349,3336,63,13,0.25578065645537224,0.2557806564553723,0.9723405757682613,0.97,0.04,0.03,800,776,32,24,0.9910821884791516,0.022897083634610748,0.008917811520848397
S16,15,NAIG,8,365;425;480;620;545;325;505;400,295,25,80,0.9704433497536946,0.26050509098175223,0.26050509098175223,0.970080878154002,0.9910821884791516,0.014461315979754157,0.008917811520848397,4149,4112,60,37,0.26444361112197906,0.26444361112197906,0.9691515177502945,0.9961182442520156,0.011346670647954613,0.003881755747984473,3349,3336,38,13,0.2455808824339126,0.2455808824339126,0.9734844467162238,0.97,0.0275,0.03,800,776,22,24,0.9910821884791516,0.014461315979754157,0.008917811520848397
S16,15,Uniform,2,300;700,400,0,0,0.7668308702791462,0.2502829153483109,0.2502829153483109,0.9681814635061259,0.9115449505905038,0.606411183417691,0.08845504940949626,4149,3782,2516,367,0.2502829153483109,0.2502829153483109,0.9681814635061259,0.9115449505905038,0.606411183417691,0.08845504940949626,4149,3782,2516,367,,,,,,,0,0,0,0,0.9115449505905038,0.606411183417691,0.08845504940949626
S16,15,Uniform,3,300;500;700,400,0,0,0.9069512862616312,0.23910721230687162,0.23910721230687162,0.9722001316394338,0.9363702096890817,0.18775608580380815,0.0636297903109183,4149,3885,779,264,0.23910721230687162,0.23910721230687162,0.9722001316394338,0.9363702096890817,0.18775608580380815,0.0636297903109183,4149,3885,779,264,,,,,,,0,0,0,0,0.9363702096890817,0.18775608580380815,0.0636297903109183
S16,15,Uniform,4,300;435;565;700,400,0,0,0.9682539682539684,0.2400489558737602,0.24004895587376018,0.9719982728004404,0.9983128464690287,0.1099060014461316,0.0016871535309713184,4149,4142,456,7,0.2400489558737602,0.24004895587376018,0.9719982728004404,0.9983128464690287,0.1099060014461316,0.0016871535309713184,4149,4142,456,7,,,,,,,0,0,0,0,0.9983128464690287,0.1099060014461316,0.0016871535309713184
S16,15,Uniform,6,300;380;460;540;620;700,400,0,0,0.932129173508484,0.2217394752949569,0.2217394752949569,0.9751160259577961,0.9983128464690287,0.04338394793926247,0.0016871535309713184,4149,4142,180,7,0.2217394752949569,0.2217394752949569,0.9751160259577961,0.9983128464690287,0.04338394793926247,0.0016871535309713184,4149,4142,180,7,,,,,,,0,0,0,0,0.9983128464690287,0.04338394793926247,0.0016871535309713184
S16,15,Uniform,8,300;355;415;470;530;585;645;700,400,0,0,0.9890530925013684,0.1959441663946135,0.1959441663946135,0.9817267040528744,0.9983128464690287,0.023620149433598456,0.0016871535309713184,4149,4142,98,7,0.1959441663946135,0.1959441663946135,0.9817267040528744,0.9983128464690287,0.023620149433598456,0.0016871535309713184,4149,4142,98,7,,,,,,,0,0,0,0,0.9983128464690287,0.023620149433598456,0.0016871535309713184
S17,16,NAIG,2,365;425,60,65,275,0.90311986863711,0.2087258104443328,0.20872581044433286,0.9804862412031417,0.9681851048445409,0.19040732706676308,0.03181489515545915,4149,4017,790,132,0.18492988409483524,0.18492988409483524,0.9839768898511487,0.9733036707452726,0.17908787541713014,0.026696329254727477,899,875,161,24,0.21755752978794446,0.21755752978794443,0.9791920478758537,0.9667692307692307,0.19353846153846155,0.03323076923076923,3250,3142,629,108,0.9681851048445409,0.19040732706676308,0.03181489515545915
S17,16,NAIG,3,365;425;480,115,65,220,0.9518336070060208,0.20587893622605263,0.20587893622605263,0.9807673437439411,0.9681851048445409,0.049168474331164135,0.03181489515545915,4149,4017,204,132,0.19865937935608186,0.19865937935608194,0.9816043525523401,0.9847328244274809,0.056615776081424936,0.015267175572519083,1572,1548,89,24,0.21060609560797522,0.2106060956079752,0.9802595997155995,0.9580908032596042,0.0446255335661622,0.04190919674039581,2577,2469,115,108,0.9681851048445409,0.049168474331164135,0.03181489515545915
S17,16,NAIG,4,365;425;480;620,255,65,80,0.9688013136289,0.20459137422223517,0.20459137422223514,0.9808439129742588,0.9681851048445409,0.049168474331164135,0.03181489515545915,4149,4017,204,132,0.18926345796743274,0.18926345796743274,0.983089220082388,0.9912280701754386,0.03252923976608187,0.008771929824561403,2736,2712,89,24,0.22110976768022156,0.2211097676802216,0.9784677445121984,0.9235668789808917,0.08138711960368011,0.07643312101910828,1413,1305,115,108,0.9681851048445409,0.049168474331164135,0.03181489515545915
S17,16,NAIG,6,365;425;480;620;545;325,295,25,80,0.9802955665024632,0.22162272651698942,0.2216227265169894,0.9793046005631526,0.9910821884791516,0.022897083634610748,0.008917811520848397,4149,4112,95,37,0.2085880311443806,0.2085880311443806,0.9806203220077125,0.9961182442520156,0.018811585547924753,0.003881755747984473,3349,3336,63,13,0.26911676094516557,0.2691167609451656,0.9766970373218007,0.97,0.04,0.03,800,776,32,24,0.9910821884791516,0.022897083634610748,0.008917811520848397
S17,16,NAIG,8,365;425;480;620;545;325;505;400,295,25,80,0.9868637110016424,0.20924215921181782,0.2092421592118178,0.9807716095435429,0.9910821884791516,0.014461315979754157,0.008917811520848397,4149,4112,60,37,0.19357324487124114,0.19357324487124117,0.9826966290411526,0.9961182442520156,0.011346670647954613,0.003881755747984473,3349,3336,38,13,0.2646045713203904,0.26460457132039045,0.9758651038923383,0.97,0.0275,0.03,800,776,22,24,0.9910821884791516,0.014461315979754157,0.008917811520848397
S17,16,Uniform,2,300;700,400,0,0,0.808976464148878,0.2403465753657079,0.2403465753657079,0.9714743859351791,0.9115449505905038,0.606411183417691,0.08845504940949626,4149,3782,2516,367,0.2403465753657079,0.2403465753657079,0.9714743859351791,0.9115449505905038,0.606411183417691,0.08845504940949626,4149,3782,2516,367,,,,,,,0,0,0,0,0.9115449505905038,0.606411183417691,0.08845504940949626
S17,16,Uniform,3,300;500;700,400,0,0,0.9129720853858784,0.22121242897519533,0.22121242897519539,0.9786592538389488,0.9363702096890817,0.18775608580380815,0.0636297903109183,4149,3885,779,264,0.22121242897519533,0.22121242897519539,0.9786592538389488,0.9363702096890817,0.18775608580380815,0.0636297903109183,4149,3885,779,264,,,,,,,0,0,0,0,0.9363702096890817,0.18775608580380815,0.0636297903109183
S17,16,Uniform,4,300;435;565;700,400,0,0,0.9802955665024632,0.21962100842765478,0.21962100842765475,0.9788599081587669,0.9983128464690287,0.1099060014461316,0.0016871535309713184,4149,4142,456,7,0.21962100842765478,0.21962100842765475,0.9788599081587669,0.9983128464690287,0.1099060014461316,0.0016871535309713184,4149,4142,456,7,,,,,,,0,0,0,0,0.9983128464690287,0.1099060014461316,0.0016871535309713184
S17,16,Uniform,6,300;380;460;540;620;700,400,0,0,0.9622331691297208,0.1982739222337553,0.19827392223375528,0.9805839152078647,0.9983128464690287,0.04338394793926247,0.0016871535309713184,4149,4142,180,7,0.1982739222337553,0.19827392223375528,0.9805839152078647,0.9983128464690287,0.04338394793926247,0.0016871535309713184,4149,4142,180,7,,,,,,,0,0,0,0,0.9983128464690287,0.04338394793926247,0.0016871535309713184
S17,16,Uniform,8,300;355;415;470;530;585;645;700,400,0,0,0.9852216748768472,0.16864813209327992,0.1686481320932799,0.985685273387483,0.9983128464690287,0.023620149433598456,0.0016871535309713184,4149,4142,98,7,0.16864813209327992,0.1686481320932799,0.985685273387483,0.9983128464690287,0.023620149433598456,0.0016871535309713184,4149,4142,98,7,,,,,,,0,0,0,0,0.9983128464690287,0.023620149433598456,0.0016871535309713184
S18,17,NAIG,2,365;480,115,65,220,0.9534756431308156,0.20902517487942712,0.20902517487942715,0.9820253932047738,0.9681851048445409,0.27090865268739456,0.03181489515545915,4149,4017,1124,132,0.25203843569873613,0.2520384356987361,0.977091069620364,0.9847328244274809,0.2748091603053435,0.015267175572519083,1572,1548,432,24,0.17598409867213682,0.1759840986721368,0.9861606706932329,0.9580908032596042,0.2685292976329065,0.04190919674039581,2577,2469,692,108,0.9681851048445409,0.27090865268739456,0.03181489515545915
S18,17,NAIG,3,365;480;545,180,65,155,0.961138478379858,0.2053009499500403,0.20530094995004033,0.98264878538098,0.9681851048445409,0.09930103639431188,0.03181489515545915,4149,4017,412,132,0.23620962403239273,0.23620962403239273,0.9783839851870734,0.9891402714932127,0.08733031674208144,0.01085972850678733,2210,2186,193,24,0.1719409227771152,0.17194092277711523,0.9871183353625566,0.9443011861784425,0.11294481691593605,0.0556988138215575,1939,1831,219,108,0.9681851048445409,0.09930103639431188,0.03181489515545915
S18,17,NAIG,4,365;480;545;425,180,65,155,0.9480021893815,0.24566627176571576,0.24566627176571576,0.9781772353730486,0.9681851048445409,0.049168474331164135,0.03181489515545915,4149,4017,204,132,0.25856575543922594,0.25856575543922594,0.9767361488356187,0.9891402714932127,0.040271493212669686,0.01085972850678733,2210,2186,89,24,0.23313864054376623,0.23313864054376626,0.9796366122117074,0.9443011861784425,0.0593089221248066,0.0556988138215575,1939,1831,115,108,0.9681851048445409,0.049168474331164135,0.03181489515545915
S18,17,NAIG,6,365;480;545;425;620;330,290,30,80,0.9677066228790367,0.21768253204096522,0.2176825320409653,0.9816261558514224,0.9893950349481803,0.021209930103639432,0.010604965051819716,4149,4105,88,44,0.22415199135145322,0.22415199135145314,0.9799025899069416,0.9957173447537473,0.016518813092688895,0.004282655246252677,3269,3255,54,14,0.1962109352293424,0.1962109352293424,0.9869937905439993,0.9659090909090909,0.038636363636363635,0.03409090909090909,880,850,34,30,0.9893950349481803,0.021209930103639432,0.010604965051819716
S18,17,NAIG,8,365;480;545;425;620;330;505;305,315,5,80,0.9726327312534212,0.21460933105359872,0.21460933105359878,0.9781508033351151,0.9983128464690287,0.009640877319836105,0.0016871535309713184,4149,4142,40,7,0.2133281896669171,0.21332818966691702,0.9780224707584045,0.9983695652173913,0.00923913043478261,0.0016304347826086956,3680,3674,34,6,0.22987607514699968,0.22987607514699965,0.9839110768569731,0.997867803837953,0.01279317697228145,0.0021321961620469083,469,468,6,1,0.9983128464690287,0.009640877319836105,0.0016871535309713184
S18,17,Uniform,2,300;700,400,0,0,0.8653530377668309,0.20854544102958084,0.20854544102958084,0.9783206210699391,0.9115449505905038,0.606411183417691,0.08845504940949626,4149,3782,2516,367,0.20854544102958084,0.20854544102958084,0.9783206210699391,0.9115449505905038,0.606411183417691,0.08845504940949626,4149,3782,2516,367,,,,,,,0,0,0,0,0.9115449505905038,0.606411183417691,0.08845504940949626
S18,17,Uniform,3,300;500;700,400,0,0,0.9332238642583472,0.18458988030776524,0.18458988030776527,0.9832915499097334,0.9363702096890817,0.18775608580380815,0.0636297903109183,4149,3885,779,264,0.18458988030776524,0.18458988030776527,0.9832915499097334,0.9363702096890817,0.18775608580380815,0.0636297903109183,4149,3885,779,264,,,,,,,0,0,0,0,0.9363702096890817,0.18775608580380815,0.0636297903109183
S18,17,Uniform,4,300;435;565;700,400,0,0,0.9584017515052,0.18744109918151913,0.1874410991815191,0.982993809004756,0.9983128464690287,0.1099060014461316,0.0016871535309713184,4149,4142,456,7,0.18744109918151913,0.1874410991815191,0.982993809004756,0.9983128464690287,0.1099060014461316,0.0016871535309713184,4149,4142,456,7,,,,,,,0,0,0,0,0.9983128464690287,0.1099060014461316,0.0016871535309713184
S18,17,Uniform,6,300;380;460;540;620;700,400,0,0,0.9562123700054737,0.18317180947724515,0.18317180947724515,0.9833292788006447,0.9983128464690287,0.04338394793926247,0.0016871535309713184,4149,4142,180,7,0.18317180947724515,0.18317180947724515,0.9833292788006447,0.9983128464690287,0.04338394793926247,0.0016871535309713184,4149,4142,180,7,,,,,,,0,0,0,0,0.9983128464690287,0.04338394793926247,0.0016871535309713184
S18,17,Uniform,8,300;355;415;470;530;585;645;700,400,0,0,0.9775588396278052,0.1604529779558547,0.16045297795585467,0.9873458481198292,0.9983128464690287,0.023620149433598456,0.0016871535309713184,4149,4142,98,7,0.1604529779558547,0.16045297795585467,0.9873458481198292,0.9983128464690287,0.023620149433598456,0.0016871535309713184,4149,4142,98,7,,,,,,,0,0,0,0,0.9983128464690287,0.023620149433598456,0.0016871535309713184
S19,18,NAIG,2,325;410,85,25,290,0.9781061850027368,0.35281973778213693,0.3528197377821369,0.9460739274305088,0.9910821884791516,0.16967944082911546,0.008917811520848397,4149,4112,704,37,0.270594374276999,0.270594374276999,0.9627387642723809,0.990053557765876,0.2127008416220352,0.009946442234123947,1307,1294,278,13,0.46638236588685694,0.46638236588685694,0.9488213361100051,0.9915552427867699,0.1498944405348346,0.00844475721323012,2842,2818,426,24,0.9910821884791516,0.16967944082911546,0.008917811520848397
S19,18,NAIG,3,325;410;610,285,25,90,0.9835796387520526,0.3111827800659562,0.3111827800659561,0.9543851336585077,0.9910821884791516,0.06845022897083634,0.008917811520848397,4149,4112,284,37,0.3336489461627689,0.3336489461627689,0.9452709280557181,0.9960510328068044,0.06287970838396112,0.003948967193195626,3292,3279,207,13,0.20765033031297606,0.20765033031297606,0.9892712827092751,0.9719953325554259,0.08984830805134189,0.028004667444574097,857,833,77,24,0.9910821884791516,0.06845022897083634,0.008917811520848397
S19,18,NAIG,4,325;410;610;475,285,25,90,0.9874110563765736,0.3892085432380679,0.3892085432380679,0.9349308795840174,0.9910821884791516,0.06845022897083634,0.008917811520848397,4149,4112,284,37,0.3894361682752848,0.3894361682752849,0.9290366403281243,0.9960510328068044,0.06287970838396112,0.003948967193195626,3292,3279,207,13,0.388363366341731,0.388363366341731,0.9636337836423851,0.9719953325554259,0.08984830805134189,0.028004667444574097,857,833,77,24,0.9910821884791516,0.06845022897083634,0.008917811520848397
S19,18,NAIG,6,325;410;610;475;365;495,285,25,90,0.9967159277504108,0.3986399685313323,0.3986399685313324,0.9363476346913006,0.9910821884791516,0.022897083634610748,0.008917811520848397,4149,4112,95,37,0.43189706704291964,0.43189706704291964,0.9219817678618926,0.9960510328068044,0.01913730255164034,0.003948967193195626,3292,3279,63,13,0.2376905463859395,0.23769054638593948,0.9879542465977275,0.9719953325554259,0.03733955659276546,0.028004667444574097,857,833,32,24,0.9910821884791516,0.022897083634610748,0.008917811520848397
S19,18,NAIG,8,325;410;610;475;365;495;305;700,395,5,0,0.9956212370005476,0.3705990349710317,0.3705990349710317,0.9291756453963929,0.9987948903350204,0.008917811520848397,0.001205109664979513,4149,4144,37,5,0.3720065531433526,0.3720065531433526,0.9292162376887864,0.9990157480314961,0.007627952755905512,0.000984251968503937,4064,4060,31,4,0.32787147657826343,0.3278714765782634,0.9884649909799579,0.9882352941176471,0.07058823529411765,0.011764705882352941,85,84,6,1,0.9987948903350204,0.008917811520848397,0.001205109664979513
S19,18,Uniform,2,300;700,400,0,0,0.9545703338806788,0.3761516602116632,0.3761516602116632,0.931638160059073,0.9115449505905038,0.606411183417691,0.08845504940949626,4149,3782,2516,367,0.3761516602116632,0.3761516602116632,0.931638160059073,0.9115449505905038,0.606411183417691,0.08845504940949626,4149,3782,2516,367,,,,,,,0,0,0,0,0.9115449505905038,0.606411183417691,0.08845504940949626
S19,18,Uniform,3,300;500;700,400,0,0,0.975369458128079,0.35082833404422836,0.3508283340442283,0.9415117283302602,0.9363702096890817,0.18775608580380815,0.0636297903109183,4149,3885,779,264,0.35082833404422836,0.3508283340442283,0.9415117283302602,0.9363702096890817,0.18775608580380815,0.0636297903109183,4149,3885,779,264,,,,,,,0,0,0,0,0.9363702096890817,0.18775608580380815,0.0636297903109183
S19,18,Uniform,4,300;435;565;700,400,0,0,0.9720853858784896,0.3663465776660978,0.3663465776660977,0.9331545130038122,0.9983128464690287,0.1099060014461316,0.0016871535309713184,4149,4142,456,7,0.3663465776660978,0.3663465776660977,0.9331545130038122,0.9983128464690287,0.1099060014461316,0.0016871535309713184,4149,4142,456,7,,,,,,,0,0,0,0,0.9983128464690287,0.1099060014461316,0.0016871535309713184
S19,18,Uniform,6,300;380;460;540;620;700,400,0,0,0.9967159277504106,0.3001222813488381,0.30012228134883806,0.9547865995978071,0.9983128464690287,0.04338394793926247,0.0016871535309713184,4149,4142,180,7,0.3001222813488381,0.30012228134883806,0.9547865995978071,0.9983128464690287,0.04338394793926247,0.0016871535309713184,4149,4142,180,7,,,,,,,0,0,0,0,0.9983128464690287,0.04338394793926247,0.0016871535309713184
S19,18,Uniform,8,300;355;415;470;530;585;645;700,400,0,0,0.9967159277504106,0.24314941557132294,0.24314941557132294,0.9717487435777057,0.9983128464690287,0.023620149433598456,0.0016871535309713184,4149,4142,98,7,0.24314941557132294,0.24314941557132294,0.9717487435777057,0.9983128464690287,0.023620149433598456,0.0016871535309713184,4149,4142,98,7,,,,,,,0,0,0,0,0.9983128464690287,0.023620149433598456,0.0016871535309713184
S20,19,NAIG,2,365;480,115,65,220,0.9562123700054734,0.2716722050495158,0.2716722050495158,0.9676960878727624,0.9681851048445409,0.27090865268739456,0.03181489515545915,4149,4017,1124,132,0.3474799786189117,0.3474799786189116,0.964343969680945,0.9847328244274809,0.2748091603053435,0.015267175572519083,1572,1548,432,24,0.21615224700911922,0.21615224700911922,0.9764933307354653,0.9580908032596042,0.2685292976329065,0.04190919674039581,2577,2469,692,108,0.9681851048445409,0.27090865268739456,0.03181489515545915
S20,19,NAIG,3,365;480;630,265,65,70,0.963327859879584,0.2660303151598927,0.2660303151598927,0.9698673569407376,0.9681851048445409,0.14581826946252108,0.03181489515545915,4149,4017,605,132,0.33436718035465995,0.33436718035465995,0.9635906874365148,0.9914040114613181,0.11962750716332378,0.008595988538681949,2792,2768,334,24,0.19960987402481958,0.1996098740248196,0.9802044047551134,0.9204126750184229,0.19970523212969787,0.079587324981577,1357,1249,271,108,0.9681851048445409,0.14581826946252108,0.03181489515545915
S20,19,NAIG,4,365;480;630;545,265,65,70,0.960591133004926,0.2656429882286318,0.2656429882286318,0.9697190452305053,0.9681851048445409,0.09930103639431188,0.03181489515545915,4149,4017,412,132,0.3333482851502859,0.333348285150286,0.9631280685100619,0.9914040114613181,0.06912607449856734,0.008595988538681949,2792,2768,193,24,0.19998943831801536,0.1999894383180154,0.9801087276160385,0.9204126750184229,0.16138540899042003,0.079587324981577,1357,1249,219,108,0.9681851048445409,0.09930103639431188,0.03181489515545915
S20,19,NAIG,6,365;480;630;545;425;695,330,65,5,0.9540229885057472,0.2278136162872385,0.22781361628723854,0.9755921191952751,0.9681851048445409,0.049168474331164135,0.03181489515545915,4149,4017,204,132,0.25839946101335703,0.258399461013357,0.9715394730827989,0.9922655494682565,0.02868192072188205,0.007734450531743474,3103,3079,89,24,0.20039025332590277,0.20039025332590285,0.9800286170869086,0.8967495219885278,0.10994263862332695,0.10325047801147227,1046,938,115,108,0.9681851048445409,0.049168474331164135,0.03181489515545915
S20,19,NAIG,8,365;480;630;545;425;695;510;400,330,65,5,0.9573070607553368,0.24661118488257522,0.24661118488257522,0.9713875409034151,0.9766208724993974,0.019763798505664017,0.023379127500602555,4149,4052,82,97,0.2902410726286879,0.29024107262868787,0.9668959273367204,0.9954882371898163,0.006445375443119562,0.0045117628101836935,3103,3089,20,14,0.2093636410258001,0.20936364102580013,0.9778720906663269,0.9206500956022945,0.05927342256214149,0.07934990439770555,1046,963,62,83,0.9766208724993974,0.019763798505664017,0.023379127500602555
S20,19,Uniform,2,300;700,400,0,0,0.8604269293924467,0.290049147215651,0.290049147215651,0.9642711187497093,0.9115449505905038,0.606411183417691,0.08845504940949626,4149,3782,2516,367,0.290049147215651,0.290049147215651,0.9642711187497093,0.9115449505905038,0.606411183417691,0.08845504940949626,4149,3782,2516,367,,,,,,,0,0,0,0,0.9115449505905038,0.606411183417691,0.08845504940949626
S20,19,Uniform,3,300;500;700,400,0,0,0.9408866995073892,0.2840854210461063,0.2840854210461063,0.9709158932662498,0.9363702096890817,0.18775608580380815,0.0636297903109183,4149,3885,779,264,0.2840854210461063,0.2840854210461063,0.9709158932662498,0.9363702096890817,0.18775608580380815,0.0636297903109183,4149,3885,779,264,,,,,,,0,0,0,0,0.9363702096890817,0.18775608580380815,0.0636297903109183
S20,19,Uniform,4,300;435;565;700,400,0,0,0.976464148877942,0.2931076073380487,0.2931076073380487,0.9680782169563975,0.9983128464690287,0.1099060014461316,0.0016871535309713184,4149,4142,456,7,0.2931076073380487,0.2931076073380487,0.9680782169563975,0.9983128464690287,0.1099060014461316,0.0016871535309713184,4149,4142,456,7,,,,,,,0,0,0,0,0.9983128464690287,0.1099060014461316,0.0016871535309713184
S20,19,Uniform,6,300;380;460;540;620;700,400,0,0,0.975369458128079,0.25025305171517226,0.25025305171517226,0.9703184004318891,0.9983128464690287,0.04338394793926247,0.0016871535309713184,4149,4142,180,7,0.25025305171517226,0.25025305171517226,0.9703184004318891,0.9983128464690287,0.04338394793926247,0.0016871535309713184,4149,4142,180,7,,,,,,,0,0,0,0,0.9983128464690287,0.04338394793926247,0.0016871535309713184
S20,19,Uniform,8,300;355;415;470;530;585;645;700,400,0,0,0.9868637110016422,0.20205865945573548,0.20205865945573542,0.9795544376373588,0.9983128464690287,0.023620149433598456,0.0016871535309713184,4149,4142,98,7,0.20205865945573548,0.20205865945573542,0.9795544376373588,0.9983128464690287,0.023620149433598456,0.0016871535309713184,4149,4142,98,7,,,,,,,0,0,0,0,0.9983128464690287,0.023620149433598456,0.0016871535309713184
S21,20,NAIG,2,365;545,180,65,155,0.9277504105090312,0.705752877407163,0.7057528774071631,0.7569746694220071,0.9681851048445409,0.42540371173776814,0.03181489515545915,4149,4017,1765,132,0.6250855891365483,0.6250855891365482,0.7813734765767385,0.9891402714932127,0.4321266968325792,0.01085972850678733,2210,2186,955,24,0.8677317982940936,0.8677317982940939,0.7867089334152754,0.9443011861784425,0.41774110366168127,0.0556988138215575,1939,1831,810,108,0.9681851048445409,0.42540371173776814,0.03181489515545915
S21,20,NAIG,3,365;545;480,180,65,155,0.9567597153804052,0.6848498063105026,0.6848498063105026,0.7705168024217488,0.9681851048445409,0.09930103639431188,0.03181489515545915,4149,4017,412,132,0.5912507607304912,0.5912507607304912,0.8064906321805834,0.9891402714932127,0.08733031674208144,0.01085972850678733,2210,2186,193,24,0.8675168619965513,0.8675168619965514,0.7890688728560146,0.9443011861784425,0.11294481691593605,0.0556988138215575,1939,1831,219,108,0.9681851048445409,0.09930103639431188,0.03181489515545915
S21,20,NAIG,4,365;545;480;620,255,65,80,0.9430760810071156,0.6850348476261097,0.6850348476261098,0.7697872047790265,0.9681851048445409,0.09930103639431188,0.03181489515545915,4149,4017,412,132,0.5878994372610346,0.5878994372610347,0.8089341725804857,0.9912280701754386,0.07054093567251463,0.008771929824561403,2736,2712,193,24,0.891061371175057,0.8910613711750568,0.7863846049148974,0.9235668789808917,0.15498938428874734,0.07643312101910828,1413,1305,219,108,0.9681851048445409,0.09930103639431188,0.03181489515545915
S21,20,NAIG,6,365;545;480;620;425;695,330,65,5,0.9277504105090312,0.6584072730114363,0.6584072730114364,0.7988341802038599,0.9681851048445409,0.049168474331164135,0.03181489515545915,4149,4017,204,132,0.5429385893352151,0.5429385893352151,0.8411731168402484,0.9922655494682565,0.02868192072188205,0.007734450531743474,3103,3079,89,24,0.9016630040069671,0.9016630040069671,0.7864911087157608,0.8967495219885278,0.10994263862332695,0.10325047801147227,1046,938,115,108,0.9681851048445409,0.049168474331164135,0.03181489515545915
S21,20,NAIG,8,365;545;480;620;425;695;505;450,330,65,5,0.942528735632184,0.6334682557787704,0.6334682557787704,0.8209399745268212,0.9681851048445409,0.026271390696553387,0.03181489515545915,4149,4017,109,132,0.5006566575457566,0.5006566575457566,0.8683071007099409,0.9922655494682565,0.010634869481147276,0.007734450531743474,3103,3079,33,24,0.9018607731989395,0.9018607731989395,0.786290455919273,0.8967495219885278,0.07265774378585087,0.10325047801147227,1046,938,76,108,0.9681851048445409,0.026271390696553387,0.03181489515545915
S21,20,Uniform,2,300;700,400,0,0,0.8177339901477834,0.662074646325469,0.662074646325469,0.7628724092048386,0.9115449505905038,0.606411183417691,0.08845504940949626,4149,3782,2516,367,0.662074646325469,0.662074646325469,0.7628724092048386,0.9115449505905038,0.606411183417691,0.08845504940949626,4149,3782,2516,367,,,,,,,0,0,0,0,0.9115449505905038,0.606411183417691,0.08845504940949626
S21,20,Uniform,3,300;500;700,400,0,0,0.8927203065134102,0.6437700972203241,0.6437700972203241,0.7853883294414046,0.9363702096890817,0.18775608580380815,0.0636297903109183,4149,3885,779,264,0.6437700972203241,0.6437700972203241,0.7853883294414046,0.9363702096890817,0.18775608580380815,0.0636297903109183,4149,3885,779,264,,,,,,,0,0,0,0,0.9363702096890817,0.18775608580380815,0.0636297903109183
S21,20,Uniform,4,300;435;565;700,400,0,0,0.9792008757526,0.6398349795176516,0.6398349795176518,0.7708309291668166,0.9983128464690287,0.1099060014461316,0.0016871535309713184,4149,4142,456,7,0.6398349795176516,0.6398349795176518,0.7708309291668166,0.9983128464690287,0.1099060014461316,0.0016871535309713184,4149,4142,456,7,,,,,,,0,0,0,0,0.9983128464690287,0.1099060014461316,0.0016871535309713184
S21,20,Uniform,6,300;380;460;540;620;700,400,0,0,0.9748221127531476,0.5742383875419789,0.5742383875419789,0.8212778860219655,0.9983128464690287,0.04338394793926247,0.0016871535309713184,4149,4142,180,7,0.5742383875419789,0.5742383875419789,0.8212778860219655,0.9983128464690287,0.04338394793926247,0.0016871535309713184,4149,4142,180,7,,,,,,,0,0,0,0,0.9983128464690287,0.04338394793926247,0.0016871535309713184
S21,20,Uniform,8,300;355;415;470;530;585;645;700,400,0,0,0.9890530925013684,0.5493426874227995,0.5493426874227996,0.8358212260565356,0.9983128464690287,0.023620149433598456,0.0016871535309713184,4149,4142,98,7,0.5493426874227995,0.5493426874227996,0.8358212260565356,0.9983128464690287,0.023620149433598456,0.0016871535309713184,4149,4142,98,7,,,,,,,0,0,0,0,0.9983128464690287,0.023620149433598456,0.0016871535309713184
S22,21,NAIG,2,365;695,330,65,5,0.9392446633825944,0.5834917585256404,0.5834917585256405,0.8343705383332308,0.9681851048445409,0.7705471197879007,0.03181489515545915,4149,4017,3197,132,0.5032092945284421,0.5032092945284421,0.8641656512948225,0.9922655494682565,0.7776345472123751,0.007734450531743474,3103,3079,2413,24,0.7734200137851954,0.7734200137851956,0.8437142939917258,0.8967495219885278,0.7495219885277247,0.10325047801147227,1046,938,784,108,0.9681851048445409,0.7705471197879007,0.03181489515545915
S22,21,NAIG,3,365;695;425,330,65,5,0.9512862616310894,0.5610275765511509,0.5610275765511508,0.8593257286383392,0.9681851048445409,0.06531694384188962,0.03181489515545915,4149,4017,271,132,0.4677156905497314,0.46771569054973144,0.8870720303954265,0.9922655494682565,0.04189494038027715,0.007734450531743474,3103,3079,130,24,0.7735102378016506,0.7735102378016507,0.8437579793268268,0.8967495219885278,0.13479923518164436,0.10325047801147227,1046,938,141,108,0.9681851048445409,0.06531694384188962,0.03181489515545915
S22,21,NAIG,4,365;695;425;545,330,65,5,0.9501915708812262,0.530947916368783,0.530947916368783,0.8663943090928538,0.9681851048445409,0.06531694384188962,0.03181489515545915,4149,4017,271,132,0.41803932828208834,0.41803932828208845,0.9085144008108923,0.9922655494682565,0.04189494038027715,0.007734450531743474,3103,3079,130,24,0.7735781885633661,0.7735781885633664,0.8435515868013583,0.8967495219885278,0.13479923518164436,0.10325047801147227,1046,938,141,108,0.9681851048445409,0.06531694384188962,0.03181489515545915
S22,21,NAIG,6,365;695;425;545;480;620,330,65,5,0.9518336070060208,0.524098261395611,0.524098261395611,0.8714549280583114,0.9681851048445409,0.049168474331164135,0.03181489515545915,4149,4017,204,132,0.40626797021036076,0.40626797021036076,0.9137592091043605,0.9922655494682565,0.02868192072188205,0.007734450531743474,3103,3079,89,24,0.7736356588832388,0.773635658883239,0.8434892947811313,0.8967495219885278,0.10994263862332695,0.10325047801147227,1046,938,115,108,0.9681851048445409,0.049168474331164135,0.03181489515545915
S22,21,NAIG,8,365;695;425;545;480;620;315;335,380,15,5,0.952928297755884,0.5959221833485138,0.5959221833485138,0.808018659262276,0.9980718245360328,0.008676789587852495,0.001928175463967221,4149,4141,36,8,0.5636045529634989,0.563604552963499,0.8260902965420115,0.9989690721649485,0.005670103092783505,0.0010309278350515464,3880,3876,22,4,1.0684669997017402,1.0684669997017402,0.8384370658207253,0.9851301115241635,0.05204460966542751,0.01486988847583643,269,265,14,4,0.9980718245360328,0.008676789587852495,0.001928175463967221
S22,21,Uniform,2,300;700,400,0,0,0.8489326765188835,0.6056297417454498,0.6056297417454498,0.82326233878717,0.9115449505905038,0.606411183417691,0.08845504940949626,4149,3782,2516,367,0.6056297417454498,0.6056297417454498,0.82326233878717,0.9115449505905038,0.606411183417691,0.08845504940949626,4149,3782,2516,367,,,,,,,0,0,0,0,0.9115449505905038,0.606411183417691,0.08845504940949626
S22,21,Uniform,3,300;500;700,400,0,0,0.8949096880131364,0.5839165807504517,0.5839165807504518,0.8370572009223035,0.9363702096890817,0.18775608580380815,0.0636297903109183,4149,3885,779,264,0.5839165807504517,0.5839165807504518,0.8370572009223035,0.9363702096890817,0.18775608580380815,0.0636297903109183,4149,3885,779,264,,,,,,,0,0,0,0,0.9363702096890817,0.18775608580380815,0.0636297903109183
S22,21,Uniform,4,300;435;565;700,400,0,0,0.9605911330049264,0.5588484497197718,0.5588484497197717,0.8304269309603818,0.9983128464690287,0.1099060014461316,0.0016871535309713184,4149,4142,456,7,0.5588484497197718,0.5588484497197717,0.8304269309603818,0.9983128464690287,0.1099060014461316,0.0016871535309713184,4149,4142,456,7,,,,,,,0,0,0,0,0.9983128464690287,0.1099060014461316,0.0016871535309713184
S22,21,Uniform,6,300;380;460;540;620;700,400,0,0,0.981937602627258,0.4786111274389454,0.4786111274389453,0.8829578592295221,0.9983128464690287,0.04338394793926247,0.0016871535309713184,4149,4142,180,7,0.4786111274389454,0.4786111274389453,0.8829578592295221,0.9983128464690287,0.04338394793926247,0.0016871535309713184,4149,4142,180,7,,,,,,,0,0,0,0,0.9983128464690287,0.04338394793926247,0.0016871535309713184
S22,21,Uniform,8,300;355;415;470;530;585;645;700,400,0,0,0.9906951286261632,0.46620927543182694,0.4662092754318269,0.884720308256242,0.9983128464690287,0.023620149433598456,0.0016871535309713184,4149,4142,98,7,0.46620927543182694,0.4662092754318269,0.884720308256242,0.9983128464690287,0.023620149433598456,0.0016871535309713184,4149,4142,98,7,,,,,,,0,0,0,0,0.9983128464690287,0.023620149433598456,0.0016871535309713184
S23,22,NAIG,2,400;660,260,100,40,0.794745484400657,0.29765382218665165,0.29765382218665165,0.9559735654074422,0.9402265606170161,0.5726681127982647,0.05977343938298385,4149,3901,2376,248,0.3061980556978407,0.30619805569784064,0.9648038753719665,0.9882591093117409,0.5647773279352226,0.01174089068825911,2470,2441,1395,29,0.29141665943263945,0.29141665943263945,0.9575698464623622,0.8695652173913043,0.5842763549731983,0.13043478260869565,1679,1460,981,219,0.9402265606170161,0.5726681127982647,0.05977343938298385
S23,22,NAIG,3,400;660;620,260,100,40,0.8631636562671046,0.3003173944670355,0.3003173944670355,0.9563948996467442,0.9402265606170161,0.43552663292359606,0.05977343938298385,4149,3901,1807,248,0.3117390991771796,0.3117390991771796,0.9696479502070108,0.9882591093117409,0.39878542510121456,0.01174089068825911,2470,2441,985,29,0.29191150550810213,0.29191150550810213,0.9573154299195525,0.8695652173913043,0.48957712924359736,0.13043478260869565,1679,1460,822,219,0.9402265606170161,0.43552663292359606,0.05977343938298385
S23,22,NAIG,4,400;660;620;535,260,100,40,0.8675424192665572,0.2995580076321036,0.2995580076321036,0.9555739544234509,0.9402265606170161,0.17329476982405398,0.05977343938298385,4149,3901,719,248,0.3101474123433819,0.31014741234338183,0.9647819239859265,0.9882591093117409,0.11497975708502024,0.01174089068825911,2470,2441,284,29,0.2917829348961728,0.2917829348961728,0.9574740335625159,0.8695652173913043,0.2590827873734366,0.13043478260869565,1679,1460,435,219,0.9402265606170161,0.17329476982405398,0.05977343938298385
S23,22,NAIG,6,400;660;620;535;365;435,295,65,40,0.9649698960043788,0.29208647927337755,0.2920864792733776,0.9583510899915892,0.9766208724993974,0.019763798505664017,0.023379127500602555,4149,4052,82,97,0.27726380853778143,0.2772638085377815,0.9673985860990204,0.9952638700947226,0.006765899864682003,0.004736129905277402,2956,2942,20,14,0.3087932162263606,0.3087932162263605,0.9511697640454354,0.9304274937133278,0.051969823973176864,0.06957250628667226,1193,1110,62,83,0.9766208724993974,0.019763798505664017,0.023379127500602555
S23,22,NAIG,8,400;660;620;535;365;435;695;505,330,65,5,0.970990695128626,0.29217226849078376,0.2921722684907838,0.9573301177063931,0.9766208724993974,0.019763798505664017,0.023379127500602555,4149,4052,82,97,0.27625365515807565,0.2762536551580756,0.9646237477021239,0.9954882371898163,0.006445375443119562,0.0045117628101836935,3103,3089,20,14,0.31086148957242477,0.31086148957242477,0.9505298137917689,0.9206500956022945,0.05927342256214149,0.07934990439770555,1046,963,62,83,0.9766208724993974,0.019763798505664017,0.023379127500602555
S23,22,Uniform,2,300;700,400,0,0,0.7728516694033938,0.2543826308307444,0.2543826308307444,0.968179106193197,0.9115449505905038,0.606411183417691,0.08845504940949626,4149,3782,2516,367,0.2543826308307444,0.2543826308307444,0.968179106193197,0.9115449505905038,0.606411183417691,0.08845504940949626,4149,3782,2516,367,,,,,,,0,0,0,0,0.9115449505905038,0.606411183417691,0.08845504940949626
S23,22,Uniform,3,300;500;700,400,0,0,0.912424740010947,0.2504417184024785,0.2504417184024785,0.9717251609995224,0.9363702096890817,0.18775608580380815,0.0636297903109183,4149,3885,779,264,0.2504417184024785,0.2504417184024785,0.9717251609995224,0.9363702096890817,0.18775608580380815,0.0636297903109183,4149,3885,779,264,,,,,,,0,0,0,0,0.9363702096890817,0.18775608580380815,0.0636297903109183
S23,22,Uniform,4,300;435;565;700,400,0,0,0.9638752052545156,0.24865355520133717,0.24865355520133714,0.9706384992859524,0.9983128464690287,0.1099060014461316,0.0016871535309713184,4149,4142,456,7,0.24865355520133717,0.24865355520133714,0.9706384992859524,0.9983128464690287,0.1099060014461316,0.0016871535309713184,4149,4142,456,7,,,,,,,0,0,0,0,0.9983128464690287,0.1099060014461316,0.0016871535309713184
S23,22,Uniform,6,300;380;460;540;620;700,400,0,0,0.9605911330049262,0.21414230430522538,0.21414230430522535,0.9768578586609172,0.9983128464690287,0.04338394793926247,0.0016871535309713184,4149,4142,180,7,0.21414230430522538,0.21414230430522535,0.9768578586609172,0.9983128464690287,0.04338394793926247,0.0016871535309713184,4149,4142,180,7,,,,,,,0,0,0,0,0.9983128464690287,0.04338394793926247,0.0016871535309713184
S23,22,Uniform,8,300;355;415;470;530;585;645;700,400,0,0,0.983032293377121,0.18273503558081114,0.1827350355808111,0.9833177891311555,0.9983128464690287,0.023620149433598456,0.0016871535309713184,4149,4142,98,7,0.18273503558081114,0.1827350355808111,0.9833177891311555,0.9983128464690287,0.023620149433598456,0.0016871535309713184,4149,4142,98,7,,,,,,,0,0,0,0,0.9983128464690287,0.023620149433598456,0.0016871535309713184
S24,23,NAIG,2,365;425,60,65,275,0.8702791461412153,0.2923005490473331,0.29230054904733316,0.9578439393650388,0.9681851048445409,0.19040732706676308,0.03181489515545915,4149,4017,790,132,0.2582955475573408,0.2582955475573408,0.9661125413352146,0.9733036707452726,0.17908787541713014,0.026696329254727477,899,875,161,24,0.30482550512303,0.3048255051230301,0.9550348957033489,0.9667692307692307,0.19353846153846155,0.03323076923076923,3250,3142,629,108,0.9681851048445409,0.19040732706676308,0.03181489515545915
S24,23,NAIG,3,365;425;480,115,65,220,0.9151614668856048,0.2916590811751421,0.29165908117514217,0.9584681640154713,0.9681851048445409,0.049168474331164135,0.03181489515545915,4149,4017,204,132,0.28349360269919854,0.2834936026991986,0.9589814610225575,0.9847328244274809,0.056615776081424936,0.015267175572519083,1572,1548,89,24,0.29857956704880584,0.29857956704880584,0.9602718171816392,0.9580908032596042,0.0446255335661622,0.04190919674039581,2577,2469,115,108,0.9681851048445409,0.049168474331164135,0.03181489515545915
S24,23,NAIG,4,365;425;480;620,255,65,80,0.9173508483853312,0.28862972596899683,0.2886297259689969,0.9585269089740464,0.9681851048445409,0.049168474331164135,0.03181489515545915,4149,4017,204,132,0.26220118957887256,0.2622011895788726,0.9650363434035069,0.9912280701754386,0.03252923976608187,0.008771929824561403,2736,2712,89,24,0.3288142841578728,0.32881428415787284,0.9504053715728394,0.9235668789808917,0.08138711960368011,0.07643312101910828,1413,1305,115,108,0.9681851048445409,0.049168474331164135,0.03181489515545915
S24,23,NAIG,6,365;425;480;620;545;330,290,30,80,0.9507389162561576,0.31299623433473295,0.31299623433473295,0.9522586669359164,0.9893950349481803,0.021209930103639432,0.010604965051819716,4149,4105,88,44,0.2963992893519958,0.2963992893519957,0.9555901707335817,0.9957173447537473,0.016518813092688895,0.004282655246252677,3269,3255,54,14,0.3729463747015119,0.3729463747015119,0.9491581892030262,0.9659090909090909,0.038636363636363635,0.03409090909090909,880,850,34,30,0.9893950349481803,0.021209930103639432,0.010604965051819716
S24,23,NAIG,8,365;425;480;620;545;330;505;305,315,5,80,0.9759168035030104,0.35184465955960864,0.35184465955960864,0.9365100277359081,0.9983128464690287,0.009640877319836105,0.0016871535309713184,4149,4142,40,7,0.3497682221065623,0.3497682221065622,0.936915169777839,0.9983695652173913,0.00923913043478261,0.0016304347826086956,3680,3674,34,6,0.38047152632604236,0.38047152632604236,0.9519847101962791,0.997867803837953,0.01279317697228145,0.0021321961620469083,469,468,6,1,0.9983128464690287,0.009640877319836105,0.0016871535309713184
S24,23,Uniform,2,300;700,400,0,0,0.8489326765188834,0.33013369041102064,0.33013369041102064,0.9440117535998497,0.9115449505905038,0.606411183417691,0.08845504940949626,4149,3782,2516,367,0.33013369041102064,0.33013369041102064,0.9440117535998497,0.9115449505905038,0.606411183417691,0.08845504940949626,4149,3782,2516,367,,,,,,,0,0,0,0,0.9115449505905038,0.606411183417691,0.08845504940949626
S24,23,Uniform,3,300;500;700,400,0,0,0.926655719759168,0.3087848663628696,0.30878486636286956,0.9525798686480056,0.9363702096890817,0.18775608580380815,0.0636297903109183,4149,3885,779,264,0.3087848663628696,0.30878486636286956,0.9525798686480056,0.9363702096890817,0.18775608580380815,0.0636297903109183,4149,3885,779,264,,,,,,,0,0,0,0,0.9363702096890817,0.18775608580380815,0.0636297903109183
S24,23,Uniform,4,300;435;565;700,400,0,0,0.9589490968801314,0.3058499866893925,0.30584998668939256,0.9527391164660464,0.9983128464690287,0.1099060014461316,0.0016871535309713184,4149,4142,456,7,0.3058499866893925,0.30584998668939256,0.9527391164660464,0.9983128464690287,0.1099060014461316,0.0016871535309713184,4149,4142,456,7,,,,,,,0,0,0,0,0.9983128464690287,0.1099060014461316,0.0016871535309713184
S24,23,Uniform,6,300;380;460;540;620;700,400,0,0,0.9649698960043788,0.2778045953521917,0.27780459535219165,0.9625195846062291,0.9983128464690287,0.04338394793926247,0.0016871535309713184,4149,4142,180,7,0.2778045953521917,0.27780459535219165,0.9625195846062291,0.9983128464690287,0.04338394793926247,0.0016871535309713184,4149,4142,180,7,,,,,,,0,0,0,0,0.9983128464690287,0.04338394793926247,0.0016871535309713184
S24,23,Uniform,8,300;355;415;470;530;585;645;700,400,0,0,0.9797482211275312,0.2705126469652889,0.2705126469652889,0.9627229468886859,0.9983128464690287,0.023620149433598456,0.0016871535309713184,4149,4142,98,7,0.2705126469652889,0.2705126469652889,0.9627229468886859,0.9983128464690287,0.023620149433598456,0.0016871535309713184,4149,4142,98,7,,,,,,,0,0,0,0,0.9983128464690287,0.023620149433598456,0.0016871535309713184
S25,24,NAIG,2,365;425,60,65,275,0.9540229885057472,0.21786608453076753,0.21786608453076753,0.9788665570925438,0.9681851048445409,0.19040732706676308,0.03181489515545915,4149,4017,790,132,0.18051766338444486,0.18051766338444483,0.985280043771039,0.9733036707452726,0.17908787541713014,0.026696329254727477,899,875,161,24,0.23207150261363518,0.2320715026136352,0.97618221564953,0.9667692307692307,0.19353846153846155,0.03323076923076923,3250,3142,629,108,0.9681851048445409,0.19040732706676308,0.03181489515545915
S25,24,NAIG,3,365;425;480,115,65,220,0.9540229885057472,0.20928158218396903,0.20928158218396908,0.9795661885950809,0.9681851048445409,0.049168474331164135,0.03181489515545915,4149,4017,204,132,0.2348770473236328,0.23487704732363276,0.9752502885768454,0.9847328244274809,0.056615776081424936,0.015267175572519083,1572,1548,89,24,0.19130481221604426,0.1913048122160443,0.982514742034076,0.9580908032596042,0.0446255335661622,0.04190919674039581,2577,2469,115,108,0.9681851048445409,0.049168474331164135,0.03181489515545915
S25,24,NAIG,4,365;425;480;620,255,65,80,0.9578544061302684,0.2075317124760453,0.20753171247604532,0.979782486523331,0.9681851048445409,0.049168474331164135,0.03181489515545915,4149,4017,204,132,0.22939358143076138,0.22939358143076136,0.9758317591335121,0.9912280701754386,0.03252923976608187,0.008771929824561403,2736,2712,89,24,0.1870084331552863,0.18700843315528629,0.983279040635466,0.9235668789808917,0.08138711960368011,0.07643312101910828,1413,1305,115,108,0.9681851048445409,0.049168474331164135,0.03181489515545915
S25,24,NAIG,6,365;425;480;620;660;695,330,65,5,0.9507389162561576,0.20688332502879436,0.20688332502879436,0.979964226386082,0.9681851048445409,0.049168474331164135,0.03181489515545915,4149,4017,204,132,0.22596667144096283,0.22596667144096277,0.9764262471903684,0.9922655494682565,0.02868192072188205,0.007734450531743474,3103,3079,89,24,0.1877759337765748,0.18777593377657478,0.9832822394197039,0.8967495219885278,0.10994263862332695,0.10325047801147227,1046,938,115,108,0.9681851048445409,0.049168474331164135,0.03181489515545915
S25,24,NAIG,8,365;425;480;620;660;695;450;505,330,65,5,0.9507389162561576,0.18649537909092156,0.18649537909092162,0.9829942386158024,0.9681851048445409,0.026271390696553387,0.03181489515545915,4149,4017,109,132,0.1850523404298631,0.18505234042986307,0.9828868047224868,0.9922655494682565,0.010634869481147276,0.007734450531743474,3103,3079,33,24,0.1878030735246606,0.18780307352466058,0.9832721249850391,0.8967495219885278,0.07265774378585087,0.10325047801147227,1046,938,76,108,0.9681851048445409,0.026271390696553387,0.03181489515545915
S25,24,Uniform,2,300;700,400,0,0,0.7909140667761357,0.2725650824699425,0.27256508246994243,0.9650204758189125,0.9115449505905038,0.606411183417691,0.08845504940949626,4149,3782,2516,367,0.2725650824699425,0.27256508246994243,0.9650204758189125,0.9115449505905038,0.606411183417691,0.08845504940949626,4149,3782,2516,367,,,,,,,0,0,0,0,0.9115449505905038,0.606411183417691,0.08845504940949626
S25,24,Uniform,3,300;500;700,400,0,0,0.9578544061302684,0.26050586664241066,0.26050586664241077,0.9736527795287035,0.9363702096890817,0.18775608580380815,0.0636297903109183,4149,3885,779,264,0.26050586664241066,0.26050586664241077,0.9736527795287035,0.9363702096890817,0.18775608580380815,0.0636297903109183,4149,3885,779,264,,,,,,,0,0,0,0,0.9363702096890817,0.18775608580380815,0.0636297903109183
S25,24,Uniform,4,300;435;565;700,400,0,0,0.9469074986316364,0.2696569660732324,0.2696569660732324,0.96848156200734,0.9983128464690287,0.1099060014461316,0.0016871535309713184,4149,4142,456,7,0.2696569660732324,0.2696569660732324,0.96848156200734,0.9983128464690287,0.1099060014461316,0.0016871535309713184,4149,4142,456,7,,,,,,,0,0,0,0,0.9983128464690287,0.1099060014461316,0.0016871535309713184
S25,24,Uniform,6,300;380;460;540;620;700,400,0,0,0.986863711001642,0.23292599844540415,0.23292599844540424,0.9741388612397209,0.9983128464690287,0.04338394793926247,0.0016871535309713184,4149,4142,180,7,0.23292599844540415,0.23292599844540424,0.9741388612397209,0.9983128464690287,0.04338394793926247,0.0016871535309713184,4149,4142,180,7,,,,,,,0,0,0,0,0.9983128464690287,0.04338394793926247,0.0016871535309713184
S25,24,Uniform,8,300;355;415;470;530;585;645;700,400,0,0,0.9950738916256158,0.19199236371468273,0.19199236371468278,0.981545934333674,0.9983128464690287,0.023620149433598456,0.0016871535309713184,4149,4142,98,7,0.19199236371468273,0.19199236371468278,0.981545934333674,0.9983128464690287,0.023620149433598456,0.0016871535309713184,4149,4142,98,7,,,,,,,0,0,0,0,0.9983128464690287,0.023620149433598456,0.0016871535309713184
S26,25,NAIG,2,365;425,60,65,275,0.8232074438970991,0.24521383013235956,0.24521383013235956,0.9701265846523147,0.9681851048445409,0.19040732706676308,0.03181489515545915,4149,4017,790,132,0.1933395364696006,0.19333953646960061,0.9815889658742364,0.9733036707452726,0.17908787541713014,0.026696329254727477,899,875,161,24,0.2621662587882019,0.2621662587882018,0.9657670131262088,0.9667692307692307,0.19353846153846155,0.03323076923076923,3250,3142,629,108,0.9681851048445409,0.19040732706676308,0.03181489515545915
S26,25,NAIG,3,365;425;620,255,65,80,0.8494800218938151,0.24631792407702036,0.2463179240770203,0.9697775117318898,0.9681851048445409,0.06531694384188962,0.03181489515545915,4149,4017,271,132,0.2234582629713009,0.22345826297130084,0.9748442647408397,0.9912280701754386,0.04751461988304093,0.008771929824561403,2736,2712,130,24,0.27816287068083156,0.2781628706808316,0.9660693820083214,0.9235668789808917,0.09978768577494693,0.07643312101910828,1413,1305,141,108,0.9681851048445409,0.06531694384188962,0.03181489515545915
S26,25,NAIG,4,365;425;620;545,255,65,80,0.8949096880131364,0.24569924374189867,0.2456992437418987,0.9698954468220757,0.9681851048445409,0.06531694384188962,0.03181489515545915,4149,4017,271,132,0.22490891210512942,0.22490891210512942,0.9745056063699999,0.9912280701754386,0.04751461988304093,0.008771929824561403,2736,2712,130,24,0.2749275519627984,0.2749275519627984,0.966677686431558,0.9235668789808917,0.09978768577494693,0.07643312101910828,1413,1305,141,108,0.9681851048445409,0.06531694384188962,0.03181489515545915
S26,25,NAIG,6,365;425;620;545;475;345,275,45,80,0.9386973180076628,0.26119079825337316,0.2611907982533731,0.9681656653258283,0.9930103639431188,0.036153289949385395,0.0069896360568811764,4149,4120,150,29,0.2510704629147643,0.25107046291476426,0.9688488243729478,0.9990112063282794,0.018787079762689517,0.000988793671720501,3034,3031,57,3,0.2834051286245553,0.2834051286245553,0.9699408728331976,0.9766816143497757,0.08340807174887892,0.023318385650224215,1115,1089,93,26,0.9930103639431188,0.036153289949385395,0.0069896360568811764
S26,25,NAIG,8,365;425;620;545;475;345;505;305,315,5,80,0.9512862616310892,0.26255359749801127,0.2625535974980112,0.9649808584146612,0.997589780670041,0.00457941672692215,0.002410219329959026,4149,4139,19,10,0.25886281889986945,0.25886281889986934,0.9662978467814387,0.9978260869565218,0.004347826086956522,0.002173913043478261,3680,3672,16,8,0.3119486497468118,0.3119486497468118,0.9676048989354991,0.9957356076759062,0.006396588486140725,0.0042643923240938165,469,467,3,2,0.997589780670041,0.00457941672692215,0.002410219329959026
S26,25,Uniform,2,300;700,400,0,0,0.8149972632731255,0.27576729119338256,0.27576729119338245,0.9622722100514295,0.9115449505905038,0.606411183417691,0.08845504940949626,4149,3782,2516,367,0.27576729119338256,0.27576729119338245,0.9622722100514295,0.9115449505905038,0.606411183417691,0.08845504940949626,4149,3782,2516,367,,,,,,,0,0,0,0,0.9115449505905038,0.606411183417691,0.08845504940949626
S26,25,Uniform,3,300;500;700,400,0,0,0.9146141215106732,0.2572379138865162,0.2572379138865161,0.9695460513017461,0.9363702096890817,0.18775608580380815,0.0636297903109183,4149,3885,779,264,0.2572379138865162,0.2572379138865161,0.9695460513017461,0.9363702096890817,0.18775608580380815,0.0636297903109183,4149,3885,779,264,,,,,,,0,0,0,0,0.9363702096890817,0.18775608580380815,0.0636297903109183
S26,25,Uniform,4,300;435;565;700,400,0,0,0.921729611384784,0.28465967036693757,0.2846596703669375,0.9586351710066259,0.9983128464690287,0.1099060014461316,0.0016871535309713184,4149,4142,456,7,0.28465967036693757,0.2846596703669375,0.9586351710066259,0.9983128464690287,0.1099060014461316,0.0016871535309713184,4149,4142,456,7,,,,,,,0,0,0,0,0.9983128464690287,0.1099060014461316,0.0016871535309713184
S26,25,Uniform,6,300;380;460;540;620;700,400,0,0,0.971538040503558,0.234144126848677,0.23414412684867691,0.9734812962972811,0.9983128464690287,0.04338394793926247,0.0016871535309713184,4149,4142,180,7,0.234144126848677,0.23414412684867691,0.9734812962972811,0.9983128464690287,0.04338394793926247,0.0016871535309713184,4149,4142,180,7,,,,,,,0,0,0,0,0.9983128464690287,0.04338394793926247,0.0016871535309713184
S26,25,Uniform,8,300;355;415;470;530;585;645;700,400,0,0,0.9906951286261632,0.2241978829867014,0.22419788298670132,0.9745602909209181,0.9983128464690287,0.023620149433598456,0.0016871535309713184,4149,4142,98,7,0.2241978829867014,0.22419788298670132,0.9745602909209181,0.9983128464690287,0.023620149433598456,0.0016871535309713184,4149,4142,98,7,,,,,,,0,0,0,0,0.9983128464690287,0.023620149433598456,0.0016871535309713184
S27,26,NAIG,2,365;620,255,65,80,0.950191570881226,0.24044831225049004,0.24044831225049001,0.9721536766340129,0.9681851048445409,0.6244878283923837,0.03181489515545915,4149,4017,2591,132,0.2296125169687946,0.22961251696879456,0.974153750913589,0.9912280701754386,0.623172514619883,0.008771929824561403,2736,2712,1705,24,0.2570249198495764,0.2570249198495765,0.9692155438781455,0.9235668789808917,0.627034677990092,0.07643312101910828,1413,1305,886,108,0.9681851048445409,0.6244878283923837,0.03181489515545915
S27,26,NAIG,3,365;620;545,255,65,80,0.9578544061302684,0.23844468472449767,0.23844468472449762,0.9726175677210835,0.9681851048445409,0.22294528802120994,0.03181489515545915,4149,4017,925,132,0.22700130642877753,0.22700130642877747,0.9746778385846758,0.9912280701754386,0.1962719298245614,0.008771929824561403,2736,2712,537,24,0.2558889975765094,0.25588899757650946,0.9696621004646149,0.9235668789808917,0.2745930644019816,0.07643312101910828,1413,1305,388,108,0.9681851048445409,0.22294528802120994,0.03181489515545915
S27,26,NAIG,4,365;620;545;450,255,65,80,0.956759715380405,0.24452900396573884,0.24452900396573884,0.9717413838756667,0.9681851048445409,0.10315738732224633,0.03181489515545915,4149,4017,428,132,0.23446183118246333,0.23446183118246336,0.9734321153368447,0.9912280701754386,0.08114035087719298,0.008771929824561403,2736,2712,222,24,0.26000279415827054,0.26000279415827054,0.969338017344849,0.9235668789808917,0.14578910120311395,0.07643312101910828,1413,1305,206,108,0.9681851048445409,0.10315738732224633,0.03181489515545915
S27,26,NAIG,6,365;620;545;450;425;685,320,65,15,0.9315818281335524,0.2362743794849819,0.23627437948498184,0.9727827874052392,0.9681851048445409,0.026271390696553387,0.03181489515545915,4149,4017,109,132,0.21908592115515124,0.2190859211551512,0.9760588009032586,0.9921722113502935,0.010763209393346379,0.007827788649706457,3066,3042,33,24,0.26721898729179305,0.2672189872917931,0.9672904900334318,0.9002770083102493,0.07017543859649122,0.0997229916897507,1083,975,76,108,0.9681851048445409,0.026271390696553387,0.03181489515545915
S27,26,NAIG,8,365;620;545;450;425;685;475;505,320,65,15,0.9381499726327313,0.22744283016075906,0.22744283016075897,0.9743244789050548,0.9681851048445409,0.026271390696553387,0.03181489515545915,4149,4017,109,132,0.2051594754563131,0.20515947545631308,0.9787366784100934,0.9921722113502935,0.010763209393346379,0.007827788649706457,3066,3042,33,24,0.2663069746089957,0.2663069746089956,0.9676081519935,0.9002770083102493,0.07017543859649122,0.0997229916897507,1083,975,76,108,0.9681851048445409,0.026271390696553387,0.03181489515545915
S27,26,Uniform,2,300;700,400,0,0,0.8773946360153257,0.27385786612778934,0.2738578661277893,0.9619251599407743,0.9115449505905038,0.606411183417691,0.08845504940949626,4149,3782,2516,367,0.27385786612778934,0.2738578661277893,0.9619251599407743,0.9115449505905038,0.606411183417691,0.08845504940949626,4149,3782,2516,367,,,,,,,0,0,0,0,0.9115449505905038,0.606411183417691,0.08845504940949626
S27,26,Uniform,3,300;500;700,400,0,0,0.9523809523809524,0.2356427467533974,0.23564274675339733,0.9723697440082845,0.9363702096890817,0.18775608580380815,0.0636297903109183,4149,3885,779,264,0.2356427467533974,0.23564274675339733,0.9723697440082845,0.9363702096890817,0.18775608580380815,0.0636297903109183,4149,3885,779,264,,,,,,,0,0,0,0,0.9363702096890817,0.18775608580380815,0.0636297903109183
S27,26,Uniform,4,300;435;565;700,400,0,0,0.9584017515052,0.2374021473942308,0.23740214739423077,0.9715801379523779,0.9983128464690287,0.1099060014461316,0.0016871535309713184,4149,4142,456,7,0.2374021473942308,0.23740214739423077,0.9715801379523779,0.9983128464690287,0.1099060014461316,0.0016871535309713184,4149,4142,456,7,,,,,,,0,0,0,0,0.9983128464690287,0.1099060014461316,0.0016871535309713184
S27,26,Uniform,6,300;380;460;540;620;700,400,0,0,0.9693486590038314,0.21649719292924052,0.2164971929292405,0.9769926488538364,0.9983128464690287,0.04338394793926247,0.0016871535309713184,4149,4142,180,7,0.21649719292924052,0.2164971929292405,0.9769926488538364,0.9983128464690287,0.04338394793926247,0.0016871535309713184,4149,4142,180,7,,,,,,,0,0,0,0,0.9983128464690287,0.04338394793926247,0.0016871535309713184
S27,26,Uniform,8,300;355;415;470;530;585;645;700,400,0,0,0.9748221127531472,0.2131811646475677,0.21318116464756773,0.9771014758419247,0.9983128464690287,0.023620149433598456,0.0016871535309713184,4149,4142,98,7,0.2131811646475677,0.21318116464756773,0.9771014758419247,0.9983128464690287,0.023620149433598456,0.0016871535309713184,4149,4142,98,7,,,,,,,0,0,0,0,0.9983128464690287,0.023620149433598456,0.0016871535309713184
S28,27,NAIG,2,365;425,60,65,275,0.9496442255062946,0.18301208491652401,0.18301208491652404,0.9834223957895636,0.9681851048445409,0.19040732706676308,0.03181489515545915,4149,4017,790,132,0.1701532871054708,0.17015328710547079,0.9856674951108423,0.9733036707452726,0.17908787541713014,0.026696329254727477,899,875,161,24,0.1871191682795105,0.1871191682795105,0.9826712071817915,0.9667692307692307,0.19353846153846155,0.03323076923076923,3250,3142,629,108,0.9681851048445409,0.19040732706676308,0.03181489515545915
S28,27,NAIG,3,365;425;620,255,65,80,0.9518336070060208,0.17918064241347992,0.17918064241347992,0.9838537853660864,0.9681851048445409,0.06531694384188962,0.03181489515545915,4149,4017,271,132,0.17390986340313552,0.17390986340313547,0.9847615920914683,0.9912280701754386,0.04751461988304093,0.008771929824561403,2736,2712,130,24,0.18788293182334914,0.18788293182334917,0.9824692162214985,0.9235668789808917,0.09978768577494693,0.07643312101910828,1413,1305,141,108,0.9681851048445409,0.06531694384188962,0.03181489515545915
S28,27,NAIG,4,365;425;620;545,255,65,80,0.9584017515051996,0.1778006599241795,0.1778006599241795,0.984110571698134,0.9681851048445409,0.06531694384188962,0.03181489515545915,4149,4017,271,132,0.17265375421355053,0.1726537542135505,0.9849830684178489,0.9912280701754386,0.04751461988304093,0.008771929824561403,2736,2712,130,24,0.18630353938929506,0.18630353938929503,0.9828504849423606,0.9235668789808917,0.09978768577494693,0.07643312101910828,1413,1305,141,108,0.9681851048445409,0.06531694384188962,0.03181489515545915
S28,27,NAIG,6,365;425;620;545;465;335,285,35,80,0.9748221127531472,0.19727276279525682,0.19727276279525685,0.980547392856881,0.9915642323451435,0.025789346830561583,0.008435767654856591,4149,4114,107,35,0.19606085486928262,0.19606085486928254,0.9805924614098276,0.9971786833855799,0.017241379310344827,0.0028213166144200625,3190,3181,55,9,0.20114762480650486,0.2011476248065048,0.9824674521157476,0.97288842544317,0.054223149113660066,0.027111574556830033,959,933,52,26,0.9915642323451435,0.025789346830561583,0.008435767654856591
S28,27,NAIG,8,365;425;620;545;465;335;660;505,325,35,40,0.9781061850027366,0.18947049194149543,0.18947049194149543,0.9818996045067424,0.9915642323451435,0.025789346830561583,0.008435767654856591,4149,4114,107,35,0.18550879934787662,0.18550879934787665,0.9827221694965167,0.9973607038123167,0.016129032258064516,0.0026392961876832845,3410,3401,55,9,0.20440707676780276,0.20440707676780273,0.9813456915818101,0.9648173207036536,0.07036535859269283,0.035182679296346414,739,713,52,26,0.9915642323451435,0.025789346830561583,0.008435767654856591
S28,27,Uniform,2,300;700,400,0,0,0.9315818281335522,0.20888129621251886,0.20888129621251883,0.9779792736314376,0.9115449505905038,0.606411183417691,0.08845504940949626,4149,3782,2516,367,0.20888129621251886,0.20888129621251883,0.9779792736314376,0.9115449505905038,0.606411183417691,0.08845504940949626,4149,3782,2516,367,,,,,,,0,0,0,0,0.9115449505905038,0.606411183417691,0.08845504940949626
S28,27,Uniform,3,300;500;700,400,0,0,0.955665024630542,0.1949824094361355,0.19498240943613554,0.98188903044353,0.9363702096890817,0.18775608580380815,0.0636297903109183,4149,3885,779,264,0.1949824094361355,0.19498240943613554,0.98188903044353,0.9363702096890817,0.18775608580380815,0.0636297903109183,4149,3885,779,264,,,,,,,0,0,0,0,0.9363702096890817,0.18775608580380815,0.0636297903109183
S28,27,Uniform,4,300;435;565;700,400,0,0,0.9797482211275316,0.19297397467603222,0.1929739746760322,0.9812234764716483,0.9983128464690287,0.1099060014461316,0.0016871535309713184,4149,4142,456,7,0.19297397467603222,0.1929739746760322,0.9812234764716483,0.9983128464690287,0.1099060014461316,0.0016871535309713184,4149,4142,456,7,,,,,,,0,0,0,0,0.9983128464690287,0.1099060014461316,0.0016871535309713184
S28,27,Uniform,6,300;380;460;540;620;700,400,0,0,0.9786535303776684,0.18353297015490266,0.18353297015490264,0.9831060201998367,0.9983128464690287,0.04338394793926247,0.0016871535309713184,4149,4142,180,7,0.18353297015490266,0.18353297015490264,0.9831060201998367,0.9983128464690287,0.04338394793926247,0.0016871535309713184,4149,4142,180,7,,,,,,,0,0,0,0,0.9983128464690287,0.04338394793926247,0.0016871535309713184
S28,27,Uniform,8,300;355;415;470;530;585;645;700,400,0,0,0.9939792008757528,0.17438120901720391,0.1743812090172039,0.9848276937348605,0.9983128464690287,0.023620149433598456,0.0016871535309713184,4149,4142,98,7,0.17438120901720391,0.1743812090172039,0.9848276937348605,0.9983128464690287,0.023620149433598456,0.0016871535309713184,4149,4142,98,7,,,,,,,0,0,0,0,0.9983128464690287,0.023620149433598456,0.0016871535309713184
S30,28,NAIG,2,365;425,60,65,275,0.949096880131363,0.1914018211363729,0.1914018211363729,0.982361640228894,0.9681851048445409,0.19040732706676308,0.03181489515545915,4149,4017,790,132,0.17677910711155445,0.17677910711155445,0.9855247029798793,0.9733036707452726,0.17908787541713014,0.026696329254727477,899,875,161,24,0.19599787699880564,0.1959978769988056,0.9813306224719237,0.9667692307692307,0.19353846153846155,0.03323076923076923,3250,3142,629,108,0.9681851048445409,0.19040732706676308,0.03181489515545915
S30,28,NAIG,3,365;425;480,115,65,220,0.9682539682539684,0.1876274345635242,0.18762743456352418,0.9829688796053162,0.9681851048445409,0.049168474331164135,0.03181489515545915,4149,4017,204,132,0.18815986525225722,0.18815986525225725,0.9837317373280261,0.9847328244274809,0.056615776081424936,0.015267175572519083,1572,1548,89,24,0.18729042734009974,0.18729042734009976,0.982649891585105,0.9580908032596042,0.0446255335661622,0.04190919674039581,2577,2469,115,108,0.9681851048445409,0.049168474331164135,0.03181489515545915
S30,28,NAIG,4,365;425;480;620,255,65,80,0.9688013136289,0.18202395615364403,0.18202395615364406,0.9838172652272964,0.9681851048445409,0.049168474331164135,0.03181489515545915,4149,4017,204,132,0.18627497047767969,0.18627497047767974,0.9839319360626773,0.9912280701754386,0.03252923976608187,0.008771929824561403,2736,2712,89,24,0.17598049705030427,0.17598049705030427,0.9843948577627339,0.9235668789808917,0.08138711960368011,0.07643312101910828,1413,1305,115,108,0.9681851048445409,0.049168474331164135,0.03181489515545915
S30,28,NAIG,6,365;425;480;620;545;330,290,30,80,0.9852216748768474,0.19991659909698803,0.19991659909698806,0.9814507127032264,0.9893950349481803,0.021209930103639432,0.010604965051819716,4149,4105,88,44,0.20330137716945207,0.20330137716945215,0.9807571224646916,0.9957173447537473,0.016518813092688895,0.004282655246252677,3269,3255,54,14,0.1882452382951659,0.1882452382951659,0.9837495704642854,0.9659090909090909,0.038636363636363635,0.03409090909090909,880,850,34,30,0.9893950349481803,0.021209930103639432,0.010604965051819716
S30,28,NAIG,8,365;425;480;620;545;330;505;400,290,30,80,0.9917898193760264,0.1920741177875507,0.19207411778755074,0.9825018572646291,0.9893950349481803,0.01277416244878284,0.010604965051819716,4149,4105,53,44,0.19283477281859462,0.19283477281859465,0.9822717419346302,0.9957173447537473,0.00948302233098807,0.004282655246252677,3269,3255,31,14,0.18952728774451344,0.18952728774451347,0.9832846944616314,0.9659090909090909,0.025,0.03409090909090909,880,850,22,30,0.9893950349481803,0.01277416244878284,0.010604965051819716
S30,28,Uniform,2,300;700,400,0,0,0.8106185002736727,0.18703014480420446,0.18703014480420446,0.9823849279456622,0.9115449505905038,0.606411183417691,0.08845504940949626,4149,3782,2516,367,0.18703014480420446,0.18703014480420446,0.9823849279456622,0.9115449505905038,0.606411183417691,0.08845504940949626,4149,3782,2516,367,,,,,,,0,0,0,0,0.9115449505905038,0.606411183417691,0.08845504940949626
S30,28,Uniform,3,300;500;700,400,0,0,0.8500273672687466,0.17375960334957233,0.17375960334957236,0.9849124570266998,0.9363702096890817,0.18775608580380815,0.0636297903109183,4149,3885,779,264,0.17375960334957233,0.17375960334957236,0.9849124570266998,0.9363702096890817,0.18775608580380815,0.0636297903109183,4149,3885,779,264,,,,,,,0,0,0,0,0.9363702096890817,0.18775608580380815,0.0636297903109183
S30,28,Uniform,4,300;435;565;700,400,0,0,0.9578544061302684,0.18202224832899425,0.18202224832899422,0.9834006984617255,0.9983128464690287,0.1099060014461316,0.0016871535309713184,4149,4142,456,7,0.18202224832899425,0.18202224832899422,0.9834006984617255,0.9983128464690287,0.1099060014461316,0.0016871535309713184,4149,4142,456,7,,,,,,,0,0,0,0,0.9983128464690287,0.1099060014461316,0.0016871535309713184
S30,28,Uniform,6,300;380;460;540;620;700,400,0,0,0.971538040503558,0.1746912293487718,0.1746912293487718,0.9846799148195332,0.9983128464690287,0.04338394793926247,0.0016871535309713184,4149,4142,180,7,0.1746912293487718,0.1746912293487718,0.9846799148195332,0.9983128464690287,0.04338394793926247,0.0016871535309713184,4149,4142,180,7,,,,,,,0,0,0,0,0.9983128464690287,0.04338394793926247,0.0016871535309713184
S30,28,Uniform,8,300;355;415;470;530;585;645;700,400,0,0,0.9846743295019156,0.15785883770970807,0.1578588377097081,0.9876979322419306,0.9983128464690287,0.023620149433598456,0.0016871535309713184,4149,4142,98,7,0.15785883770970807,0.1578588377097081,0.9876979322419306,0.9983128464690287,0.023620149433598456,0.0016871535309713184,4149,4142,98,7,,,,,,,0,0,0,0,0.9983128464690287,0.023620149433598456,0.0016871535309713184
